hospital_name,hospital_ein,code,code_type,description,setting,billing_class,payer_name,plan_name,rate_type,rate_dollar,rate_percent,contracting_method,last_updated_on,source_file
"Frederick Health Hospital, Inc.",52-0591612,R1500,CDM,#2 FIBERSTICK,both,,,,gross,118.48,,,3/17/2025,52-0591612_FrederickHealthHospital_standardcharges.csv
"Frederick Health Hospital, Inc.",52-0591612,R1500,CDM,#2 FIBERSTICK,both,,,,discounted_cash,116.11,,,3/17/2025,52-0591612_FrederickHealthHospital_standardcharges.csv
"Frederick Health Hospital, Inc.",52-0591612,R1500,CDM,#2 FIBERSTICK,both,,,,min,116.11,,,3/17/2025,52-0591612_FrederickHealthHospital_standardcharges.csv
"Frederick Health Hospital, Inc.",52-0591612,R1500,CDM,#2 FIBERSTICK,both,,,,max,118.48,,,3/17/2025,52-0591612_FrederickHealthHospital_standardcharges.csv
"Frederick Health Hospital, Inc.",52-0591612,R1500,CDM,#2 FIBERSTICK,both,,All Payers,All Plans,estimated,118.48,,other,3/17/2025,52-0591612_FrederickHealthHospital_standardcharges.csv
"Frederick Health Hospital, Inc.",52-0591612,00494,CDM,.035-150 GLIDEWIRE,both,,,,gross,111.91,,,3/17/2025,52-0591612_FrederickHealthHospital_standardcharges.csv
"Frederick Health Hospital, Inc.",52-0591612,00494,CDM,.035-150 GLIDEWIRE,both,,,,discounted_cash,109.67,,,3/17/2025,52-0591612_FrederickHealthHospital_standardcharges.csv
"Frederick Health Hospital, Inc.",52-0591612,00494,CDM,.035-150 GLIDEWIRE,both,,,,min,109.67,,,3/17/2025,52-0591612_FrederickHealthHospital_standardcharges.csv
"Frederick Health Hospital, Inc.",52-0591612,00494,CDM,.035-150 GLIDEWIRE,both,,,,max,111.91,,,3/17/2025,52-0591612_FrederickHealthHospital_standardcharges.csv
"Frederick Health Hospital, Inc.",52-0591612,00494,CDM,.035-150 GLIDEWIRE,both,,All Payers,All Plans,estimated,111.91,,other,3/17/2025,52-0591612_FrederickHealthHospital_standardcharges.csv
"Frederick Health Hospital, Inc.",52-0591612,C1769,HCPCS,.035-150 GLIDEWIRE,both,,,,gross,111.91,,,3/17/2025,52-0591612_FrederickHealthHospital_standardcharges.csv
"Frederick Health Hospital, Inc.",52-0591612,C1769,HCPCS,.035-150 GLIDEWIRE,both,,,,discounted_cash,109.67,,,3/17/2025,52-0591612_FrederickHealthHospital_standardcharges.csv
"Frederick Health Hospital, Inc.",52-0591612,C1769,HCPCS,.035-150 GLIDEWIRE,both,,,,min,109.67,,,3/17/2025,52-0591612_FrederickHealthHospital_standardcharges.csv
"Frederick Health Hospital, Inc.",52-0591612,C1769,HCPCS,.035-150 GLIDEWIRE,both,,,,max,111.91,,,3/17/2025,52-0591612_FrederickHealthHospital_standardcharges.csv
"Frederick Health Hospital, Inc.",52-0591612,C1769,HCPCS,.035-150 GLIDEWIRE,both,,All Payers,All Plans,estimated,111.91,,other,3/17/2025,52-0591612_FrederickHealthHospital_standardcharges.csv
"Frederick Health Hospital, Inc.",52-0591612,00504,CDM,014 USCI STEERABLE GUIDEWIRE,both,,,,gross,84.85,,,3/17/2025,52-0591612_FrederickHealthHospital_standardcharges.csv
"Frederick Health Hospital, Inc.",52-0591612,00504,CDM,014 USCI STEERABLE GUIDEWIRE,both,,,,discounted_cash,83.15,,,3/17/2025,52-0591612_FrederickHealthHospital_standardcharges.csv
"Frederick Health Hospital, Inc.",52-0591612,00504,CDM,014 USCI STEERABLE GUIDEWIRE,both,,,,min,83.15,,,3/17/2025,52-0591612_FrederickHealthHospital_standardcharges.csv
"Frederick Health Hospital, Inc.",52-0591612,00504,CDM,014 USCI STEERABLE GUIDEWIRE,both,,,,max,84.85,,,3/17/2025,52-0591612_FrederickHealthHospital_standardcharges.csv
"Frederick Health Hospital, Inc.",52-0591612,00504,CDM,014 USCI STEERABLE GUIDEWIRE,both,,All Payers,All Plans,estimated,84.85,,other,3/17/2025,52-0591612_FrederickHealthHospital_standardcharges.csv
"Frederick Health Hospital, Inc.",52-0591612,C1769,HCPCS,014 USCI STEERABLE GUIDEWIRE,both,,,,gross,84.85,,,3/17/2025,52-0591612_FrederickHealthHospital_standardcharges.csv
"Frederick Health Hospital, Inc.",52-0591612,C1769,HCPCS,014 USCI STEERABLE GUIDEWIRE,both,,,,discounted_cash,83.15,,,3/17/2025,52-0591612_FrederickHealthHospital_standardcharges.csv
"Frederick Health Hospital, Inc.",52-0591612,C1769,HCPCS,014 USCI STEERABLE GUIDEWIRE,both,,,,min,83.15,,,3/17/2025,52-0591612_FrederickHealthHospital_standardcharges.csv
"Frederick Health Hospital, Inc.",52-0591612,C1769,HCPCS,014 USCI STEERABLE GUIDEWIRE,both,,,,max,84.85,,,3/17/2025,52-0591612_FrederickHealthHospital_standardcharges.csv
"Frederick Health Hospital, Inc.",52-0591612,C1769,HCPCS,014 USCI STEERABLE GUIDEWIRE,both,,All Payers,All Plans,estimated,84.85,,other,3/17/2025,52-0591612_FrederickHealthHospital_standardcharges.csv
"Frederick Health Hospital, Inc.",52-0591612,00503,CDM,016 USCI STEERABLE GUIDEWIRE,both,,,,gross,69.43,,,3/17/2025,52-0591612_FrederickHealthHospital_standardcharges.csv
"Frederick Health Hospital, Inc.",52-0591612,00503,CDM,016 USCI STEERABLE GUIDEWIRE,both,,,,discounted_cash,68.04,,,3/17/2025,52-0591612_FrederickHealthHospital_standardcharges.csv
"Frederick Health Hospital, Inc.",52-0591612,00503,CDM,016 USCI STEERABLE GUIDEWIRE,both,,,,min,68.04,,,3/17/2025,52-0591612_FrederickHealthHospital_standardcharges.csv
"Frederick Health Hospital, Inc.",52-0591612,00503,CDM,016 USCI STEERABLE GUIDEWIRE,both,,,,max,69.43,,,3/17/2025,52-0591612_FrederickHealthHospital_standardcharges.csv
"Frederick Health Hospital, Inc.",52-0591612,00503,CDM,016 USCI STEERABLE GUIDEWIRE,both,,All Payers,All Plans,estimated,69.43,,other,3/17/2025,52-0591612_FrederickHealthHospital_standardcharges.csv
"Frederick Health Hospital, Inc.",52-0591612,C1769,HCPCS,016 USCI STEERABLE GUIDEWIRE,both,,,,gross,69.43,,,3/17/2025,52-0591612_FrederickHealthHospital_standardcharges.csv
"Frederick Health Hospital, Inc.",52-0591612,C1769,HCPCS,016 USCI STEERABLE GUIDEWIRE,both,,,,discounted_cash,68.04,,,3/17/2025,52-0591612_FrederickHealthHospital_standardcharges.csv
"Frederick Health Hospital, Inc.",52-0591612,C1769,HCPCS,016 USCI STEERABLE GUIDEWIRE,both,,,,min,68.04,,,3/17/2025,52-0591612_FrederickHealthHospital_standardcharges.csv
"Frederick Health Hospital, Inc.",52-0591612,C1769,HCPCS,016 USCI STEERABLE GUIDEWIRE,both,,,,max,69.43,,,3/17/2025,52-0591612_FrederickHealthHospital_standardcharges.csv
"Frederick Health Hospital, Inc.",52-0591612,C1769,HCPCS,016 USCI STEERABLE GUIDEWIRE,both,,All Payers,All Plans,estimated,69.43,,other,3/17/2025,52-0591612_FrederickHealthHospital_standardcharges.csv
"Frederick Health Hospital, Inc.",52-0591612,82810,CPT,02 SATURATION,both,,,,gross,63.35,,,3/17/2025,52-0591612_FrederickHealthHospital_standardcharges.csv
"Frederick Health Hospital, Inc.",52-0591612,82810,CPT,02 SATURATION,both,,,,discounted_cash,62.08,,,3/17/2025,52-0591612_FrederickHealthHospital_standardcharges.csv
"Frederick Health Hospital, Inc.",52-0591612,82810,CPT,02 SATURATION,both,,,,min,62.08,,,3/17/2025,52-0591612_FrederickHealthHospital_standardcharges.csv
"Frederick Health Hospital, Inc.",52-0591612,82810,CPT,02 SATURATION,both,,,,max,63.35,,,3/17/2025,52-0591612_FrederickHealthHospital_standardcharges.csv
"Frederick Health Hospital, Inc.",52-0591612,82810,CPT,02 SATURATION,both,,All Payers,All Plans,estimated,63.35,,other,3/17/2025,52-0591612_FrederickHealthHospital_standardcharges.csv
"Frederick Health Hospital, Inc.",52-0591612,97227,CDM,02 SATURATION,both,,,,gross,63.35,,,3/17/2025,52-0591612_FrederickHealthHospital_standardcharges.csv
"Frederick Health Hospital, Inc.",52-0591612,97227,CDM,02 SATURATION,both,,,,discounted_cash,62.08,,,3/17/2025,52-0591612_FrederickHealthHospital_standardcharges.csv
"Frederick Health Hospital, Inc.",52-0591612,97227,CDM,02 SATURATION,both,,,,min,62.08,,,3/17/2025,52-0591612_FrederickHealthHospital_standardcharges.csv
"Frederick Health Hospital, Inc.",52-0591612,97227,CDM,02 SATURATION,both,,,,max,63.35,,,3/17/2025,52-0591612_FrederickHealthHospital_standardcharges.csv
"Frederick Health Hospital, Inc.",52-0591612,97227,CDM,02 SATURATION,both,,All Payers,All Plans,estimated,63.35,,other,3/17/2025,52-0591612_FrederickHealthHospital_standardcharges.csv
"Frederick Health Hospital, Inc.",52-0591612,00496,CDM,035-180 SUPER STIFF GUIDEWIR,both,,,,gross,147.05,,,3/17/2025,52-0591612_FrederickHealthHospital_standardcharges.csv
"Frederick Health Hospital, Inc.",52-0591612,00496,CDM,035-180 SUPER STIFF GUIDEWIR,both,,,,discounted_cash,144.11,,,3/17/2025,52-0591612_FrederickHealthHospital_standardcharges.csv
"Frederick Health Hospital, Inc.",52-0591612,00496,CDM,035-180 SUPER STIFF GUIDEWIR,both,,,,min,144.11,,,3/17/2025,52-0591612_FrederickHealthHospital_standardcharges.csv
"Frederick Health Hospital, Inc.",52-0591612,00496,CDM,035-180 SUPER STIFF GUIDEWIR,both,,,,max,147.05,,,3/17/2025,52-0591612_FrederickHealthHospital_standardcharges.csv
"Frederick Health Hospital, Inc.",52-0591612,00496,CDM,035-180 SUPER STIFF GUIDEWIR,both,,All Payers,All Plans,estimated,147.05,,other,3/17/2025,52-0591612_FrederickHealthHospital_standardcharges.csv
"Frederick Health Hospital, Inc.",52-0591612,C1769,HCPCS,035-180 SUPER STIFF GUIDEWIR,both,,,,gross,147.05,,,3/17/2025,52-0591612_FrederickHealthHospital_standardcharges.csv
"Frederick Health Hospital, Inc.",52-0591612,C1769,HCPCS,035-180 SUPER STIFF GUIDEWIR,both,,,,discounted_cash,144.11,,,3/17/2025,52-0591612_FrederickHealthHospital_standardcharges.csv
"Frederick Health Hospital, Inc.",52-0591612,C1769,HCPCS,035-180 SUPER STIFF GUIDEWIR,both,,,,min,144.11,,,3/17/2025,52-0591612_FrederickHealthHospital_standardcharges.csv
"Frederick Health Hospital, Inc.",52-0591612,C1769,HCPCS,035-180 SUPER STIFF GUIDEWIR,both,,,,max,147.05,,,3/17/2025,52-0591612_FrederickHealthHospital_standardcharges.csv
"Frederick Health Hospital, Inc.",52-0591612,C1769,HCPCS,035-180 SUPER STIFF GUIDEWIR,both,,All Payers,All Plans,estimated,147.05,,other,3/17/2025,52-0591612_FrederickHealthHospital_standardcharges.csv
"Frederick Health Hospital, Inc.",52-0591612,00495,CDM,038-145 USCI GUIDEWIRE,both,,,,gross,39.52,,,3/17/2025,52-0591612_FrederickHealthHospital_standardcharges.csv
"Frederick Health Hospital, Inc.",52-0591612,00495,CDM,038-145 USCI GUIDEWIRE,both,,,,discounted_cash,38.73,,,3/17/2025,52-0591612_FrederickHealthHospital_standardcharges.csv
"Frederick Health Hospital, Inc.",52-0591612,00495,CDM,038-145 USCI GUIDEWIRE,both,,,,min,38.73,,,3/17/2025,52-0591612_FrederickHealthHospital_standardcharges.csv
"Frederick Health Hospital, Inc.",52-0591612,00495,CDM,038-145 USCI GUIDEWIRE,both,,,,max,39.52,,,3/17/2025,52-0591612_FrederickHealthHospital_standardcharges.csv
"Frederick Health Hospital, Inc.",52-0591612,00495,CDM,038-145 USCI GUIDEWIRE,both,,All Payers,All Plans,estimated,39.52,,other,3/17/2025,52-0591612_FrederickHealthHospital_standardcharges.csv
"Frederick Health Hospital, Inc.",52-0591612,C1769,HCPCS,038-145 USCI GUIDEWIRE,both,,,,gross,39.52,,,3/17/2025,52-0591612_FrederickHealthHospital_standardcharges.csv
"Frederick Health Hospital, Inc.",52-0591612,C1769,HCPCS,038-145 USCI GUIDEWIRE,both,,,,discounted_cash,38.73,,,3/17/2025,52-0591612_FrederickHealthHospital_standardcharges.csv
"Frederick Health Hospital, Inc.",52-0591612,C1769,HCPCS,038-145 USCI GUIDEWIRE,both,,,,min,38.73,,,3/17/2025,52-0591612_FrederickHealthHospital_standardcharges.csv
"Frederick Health Hospital, Inc.",52-0591612,C1769,HCPCS,038-145 USCI GUIDEWIRE,both,,,,max,39.52,,,3/17/2025,52-0591612_FrederickHealthHospital_standardcharges.csv
"Frederick Health Hospital, Inc.",52-0591612,C1769,HCPCS,038-145 USCI GUIDEWIRE,both,,All Payers,All Plans,estimated,39.52,,other,3/17/2025,52-0591612_FrederickHealthHospital_standardcharges.csv
"Frederick Health Hospital, Inc.",52-0591612,77402,CPT,1 TX AREA 11-19MV - SIMPLE,both,,,,gross,280.66,,,3/17/2025,52-0591612_FrederickHealthHospital_standardcharges.csv
"Frederick Health Hospital, Inc.",52-0591612,77402,CPT,1 TX AREA 11-19MV - SIMPLE,both,,,,discounted_cash,275.05,,,3/17/2025,52-0591612_FrederickHealthHospital_standardcharges.csv
"Frederick Health Hospital, Inc.",52-0591612,77402,CPT,1 TX AREA 11-19MV - SIMPLE,both,,,,min,275.05,,,3/17/2025,52-0591612_FrederickHealthHospital_standardcharges.csv
"Frederick Health Hospital, Inc.",52-0591612,77402,CPT,1 TX AREA 11-19MV - SIMPLE,both,,,,max,280.66,,,3/17/2025,52-0591612_FrederickHealthHospital_standardcharges.csv
"Frederick Health Hospital, Inc.",52-0591612,77402,CPT,1 TX AREA 11-19MV - SIMPLE,both,,All Payers,All Plans,estimated,280.66,,other,3/17/2025,52-0591612_FrederickHealthHospital_standardcharges.csv
"Frederick Health Hospital, Inc.",52-0591612,G6005,HCPCS,1 TX AREA 11-19MV - SIMPLE,both,,,,gross,280.66,,,3/17/2025,52-0591612_FrederickHealthHospital_standardcharges.csv
"Frederick Health Hospital, Inc.",52-0591612,G6005,HCPCS,1 TX AREA 11-19MV - SIMPLE,both,,,,discounted_cash,275.05,,,3/17/2025,52-0591612_FrederickHealthHospital_standardcharges.csv
"Frederick Health Hospital, Inc.",52-0591612,G6005,HCPCS,1 TX AREA 11-19MV - SIMPLE,both,,,,min,275.05,,,3/17/2025,52-0591612_FrederickHealthHospital_standardcharges.csv
"Frederick Health Hospital, Inc.",52-0591612,G6005,HCPCS,1 TX AREA 11-19MV - SIMPLE,both,,,,max,280.66,,,3/17/2025,52-0591612_FrederickHealthHospital_standardcharges.csv
"Frederick Health Hospital, Inc.",52-0591612,G6005,HCPCS,1 TX AREA 11-19MV - SIMPLE,both,,All Payers,All Plans,estimated,280.66,,other,3/17/2025,52-0591612_FrederickHealthHospital_standardcharges.csv
"Frederick Health Hospital, Inc.",52-0591612,RCTC13,CDM,1 TX AREA 11-19MV - SIMPLE,both,,,,gross,280.66,,,3/17/2025,52-0591612_FrederickHealthHospital_standardcharges.csv
"Frederick Health Hospital, Inc.",52-0591612,RCTC13,CDM,1 TX AREA 11-19MV - SIMPLE,both,,,,discounted_cash,275.05,,,3/17/2025,52-0591612_FrederickHealthHospital_standardcharges.csv
"Frederick Health Hospital, Inc.",52-0591612,RCTC13,CDM,1 TX AREA 11-19MV - SIMPLE,both,,,,min,275.05,,,3/17/2025,52-0591612_FrederickHealthHospital_standardcharges.csv
"Frederick Health Hospital, Inc.",52-0591612,RCTC13,CDM,1 TX AREA 11-19MV - SIMPLE,both,,,,max,280.66,,,3/17/2025,52-0591612_FrederickHealthHospital_standardcharges.csv
"Frederick Health Hospital, Inc.",52-0591612,RCTC13,CDM,1 TX AREA 11-19MV - SIMPLE,both,,All Payers,All Plans,estimated,280.66,,other,3/17/2025,52-0591612_FrederickHealthHospital_standardcharges.csv
"Frederick Health Hospital, Inc.",52-0591612,77402,CPT,1 TX AREA 6-10MV - SIMPLE,both,,,,gross,280.66,,,3/17/2025,52-0591612_FrederickHealthHospital_standardcharges.csv
"Frederick Health Hospital, Inc.",52-0591612,77402,CPT,1 TX AREA 6-10MV - SIMPLE,both,,,,discounted_cash,275.05,,,3/17/2025,52-0591612_FrederickHealthHospital_standardcharges.csv
"Frederick Health Hospital, Inc.",52-0591612,77402,CPT,1 TX AREA 6-10MV - SIMPLE,both,,,,min,275.05,,,3/17/2025,52-0591612_FrederickHealthHospital_standardcharges.csv
"Frederick Health Hospital, Inc.",52-0591612,77402,CPT,1 TX AREA 6-10MV - SIMPLE,both,,,,max,280.66,,,3/17/2025,52-0591612_FrederickHealthHospital_standardcharges.csv
"Frederick Health Hospital, Inc.",52-0591612,77402,CPT,1 TX AREA 6-10MV - SIMPLE,both,,All Payers,All Plans,estimated,280.66,,other,3/17/2025,52-0591612_FrederickHealthHospital_standardcharges.csv
"Frederick Health Hospital, Inc.",52-0591612,G6004,HCPCS,1 TX AREA 6-10MV - SIMPLE,both,,,,gross,280.66,,,3/17/2025,52-0591612_FrederickHealthHospital_standardcharges.csv
"Frederick Health Hospital, Inc.",52-0591612,G6004,HCPCS,1 TX AREA 6-10MV - SIMPLE,both,,,,discounted_cash,275.05,,,3/17/2025,52-0591612_FrederickHealthHospital_standardcharges.csv
"Frederick Health Hospital, Inc.",52-0591612,G6004,HCPCS,1 TX AREA 6-10MV - SIMPLE,both,,,,min,275.05,,,3/17/2025,52-0591612_FrederickHealthHospital_standardcharges.csv
"Frederick Health Hospital, Inc.",52-0591612,G6004,HCPCS,1 TX AREA 6-10MV - SIMPLE,both,,,,max,280.66,,,3/17/2025,52-0591612_FrederickHealthHospital_standardcharges.csv
"Frederick Health Hospital, Inc.",52-0591612,G6004,HCPCS,1 TX AREA 6-10MV - SIMPLE,both,,All Payers,All Plans,estimated,280.66,,other,3/17/2025,52-0591612_FrederickHealthHospital_standardcharges.csv
"Frederick Health Hospital, Inc.",52-0591612,RCTC10,CDM,1 TX AREA 6-10MV - SIMPLE,both,,,,gross,280.66,,,3/17/2025,52-0591612_FrederickHealthHospital_standardcharges.csv
"Frederick Health Hospital, Inc.",52-0591612,RCTC10,CDM,1 TX AREA 6-10MV - SIMPLE,both,,,,discounted_cash,275.05,,,3/17/2025,52-0591612_FrederickHealthHospital_standardcharges.csv
"Frederick Health Hospital, Inc.",52-0591612,RCTC10,CDM,1 TX AREA 6-10MV - SIMPLE,both,,,,min,275.05,,,3/17/2025,52-0591612_FrederickHealthHospital_standardcharges.csv
"Frederick Health Hospital, Inc.",52-0591612,RCTC10,CDM,1 TX AREA 6-10MV - SIMPLE,both,,,,max,280.66,,,3/17/2025,52-0591612_FrederickHealthHospital_standardcharges.csv
"Frederick Health Hospital, Inc.",52-0591612,RCTC10,CDM,1 TX AREA 6-10MV - SIMPLE,both,,All Payers,All Plans,estimated,280.66,,other,3/17/2025,52-0591612_FrederickHealthHospital_standardcharges.csv
"Frederick Health Hospital, Inc.",52-0591612,15138,CDM,1-123 NAI SOD IODIDE PER 1 mCi,both,,,,gross,1192.22,,,3/17/2025,52-0591612_FrederickHealthHospital_standardcharges.csv
"Frederick Health Hospital, Inc.",52-0591612,15138,CDM,1-123 NAI SOD IODIDE PER 1 mCi,both,,,,discounted_cash,1168.38,,,3/17/2025,52-0591612_FrederickHealthHospital_standardcharges.csv
"Frederick Health Hospital, Inc.",52-0591612,15138,CDM,1-123 NAI SOD IODIDE PER 1 mCi,both,,,,min,1168.38,,,3/17/2025,52-0591612_FrederickHealthHospital_standardcharges.csv
"Frederick Health Hospital, Inc.",52-0591612,15138,CDM,1-123 NAI SOD IODIDE PER 1 mCi,both,,,,max,1192.22,,,3/17/2025,52-0591612_FrederickHealthHospital_standardcharges.csv
"Frederick Health Hospital, Inc.",52-0591612,15138,CDM,1-123 NAI SOD IODIDE PER 1 mCi,both,,All Payers,All Plans,estimated,1192.22,,other,3/17/2025,52-0591612_FrederickHealthHospital_standardcharges.csv
"Frederick Health Hospital, Inc.",52-0591612,A9509,HCPCS,1-123 NAI SOD IODIDE PER 1 mCi,both,,,,gross,1192.22,,,3/17/2025,52-0591612_FrederickHealthHospital_standardcharges.csv
"Frederick Health Hospital, Inc.",52-0591612,A9509,HCPCS,1-123 NAI SOD IODIDE PER 1 mCi,both,,,,discounted_cash,1168.38,,,3/17/2025,52-0591612_FrederickHealthHospital_standardcharges.csv
"Frederick Health Hospital, Inc.",52-0591612,A9509,HCPCS,1-123 NAI SOD IODIDE PER 1 mCi,both,,,,min,1168.38,,,3/17/2025,52-0591612_FrederickHealthHospital_standardcharges.csv
"Frederick Health Hospital, Inc.",52-0591612,A9509,HCPCS,1-123 NAI SOD IODIDE PER 1 mCi,both,,,,max,1192.22,,,3/17/2025,52-0591612_FrederickHealthHospital_standardcharges.csv
"Frederick Health Hospital, Inc.",52-0591612,A9509,HCPCS,1-123 NAI SOD IODIDE PER 1 mCi,both,,All Payers,All Plans,estimated,1192.22,,other,3/17/2025,52-0591612_FrederickHealthHospital_standardcharges.csv
"Frederick Health Hospital, Inc.",52-0591612,R2353,CDM,1.0 DBIT 4MM J-LATCH 44.5MM,both,,,,gross,379.2,,,3/17/2025,52-0591612_FrederickHealthHospital_standardcharges.csv
"Frederick Health Hospital, Inc.",52-0591612,R2353,CDM,1.0 DBIT 4MM J-LATCH 44.5MM,both,,,,discounted_cash,371.62,,,3/17/2025,52-0591612_FrederickHealthHospital_standardcharges.csv
"Frederick Health Hospital, Inc.",52-0591612,R2353,CDM,1.0 DBIT 4MM J-LATCH 44.5MM,both,,,,min,371.62,,,3/17/2025,52-0591612_FrederickHealthHospital_standardcharges.csv
"Frederick Health Hospital, Inc.",52-0591612,R2353,CDM,1.0 DBIT 4MM J-LATCH 44.5MM,both,,,,max,379.2,,,3/17/2025,52-0591612_FrederickHealthHospital_standardcharges.csv
"Frederick Health Hospital, Inc.",52-0591612,R2353,CDM,1.0 DBIT 4MM J-LATCH 44.5MM,both,,All Payers,All Plans,estimated,379.2,,other,3/17/2025,52-0591612_FrederickHealthHospital_standardcharges.csv
"Frederick Health Hospital, Inc.",52-0591612,R2354,CDM,1.0 DBIT 6MM J-LATCH 44.5MM,both,,,,gross,379.2,,,3/17/2025,52-0591612_FrederickHealthHospital_standardcharges.csv
"Frederick Health Hospital, Inc.",52-0591612,R2354,CDM,1.0 DBIT 6MM J-LATCH 44.5MM,both,,,,discounted_cash,371.62,,,3/17/2025,52-0591612_FrederickHealthHospital_standardcharges.csv
"Frederick Health Hospital, Inc.",52-0591612,R2354,CDM,1.0 DBIT 6MM J-LATCH 44.5MM,both,,,,min,371.62,,,3/17/2025,52-0591612_FrederickHealthHospital_standardcharges.csv
"Frederick Health Hospital, Inc.",52-0591612,R2354,CDM,1.0 DBIT 6MM J-LATCH 44.5MM,both,,,,max,379.2,,,3/17/2025,52-0591612_FrederickHealthHospital_standardcharges.csv
"Frederick Health Hospital, Inc.",52-0591612,R2354,CDM,1.0 DBIT 6MM J-LATCH 44.5MM,both,,All Payers,All Plans,estimated,379.2,,other,3/17/2025,52-0591612_FrederickHealthHospital_standardcharges.csv
"Frederick Health Hospital, Inc.",52-0591612,P1852,CDM,1.4MM GUIDE WIRE 150MM,both,,,,gross,209.51,,,3/17/2025,52-0591612_FrederickHealthHospital_standardcharges.csv
"Frederick Health Hospital, Inc.",52-0591612,P1852,CDM,1.4MM GUIDE WIRE 150MM,both,,,,discounted_cash,205.32,,,3/17/2025,52-0591612_FrederickHealthHospital_standardcharges.csv
"Frederick Health Hospital, Inc.",52-0591612,P1852,CDM,1.4MM GUIDE WIRE 150MM,both,,,,min,205.32,,,3/17/2025,52-0591612_FrederickHealthHospital_standardcharges.csv
"Frederick Health Hospital, Inc.",52-0591612,P1852,CDM,1.4MM GUIDE WIRE 150MM,both,,,,max,209.51,,,3/17/2025,52-0591612_FrederickHealthHospital_standardcharges.csv
"Frederick Health Hospital, Inc.",52-0591612,P1852,CDM,1.4MM GUIDE WIRE 150MM,both,,All Payers,All Plans,estimated,209.51,,other,3/17/2025,52-0591612_FrederickHealthHospital_standardcharges.csv
"Frederick Health Hospital, Inc.",52-0591612,C1713,HCPCS,1.6 KWIRE,both,,,,gross,86.76,,,3/17/2025,52-0591612_FrederickHealthHospital_standardcharges.csv
"Frederick Health Hospital, Inc.",52-0591612,C1713,HCPCS,1.6 KWIRE,both,,,,discounted_cash,85.02,,,3/17/2025,52-0591612_FrederickHealthHospital_standardcharges.csv
"Frederick Health Hospital, Inc.",52-0591612,C1713,HCPCS,1.6 KWIRE,both,,,,min,85.02,,,3/17/2025,52-0591612_FrederickHealthHospital_standardcharges.csv
"Frederick Health Hospital, Inc.",52-0591612,C1713,HCPCS,1.6 KWIRE,both,,,,max,86.76,,,3/17/2025,52-0591612_FrederickHealthHospital_standardcharges.csv
"Frederick Health Hospital, Inc.",52-0591612,C1713,HCPCS,1.6 KWIRE,both,,All Payers,All Plans,estimated,86.76,,other,3/17/2025,52-0591612_FrederickHealthHospital_standardcharges.csv
"Frederick Health Hospital, Inc.",52-0591612,R2734,CDM,1.6 KWIRE,both,,,,gross,86.76,,,3/17/2025,52-0591612_FrederickHealthHospital_standardcharges.csv
"Frederick Health Hospital, Inc.",52-0591612,R2734,CDM,1.6 KWIRE,both,,,,discounted_cash,85.02,,,3/17/2025,52-0591612_FrederickHealthHospital_standardcharges.csv
"Frederick Health Hospital, Inc.",52-0591612,R2734,CDM,1.6 KWIRE,both,,,,min,85.02,,,3/17/2025,52-0591612_FrederickHealthHospital_standardcharges.csv
"Frederick Health Hospital, Inc.",52-0591612,R2734,CDM,1.6 KWIRE,both,,,,max,86.76,,,3/17/2025,52-0591612_FrederickHealthHospital_standardcharges.csv
"Frederick Health Hospital, Inc.",52-0591612,R2734,CDM,1.6 KWIRE,both,,All Payers,All Plans,estimated,86.76,,other,3/17/2025,52-0591612_FrederickHealthHospital_standardcharges.csv
"Frederick Health Hospital, Inc.",52-0591612,C1713,HCPCS,1.6X150MM K-WIRE 2/TROCAR,both,,,,gross,173.52,,,3/17/2025,52-0591612_FrederickHealthHospital_standardcharges.csv
"Frederick Health Hospital, Inc.",52-0591612,C1713,HCPCS,1.6X150MM K-WIRE 2/TROCAR,both,,,,discounted_cash,170.05,,,3/17/2025,52-0591612_FrederickHealthHospital_standardcharges.csv
"Frederick Health Hospital, Inc.",52-0591612,C1713,HCPCS,1.6X150MM K-WIRE 2/TROCAR,both,,,,min,170.05,,,3/17/2025,52-0591612_FrederickHealthHospital_standardcharges.csv
"Frederick Health Hospital, Inc.",52-0591612,C1713,HCPCS,1.6X150MM K-WIRE 2/TROCAR,both,,,,max,173.52,,,3/17/2025,52-0591612_FrederickHealthHospital_standardcharges.csv
"Frederick Health Hospital, Inc.",52-0591612,C1713,HCPCS,1.6X150MM K-WIRE 2/TROCAR,both,,All Payers,All Plans,estimated,173.52,,other,3/17/2025,52-0591612_FrederickHealthHospital_standardcharges.csv
"Frederick Health Hospital, Inc.",52-0591612,R1489,CDM,1.6X150MM K-WIRE 2/TROCAR,both,,,,gross,173.52,,,3/17/2025,52-0591612_FrederickHealthHospital_standardcharges.csv
"Frederick Health Hospital, Inc.",52-0591612,R1489,CDM,1.6X150MM K-WIRE 2/TROCAR,both,,,,discounted_cash,170.05,,,3/17/2025,52-0591612_FrederickHealthHospital_standardcharges.csv
"Frederick Health Hospital, Inc.",52-0591612,R1489,CDM,1.6X150MM K-WIRE 2/TROCAR,both,,,,min,170.05,,,3/17/2025,52-0591612_FrederickHealthHospital_standardcharges.csv
"Frederick Health Hospital, Inc.",52-0591612,R1489,CDM,1.6X150MM K-WIRE 2/TROCAR,both,,,,max,173.52,,,3/17/2025,52-0591612_FrederickHealthHospital_standardcharges.csv
"Frederick Health Hospital, Inc.",52-0591612,R1489,CDM,1.6X150MM K-WIRE 2/TROCAR,both,,All Payers,All Plans,estimated,173.52,,other,3/17/2025,52-0591612_FrederickHealthHospital_standardcharges.csv
"Frederick Health Hospital, Inc.",52-0591612,C1713,HCPCS,1/3 TUBULAR PLATE 4H,both,,,,gross,550.05,,,3/17/2025,52-0591612_FrederickHealthHospital_standardcharges.csv
"Frederick Health Hospital, Inc.",52-0591612,C1713,HCPCS,1/3 TUBULAR PLATE 4H,both,,,,discounted_cash,539.05,,,3/17/2025,52-0591612_FrederickHealthHospital_standardcharges.csv
"Frederick Health Hospital, Inc.",52-0591612,C1713,HCPCS,1/3 TUBULAR PLATE 4H,both,,,,min,539.05,,,3/17/2025,52-0591612_FrederickHealthHospital_standardcharges.csv
"Frederick Health Hospital, Inc.",52-0591612,C1713,HCPCS,1/3 TUBULAR PLATE 4H,both,,,,max,550.05,,,3/17/2025,52-0591612_FrederickHealthHospital_standardcharges.csv
"Frederick Health Hospital, Inc.",52-0591612,C1713,HCPCS,1/3 TUBULAR PLATE 4H,both,,All Payers,All Plans,estimated,550.05,,other,3/17/2025,52-0591612_FrederickHealthHospital_standardcharges.csv
"Frederick Health Hospital, Inc.",52-0591612,P2164,CDM,1/3 TUBULAR PLATE 4H,both,,,,gross,550.05,,,3/17/2025,52-0591612_FrederickHealthHospital_standardcharges.csv
"Frederick Health Hospital, Inc.",52-0591612,P2164,CDM,1/3 TUBULAR PLATE 4H,both,,,,discounted_cash,539.05,,,3/17/2025,52-0591612_FrederickHealthHospital_standardcharges.csv
"Frederick Health Hospital, Inc.",52-0591612,P2164,CDM,1/3 TUBULAR PLATE 4H,both,,,,min,539.05,,,3/17/2025,52-0591612_FrederickHealthHospital_standardcharges.csv
"Frederick Health Hospital, Inc.",52-0591612,P2164,CDM,1/3 TUBULAR PLATE 4H,both,,,,max,550.05,,,3/17/2025,52-0591612_FrederickHealthHospital_standardcharges.csv
"Frederick Health Hospital, Inc.",52-0591612,P2164,CDM,1/3 TUBULAR PLATE 4H,both,,All Payers,All Plans,estimated,550.05,,other,3/17/2025,52-0591612_FrederickHealthHospital_standardcharges.csv
"Frederick Health Hospital, Inc.",52-0591612,00457,CDM,10.2 COPE NEPHROSTOMY STENT,both,,,,gross,424.19,,,3/17/2025,52-0591612_FrederickHealthHospital_standardcharges.csv
"Frederick Health Hospital, Inc.",52-0591612,00457,CDM,10.2 COPE NEPHROSTOMY STENT,both,,,,discounted_cash,415.71,,,3/17/2025,52-0591612_FrederickHealthHospital_standardcharges.csv
"Frederick Health Hospital, Inc.",52-0591612,00457,CDM,10.2 COPE NEPHROSTOMY STENT,both,,,,min,415.71,,,3/17/2025,52-0591612_FrederickHealthHospital_standardcharges.csv
"Frederick Health Hospital, Inc.",52-0591612,00457,CDM,10.2 COPE NEPHROSTOMY STENT,both,,,,max,424.19,,,3/17/2025,52-0591612_FrederickHealthHospital_standardcharges.csv
"Frederick Health Hospital, Inc.",52-0591612,00457,CDM,10.2 COPE NEPHROSTOMY STENT,both,,All Payers,All Plans,estimated,424.19,,other,3/17/2025,52-0591612_FrederickHealthHospital_standardcharges.csv
"Frederick Health Hospital, Inc.",52-0591612,C2625,HCPCS,10.2 COPE NEPHROSTOMY STENT,both,,,,gross,424.19,,,3/17/2025,52-0591612_FrederickHealthHospital_standardcharges.csv
"Frederick Health Hospital, Inc.",52-0591612,C2625,HCPCS,10.2 COPE NEPHROSTOMY STENT,both,,,,discounted_cash,415.71,,,3/17/2025,52-0591612_FrederickHealthHospital_standardcharges.csv
"Frederick Health Hospital, Inc.",52-0591612,C2625,HCPCS,10.2 COPE NEPHROSTOMY STENT,both,,,,min,415.71,,,3/17/2025,52-0591612_FrederickHealthHospital_standardcharges.csv
"Frederick Health Hospital, Inc.",52-0591612,C2625,HCPCS,10.2 COPE NEPHROSTOMY STENT,both,,,,max,424.19,,,3/17/2025,52-0591612_FrederickHealthHospital_standardcharges.csv
"Frederick Health Hospital, Inc.",52-0591612,C2625,HCPCS,10.2 COPE NEPHROSTOMY STENT,both,,All Payers,All Plans,estimated,424.19,,other,3/17/2025,52-0591612_FrederickHealthHospital_standardcharges.csv
"Frederick Health Hospital, Inc.",52-0591612,00548,CDM,10F VAN SONNENBERG SUMP CATH,both,,,,gross,282.69,,,3/17/2025,52-0591612_FrederickHealthHospital_standardcharges.csv
"Frederick Health Hospital, Inc.",52-0591612,00548,CDM,10F VAN SONNENBERG SUMP CATH,both,,,,discounted_cash,277.04,,,3/17/2025,52-0591612_FrederickHealthHospital_standardcharges.csv
"Frederick Health Hospital, Inc.",52-0591612,00548,CDM,10F VAN SONNENBERG SUMP CATH,both,,,,min,277.04,,,3/17/2025,52-0591612_FrederickHealthHospital_standardcharges.csv
"Frederick Health Hospital, Inc.",52-0591612,00548,CDM,10F VAN SONNENBERG SUMP CATH,both,,,,max,282.69,,,3/17/2025,52-0591612_FrederickHealthHospital_standardcharges.csv
"Frederick Health Hospital, Inc.",52-0591612,00548,CDM,10F VAN SONNENBERG SUMP CATH,both,,All Payers,All Plans,estimated,282.69,,other,3/17/2025,52-0591612_FrederickHealthHospital_standardcharges.csv
"Frederick Health Hospital, Inc.",52-0591612,C1729,HCPCS,10F VAN SONNENBERG SUMP CATH,both,,,,gross,282.69,,,3/17/2025,52-0591612_FrederickHealthHospital_standardcharges.csv
"Frederick Health Hospital, Inc.",52-0591612,C1729,HCPCS,10F VAN SONNENBERG SUMP CATH,both,,,,discounted_cash,277.04,,,3/17/2025,52-0591612_FrederickHealthHospital_standardcharges.csv
"Frederick Health Hospital, Inc.",52-0591612,C1729,HCPCS,10F VAN SONNENBERG SUMP CATH,both,,,,min,277.04,,,3/17/2025,52-0591612_FrederickHealthHospital_standardcharges.csv
"Frederick Health Hospital, Inc.",52-0591612,C1729,HCPCS,10F VAN SONNENBERG SUMP CATH,both,,,,max,282.69,,,3/17/2025,52-0591612_FrederickHealthHospital_standardcharges.csv
"Frederick Health Hospital, Inc.",52-0591612,C1729,HCPCS,10F VAN SONNENBERG SUMP CATH,both,,All Payers,All Plans,estimated,282.69,,other,3/17/2025,52-0591612_FrederickHealthHospital_standardcharges.csv
"Frederick Health Hospital, Inc.",52-0591612,A4554,CDM,12/14 FEM HEAD 10.5X28MM,both,,,,gross,1094.82,,,3/17/2025,52-0591612_FrederickHealthHospital_standardcharges.csv
"Frederick Health Hospital, Inc.",52-0591612,A4554,CDM,12/14 FEM HEAD 10.5X28MM,both,,,,discounted_cash,1072.92,,,3/17/2025,52-0591612_FrederickHealthHospital_standardcharges.csv
"Frederick Health Hospital, Inc.",52-0591612,A4554,CDM,12/14 FEM HEAD 10.5X28MM,both,,,,min,1072.92,,,3/17/2025,52-0591612_FrederickHealthHospital_standardcharges.csv
"Frederick Health Hospital, Inc.",52-0591612,A4554,CDM,12/14 FEM HEAD 10.5X28MM,both,,,,max,1094.82,,,3/17/2025,52-0591612_FrederickHealthHospital_standardcharges.csv
"Frederick Health Hospital, Inc.",52-0591612,A4554,CDM,12/14 FEM HEAD 10.5X28MM,both,,All Payers,All Plans,estimated,1094.82,,other,3/17/2025,52-0591612_FrederickHealthHospital_standardcharges.csv
"Frederick Health Hospital, Inc.",52-0591612,C1776,HCPCS,12/14 FEM HEAD 10.5X28MM,both,,,,gross,1094.82,,,3/17/2025,52-0591612_FrederickHealthHospital_standardcharges.csv
"Frederick Health Hospital, Inc.",52-0591612,C1776,HCPCS,12/14 FEM HEAD 10.5X28MM,both,,,,discounted_cash,1072.92,,,3/17/2025,52-0591612_FrederickHealthHospital_standardcharges.csv
"Frederick Health Hospital, Inc.",52-0591612,C1776,HCPCS,12/14 FEM HEAD 10.5X28MM,both,,,,min,1072.92,,,3/17/2025,52-0591612_FrederickHealthHospital_standardcharges.csv
"Frederick Health Hospital, Inc.",52-0591612,C1776,HCPCS,12/14 FEM HEAD 10.5X28MM,both,,,,max,1094.82,,,3/17/2025,52-0591612_FrederickHealthHospital_standardcharges.csv
"Frederick Health Hospital, Inc.",52-0591612,C1776,HCPCS,12/14 FEM HEAD 10.5X28MM,both,,All Payers,All Plans,estimated,1094.82,,other,3/17/2025,52-0591612_FrederickHealthHospital_standardcharges.csv
"Frederick Health Hospital, Inc.",52-0591612,00549,CDM,12F VAN SONNENBERG SUMP CATH,both,,,,gross,385.3,,,3/17/2025,52-0591612_FrederickHealthHospital_standardcharges.csv
"Frederick Health Hospital, Inc.",52-0591612,00549,CDM,12F VAN SONNENBERG SUMP CATH,both,,,,discounted_cash,377.59,,,3/17/2025,52-0591612_FrederickHealthHospital_standardcharges.csv
"Frederick Health Hospital, Inc.",52-0591612,00549,CDM,12F VAN SONNENBERG SUMP CATH,both,,,,min,377.59,,,3/17/2025,52-0591612_FrederickHealthHospital_standardcharges.csv
"Frederick Health Hospital, Inc.",52-0591612,00549,CDM,12F VAN SONNENBERG SUMP CATH,both,,,,max,385.3,,,3/17/2025,52-0591612_FrederickHealthHospital_standardcharges.csv
"Frederick Health Hospital, Inc.",52-0591612,00549,CDM,12F VAN SONNENBERG SUMP CATH,both,,All Payers,All Plans,estimated,385.3,,other,3/17/2025,52-0591612_FrederickHealthHospital_standardcharges.csv
"Frederick Health Hospital, Inc.",52-0591612,C1729,HCPCS,12F VAN SONNENBERG SUMP CATH,both,,,,gross,385.3,,,3/17/2025,52-0591612_FrederickHealthHospital_standardcharges.csv
"Frederick Health Hospital, Inc.",52-0591612,C1729,HCPCS,12F VAN SONNENBERG SUMP CATH,both,,,,discounted_cash,377.59,,,3/17/2025,52-0591612_FrederickHealthHospital_standardcharges.csv
"Frederick Health Hospital, Inc.",52-0591612,C1729,HCPCS,12F VAN SONNENBERG SUMP CATH,both,,,,min,377.59,,,3/17/2025,52-0591612_FrederickHealthHospital_standardcharges.csv
"Frederick Health Hospital, Inc.",52-0591612,C1729,HCPCS,12F VAN SONNENBERG SUMP CATH,both,,,,max,385.3,,,3/17/2025,52-0591612_FrederickHealthHospital_standardcharges.csv
"Frederick Health Hospital, Inc.",52-0591612,C1729,HCPCS,12F VAN SONNENBERG SUMP CATH,both,,All Payers,All Plans,estimated,385.3,,other,3/17/2025,52-0591612_FrederickHealthHospital_standardcharges.csv
"Frederick Health Hospital, Inc.",52-0591612,00550,CDM,14FR VAN SONNENBERG SUMP CAT,both,,,,gross,397.19,,,3/17/2025,52-0591612_FrederickHealthHospital_standardcharges.csv
"Frederick Health Hospital, Inc.",52-0591612,00550,CDM,14FR VAN SONNENBERG SUMP CAT,both,,,,discounted_cash,389.25,,,3/17/2025,52-0591612_FrederickHealthHospital_standardcharges.csv
"Frederick Health Hospital, Inc.",52-0591612,00550,CDM,14FR VAN SONNENBERG SUMP CAT,both,,,,min,389.25,,,3/17/2025,52-0591612_FrederickHealthHospital_standardcharges.csv
"Frederick Health Hospital, Inc.",52-0591612,00550,CDM,14FR VAN SONNENBERG SUMP CAT,both,,,,max,397.19,,,3/17/2025,52-0591612_FrederickHealthHospital_standardcharges.csv
"Frederick Health Hospital, Inc.",52-0591612,00550,CDM,14FR VAN SONNENBERG SUMP CAT,both,,All Payers,All Plans,estimated,397.19,,other,3/17/2025,52-0591612_FrederickHealthHospital_standardcharges.csv
"Frederick Health Hospital, Inc.",52-0591612,C1729,HCPCS,14FR VAN SONNENBERG SUMP CAT,both,,,,gross,397.19,,,3/17/2025,52-0591612_FrederickHealthHospital_standardcharges.csv
"Frederick Health Hospital, Inc.",52-0591612,C1729,HCPCS,14FR VAN SONNENBERG SUMP CAT,both,,,,discounted_cash,389.25,,,3/17/2025,52-0591612_FrederickHealthHospital_standardcharges.csv
"Frederick Health Hospital, Inc.",52-0591612,C1729,HCPCS,14FR VAN SONNENBERG SUMP CAT,both,,,,min,389.25,,,3/17/2025,52-0591612_FrederickHealthHospital_standardcharges.csv
"Frederick Health Hospital, Inc.",52-0591612,C1729,HCPCS,14FR VAN SONNENBERG SUMP CAT,both,,,,max,397.19,,,3/17/2025,52-0591612_FrederickHealthHospital_standardcharges.csv
"Frederick Health Hospital, Inc.",52-0591612,C1729,HCPCS,14FR VAN SONNENBERG SUMP CAT,both,,All Payers,All Plans,estimated,397.19,,other,3/17/2025,52-0591612_FrederickHealthHospital_standardcharges.csv
"Frederick Health Hospital, Inc.",52-0591612,83491,CPT,17-HYDROXYCORTICO STEROIDS,both,,,,gross,61.31,,,3/17/2025,52-0591612_FrederickHealthHospital_standardcharges.csv
"Frederick Health Hospital, Inc.",52-0591612,83491,CPT,17-HYDROXYCORTICO STEROIDS,both,,,,discounted_cash,60.08,,,3/17/2025,52-0591612_FrederickHealthHospital_standardcharges.csv
"Frederick Health Hospital, Inc.",52-0591612,83491,CPT,17-HYDROXYCORTICO STEROIDS,both,,,,min,60.08,,,3/17/2025,52-0591612_FrederickHealthHospital_standardcharges.csv
"Frederick Health Hospital, Inc.",52-0591612,83491,CPT,17-HYDROXYCORTICO STEROIDS,both,,,,max,61.31,,,3/17/2025,52-0591612_FrederickHealthHospital_standardcharges.csv
"Frederick Health Hospital, Inc.",52-0591612,83491,CPT,17-HYDROXYCORTICO STEROIDS,both,,All Payers,All Plans,estimated,61.31,,other,3/17/2025,52-0591612_FrederickHealthHospital_standardcharges.csv
"Frederick Health Hospital, Inc.",52-0591612,90215,CDM,17-HYDROXYCORTICO STEROIDS,both,,,,gross,61.31,,,3/17/2025,52-0591612_FrederickHealthHospital_standardcharges.csv
"Frederick Health Hospital, Inc.",52-0591612,90215,CDM,17-HYDROXYCORTICO STEROIDS,both,,,,discounted_cash,60.08,,,3/17/2025,52-0591612_FrederickHealthHospital_standardcharges.csv
"Frederick Health Hospital, Inc.",52-0591612,90215,CDM,17-HYDROXYCORTICO STEROIDS,both,,,,min,60.08,,,3/17/2025,52-0591612_FrederickHealthHospital_standardcharges.csv
"Frederick Health Hospital, Inc.",52-0591612,90215,CDM,17-HYDROXYCORTICO STEROIDS,both,,,,max,61.31,,,3/17/2025,52-0591612_FrederickHealthHospital_standardcharges.csv
"Frederick Health Hospital, Inc.",52-0591612,90215,CDM,17-HYDROXYCORTICO STEROIDS,both,,All Payers,All Plans,estimated,61.31,,other,3/17/2025,52-0591612_FrederickHealthHospital_standardcharges.csv
"Frederick Health Hospital, Inc.",52-0591612,00991,CDM,18 GA MODIFIED POTTS NEEDLE,both,,,,gross,19.31,,,3/17/2025,52-0591612_FrederickHealthHospital_standardcharges.csv
"Frederick Health Hospital, Inc.",52-0591612,00991,CDM,18 GA MODIFIED POTTS NEEDLE,both,,,,discounted_cash,18.92,,,3/17/2025,52-0591612_FrederickHealthHospital_standardcharges.csv
"Frederick Health Hospital, Inc.",52-0591612,00991,CDM,18 GA MODIFIED POTTS NEEDLE,both,,,,min,18.92,,,3/17/2025,52-0591612_FrederickHealthHospital_standardcharges.csv
"Frederick Health Hospital, Inc.",52-0591612,00991,CDM,18 GA MODIFIED POTTS NEEDLE,both,,,,max,19.31,,,3/17/2025,52-0591612_FrederickHealthHospital_standardcharges.csv
"Frederick Health Hospital, Inc.",52-0591612,00991,CDM,18 GA MODIFIED POTTS NEEDLE,both,,All Payers,All Plans,estimated,19.31,,other,3/17/2025,52-0591612_FrederickHealthHospital_standardcharges.csv
"Frederick Health Hospital, Inc.",52-0591612,P0779,CDM,18 IN SPSB STER DISP CUFF PLC,both,,,,gross,48.4,,,3/17/2025,52-0591612_FrederickHealthHospital_standardcharges.csv
"Frederick Health Hospital, Inc.",52-0591612,P0779,CDM,18 IN SPSB STER DISP CUFF PLC,both,,,,discounted_cash,47.43,,,3/17/2025,52-0591612_FrederickHealthHospital_standardcharges.csv
"Frederick Health Hospital, Inc.",52-0591612,P0779,CDM,18 IN SPSB STER DISP CUFF PLC,both,,,,min,47.43,,,3/17/2025,52-0591612_FrederickHealthHospital_standardcharges.csv
"Frederick Health Hospital, Inc.",52-0591612,P0779,CDM,18 IN SPSB STER DISP CUFF PLC,both,,,,max,48.4,,,3/17/2025,52-0591612_FrederickHealthHospital_standardcharges.csv
"Frederick Health Hospital, Inc.",52-0591612,P0779,CDM,18 IN SPSB STER DISP CUFF PLC,both,,All Payers,All Plans,estimated,48.4,,other,3/17/2025,52-0591612_FrederickHealthHospital_standardcharges.csv
"Frederick Health Hospital, Inc.",52-0591612,CB086,CDM,18 PUSHABLE COIL 2X5MM,both,,,,gross,65.11,,,3/17/2025,52-0591612_FrederickHealthHospital_standardcharges.csv
"Frederick Health Hospital, Inc.",52-0591612,CB086,CDM,18 PUSHABLE COIL 2X5MM,both,,,,discounted_cash,63.81,,,3/17/2025,52-0591612_FrederickHealthHospital_standardcharges.csv
"Frederick Health Hospital, Inc.",52-0591612,CB086,CDM,18 PUSHABLE COIL 2X5MM,both,,,,min,63.81,,,3/17/2025,52-0591612_FrederickHealthHospital_standardcharges.csv
"Frederick Health Hospital, Inc.",52-0591612,CB086,CDM,18 PUSHABLE COIL 2X5MM,both,,,,max,65.11,,,3/17/2025,52-0591612_FrederickHealthHospital_standardcharges.csv
"Frederick Health Hospital, Inc.",52-0591612,CB086,CDM,18 PUSHABLE COIL 2X5MM,both,,All Payers,All Plans,estimated,65.11,,other,3/17/2025,52-0591612_FrederickHealthHospital_standardcharges.csv
"Frederick Health Hospital, Inc.",52-0591612,CB087,CDM,18 PUSHABLE COIL 3X2.5MM,both,,,,gross,78.67,,,3/17/2025,52-0591612_FrederickHealthHospital_standardcharges.csv
"Frederick Health Hospital, Inc.",52-0591612,CB087,CDM,18 PUSHABLE COIL 3X2.5MM,both,,,,discounted_cash,77.1,,,3/17/2025,52-0591612_FrederickHealthHospital_standardcharges.csv
"Frederick Health Hospital, Inc.",52-0591612,CB087,CDM,18 PUSHABLE COIL 3X2.5MM,both,,,,min,77.1,,,3/17/2025,52-0591612_FrederickHealthHospital_standardcharges.csv
"Frederick Health Hospital, Inc.",52-0591612,CB087,CDM,18 PUSHABLE COIL 3X2.5MM,both,,,,max,78.67,,,3/17/2025,52-0591612_FrederickHealthHospital_standardcharges.csv
"Frederick Health Hospital, Inc.",52-0591612,CB087,CDM,18 PUSHABLE COIL 3X2.5MM,both,,All Payers,All Plans,estimated,78.67,,other,3/17/2025,52-0591612_FrederickHealthHospital_standardcharges.csv
"Frederick Health Hospital, Inc.",52-0591612,CB088,CDM,18 PUSHABLE COIL 4X4MM,both,,,,gross,78.67,,,3/17/2025,52-0591612_FrederickHealthHospital_standardcharges.csv
"Frederick Health Hospital, Inc.",52-0591612,CB088,CDM,18 PUSHABLE COIL 4X4MM,both,,,,discounted_cash,77.1,,,3/17/2025,52-0591612_FrederickHealthHospital_standardcharges.csv
"Frederick Health Hospital, Inc.",52-0591612,CB088,CDM,18 PUSHABLE COIL 4X4MM,both,,,,min,77.1,,,3/17/2025,52-0591612_FrederickHealthHospital_standardcharges.csv
"Frederick Health Hospital, Inc.",52-0591612,CB088,CDM,18 PUSHABLE COIL 4X4MM,both,,,,max,78.67,,,3/17/2025,52-0591612_FrederickHealthHospital_standardcharges.csv
"Frederick Health Hospital, Inc.",52-0591612,CB088,CDM,18 PUSHABLE COIL 4X4MM,both,,All Payers,All Plans,estimated,78.67,,other,3/17/2025,52-0591612_FrederickHealthHospital_standardcharges.csv
"Frederick Health Hospital, Inc.",52-0591612,CB085,CDM,18 PUSHABLE COIL 5MM,both,,,,gross,38.88,,,3/17/2025,52-0591612_FrederickHealthHospital_standardcharges.csv
"Frederick Health Hospital, Inc.",52-0591612,CB085,CDM,18 PUSHABLE COIL 5MM,both,,,,discounted_cash,38.1,,,3/17/2025,52-0591612_FrederickHealthHospital_standardcharges.csv
"Frederick Health Hospital, Inc.",52-0591612,CB085,CDM,18 PUSHABLE COIL 5MM,both,,,,min,38.1,,,3/17/2025,52-0591612_FrederickHealthHospital_standardcharges.csv
"Frederick Health Hospital, Inc.",52-0591612,CB085,CDM,18 PUSHABLE COIL 5MM,both,,,,max,38.88,,,3/17/2025,52-0591612_FrederickHealthHospital_standardcharges.csv
"Frederick Health Hospital, Inc.",52-0591612,CB085,CDM,18 PUSHABLE COIL 5MM,both,,All Payers,All Plans,estimated,38.88,,other,3/17/2025,52-0591612_FrederickHealthHospital_standardcharges.csv
"Frederick Health Hospital, Inc.",52-0591612,C1750,HCPCS,19 CM HEMODIALYSIS CATHETER,both,,,,gross,479.18,,,3/17/2025,52-0591612_FrederickHealthHospital_standardcharges.csv
"Frederick Health Hospital, Inc.",52-0591612,C1750,HCPCS,19 CM HEMODIALYSIS CATHETER,both,,,,discounted_cash,469.6,,,3/17/2025,52-0591612_FrederickHealthHospital_standardcharges.csv
"Frederick Health Hospital, Inc.",52-0591612,C1750,HCPCS,19 CM HEMODIALYSIS CATHETER,both,,,,min,469.6,,,3/17/2025,52-0591612_FrederickHealthHospital_standardcharges.csv
"Frederick Health Hospital, Inc.",52-0591612,C1750,HCPCS,19 CM HEMODIALYSIS CATHETER,both,,,,max,479.18,,,3/17/2025,52-0591612_FrederickHealthHospital_standardcharges.csv
"Frederick Health Hospital, Inc.",52-0591612,C1750,HCPCS,19 CM HEMODIALYSIS CATHETER,both,,All Payers,All Plans,estimated,479.18,,other,3/17/2025,52-0591612_FrederickHealthHospital_standardcharges.csv
"Frederick Health Hospital, Inc.",52-0591612,R1182,CDM,19 CM HEMODIALYSIS CATHETER,both,,,,gross,479.18,,,3/17/2025,52-0591612_FrederickHealthHospital_standardcharges.csv
"Frederick Health Hospital, Inc.",52-0591612,R1182,CDM,19 CM HEMODIALYSIS CATHETER,both,,,,discounted_cash,469.6,,,3/17/2025,52-0591612_FrederickHealthHospital_standardcharges.csv
"Frederick Health Hospital, Inc.",52-0591612,R1182,CDM,19 CM HEMODIALYSIS CATHETER,both,,,,min,469.6,,,3/17/2025,52-0591612_FrederickHealthHospital_standardcharges.csv
"Frederick Health Hospital, Inc.",52-0591612,R1182,CDM,19 CM HEMODIALYSIS CATHETER,both,,,,max,479.18,,,3/17/2025,52-0591612_FrederickHealthHospital_standardcharges.csv
"Frederick Health Hospital, Inc.",52-0591612,R1182,CDM,19 CM HEMODIALYSIS CATHETER,both,,All Payers,All Plans,estimated,479.18,,other,3/17/2025,52-0591612_FrederickHealthHospital_standardcharges.csv
"Frederick Health Hospital, Inc.",52-0591612,77407,CPT,2 TX AREAS 11-19MV - MULTI,both,,,,gross,385.44,,,3/17/2025,52-0591612_FrederickHealthHospital_standardcharges.csv
"Frederick Health Hospital, Inc.",52-0591612,77407,CPT,2 TX AREAS 11-19MV - MULTI,both,,,,discounted_cash,377.73,,,3/17/2025,52-0591612_FrederickHealthHospital_standardcharges.csv
"Frederick Health Hospital, Inc.",52-0591612,77407,CPT,2 TX AREAS 11-19MV - MULTI,both,,,,min,377.73,,,3/17/2025,52-0591612_FrederickHealthHospital_standardcharges.csv
"Frederick Health Hospital, Inc.",52-0591612,77407,CPT,2 TX AREAS 11-19MV - MULTI,both,,,,max,385.44,,,3/17/2025,52-0591612_FrederickHealthHospital_standardcharges.csv
"Frederick Health Hospital, Inc.",52-0591612,77407,CPT,2 TX AREAS 11-19MV - MULTI,both,,All Payers,All Plans,estimated,385.44,,other,3/17/2025,52-0591612_FrederickHealthHospital_standardcharges.csv
"Frederick Health Hospital, Inc.",52-0591612,77407,CPT,2 TX AREAS 11-19MV - MULTI,both,,,,gross,608.62,,,3/17/2025,52-0591612_FrederickHealthHospital_standardcharges.csv
"Frederick Health Hospital, Inc.",52-0591612,77407,CPT,2 TX AREAS 11-19MV - MULTI,both,,,,discounted_cash,596.45,,,3/17/2025,52-0591612_FrederickHealthHospital_standardcharges.csv
"Frederick Health Hospital, Inc.",52-0591612,77407,CPT,2 TX AREAS 11-19MV - MULTI,both,,,,min,596.45,,,3/17/2025,52-0591612_FrederickHealthHospital_standardcharges.csv
"Frederick Health Hospital, Inc.",52-0591612,77407,CPT,2 TX AREAS 11-19MV - MULTI,both,,,,max,608.62,,,3/17/2025,52-0591612_FrederickHealthHospital_standardcharges.csv
"Frederick Health Hospital, Inc.",52-0591612,77407,CPT,2 TX AREAS 11-19MV - MULTI,both,,All Payers,All Plans,estimated,608.62,,other,3/17/2025,52-0591612_FrederickHealthHospital_standardcharges.csv
"Frederick Health Hospital, Inc.",52-0591612,79021,CDM,2 TX AREAS 11-19MV - MULTI,both,,,,gross,608.62,,,3/17/2025,52-0591612_FrederickHealthHospital_standardcharges.csv
"Frederick Health Hospital, Inc.",52-0591612,79021,CDM,2 TX AREAS 11-19MV - MULTI,both,,,,discounted_cash,596.45,,,3/17/2025,52-0591612_FrederickHealthHospital_standardcharges.csv
"Frederick Health Hospital, Inc.",52-0591612,79021,CDM,2 TX AREAS 11-19MV - MULTI,both,,,,min,596.45,,,3/17/2025,52-0591612_FrederickHealthHospital_standardcharges.csv
"Frederick Health Hospital, Inc.",52-0591612,79021,CDM,2 TX AREAS 11-19MV - MULTI,both,,,,max,608.62,,,3/17/2025,52-0591612_FrederickHealthHospital_standardcharges.csv
"Frederick Health Hospital, Inc.",52-0591612,79021,CDM,2 TX AREAS 11-19MV - MULTI,both,,All Payers,All Plans,estimated,608.62,,other,3/17/2025,52-0591612_FrederickHealthHospital_standardcharges.csv
"Frederick Health Hospital, Inc.",52-0591612,G6009,HCPCS,2 TX AREAS 11-19MV - MULTI,both,,,,gross,385.44,,,3/17/2025,52-0591612_FrederickHealthHospital_standardcharges.csv
"Frederick Health Hospital, Inc.",52-0591612,G6009,HCPCS,2 TX AREAS 11-19MV - MULTI,both,,,,discounted_cash,377.73,,,3/17/2025,52-0591612_FrederickHealthHospital_standardcharges.csv
"Frederick Health Hospital, Inc.",52-0591612,G6009,HCPCS,2 TX AREAS 11-19MV - MULTI,both,,,,min,377.73,,,3/17/2025,52-0591612_FrederickHealthHospital_standardcharges.csv
"Frederick Health Hospital, Inc.",52-0591612,G6009,HCPCS,2 TX AREAS 11-19MV - MULTI,both,,,,max,385.44,,,3/17/2025,52-0591612_FrederickHealthHospital_standardcharges.csv
"Frederick Health Hospital, Inc.",52-0591612,G6009,HCPCS,2 TX AREAS 11-19MV - MULTI,both,,All Payers,All Plans,estimated,385.44,,other,3/17/2025,52-0591612_FrederickHealthHospital_standardcharges.csv
"Frederick Health Hospital, Inc.",52-0591612,G6009,HCPCS,2 TX AREAS 11-19MV - MULTI,both,,,,gross,608.62,,,3/17/2025,52-0591612_FrederickHealthHospital_standardcharges.csv
"Frederick Health Hospital, Inc.",52-0591612,G6009,HCPCS,2 TX AREAS 11-19MV - MULTI,both,,,,discounted_cash,596.45,,,3/17/2025,52-0591612_FrederickHealthHospital_standardcharges.csv
"Frederick Health Hospital, Inc.",52-0591612,G6009,HCPCS,2 TX AREAS 11-19MV - MULTI,both,,,,min,596.45,,,3/17/2025,52-0591612_FrederickHealthHospital_standardcharges.csv
"Frederick Health Hospital, Inc.",52-0591612,G6009,HCPCS,2 TX AREAS 11-19MV - MULTI,both,,,,max,608.62,,,3/17/2025,52-0591612_FrederickHealthHospital_standardcharges.csv
"Frederick Health Hospital, Inc.",52-0591612,G6009,HCPCS,2 TX AREAS 11-19MV - MULTI,both,,All Payers,All Plans,estimated,608.62,,other,3/17/2025,52-0591612_FrederickHealthHospital_standardcharges.csv
"Frederick Health Hospital, Inc.",52-0591612,RCTC14,CDM,2 TX AREAS 11-19MV - MULTI,both,,,,gross,385.44,,,3/17/2025,52-0591612_FrederickHealthHospital_standardcharges.csv
"Frederick Health Hospital, Inc.",52-0591612,RCTC14,CDM,2 TX AREAS 11-19MV - MULTI,both,,,,discounted_cash,377.73,,,3/17/2025,52-0591612_FrederickHealthHospital_standardcharges.csv
"Frederick Health Hospital, Inc.",52-0591612,RCTC14,CDM,2 TX AREAS 11-19MV - MULTI,both,,,,min,377.73,,,3/17/2025,52-0591612_FrederickHealthHospital_standardcharges.csv
"Frederick Health Hospital, Inc.",52-0591612,RCTC14,CDM,2 TX AREAS 11-19MV - MULTI,both,,,,max,385.44,,,3/17/2025,52-0591612_FrederickHealthHospital_standardcharges.csv
"Frederick Health Hospital, Inc.",52-0591612,RCTC14,CDM,2 TX AREAS 11-19MV - MULTI,both,,All Payers,All Plans,estimated,385.44,,other,3/17/2025,52-0591612_FrederickHealthHospital_standardcharges.csv
"Frederick Health Hospital, Inc.",52-0591612,77407,CPT,2 TX AREAS 6-10MV - MULTI,both,,,,gross,386.16,,,3/17/2025,52-0591612_FrederickHealthHospital_standardcharges.csv
"Frederick Health Hospital, Inc.",52-0591612,77407,CPT,2 TX AREAS 6-10MV - MULTI,both,,,,discounted_cash,378.44,,,3/17/2025,52-0591612_FrederickHealthHospital_standardcharges.csv
"Frederick Health Hospital, Inc.",52-0591612,77407,CPT,2 TX AREAS 6-10MV - MULTI,both,,,,min,378.44,,,3/17/2025,52-0591612_FrederickHealthHospital_standardcharges.csv
"Frederick Health Hospital, Inc.",52-0591612,77407,CPT,2 TX AREAS 6-10MV - MULTI,both,,,,max,386.16,,,3/17/2025,52-0591612_FrederickHealthHospital_standardcharges.csv
"Frederick Health Hospital, Inc.",52-0591612,77407,CPT,2 TX AREAS 6-10MV - MULTI,both,,All Payers,All Plans,estimated,386.16,,other,3/17/2025,52-0591612_FrederickHealthHospital_standardcharges.csv
"Frederick Health Hospital, Inc.",52-0591612,77407,CPT,2 TX AREAS 6-10MV - MULTI,both,,,,gross,608.62,,,3/17/2025,52-0591612_FrederickHealthHospital_standardcharges.csv
"Frederick Health Hospital, Inc.",52-0591612,77407,CPT,2 TX AREAS 6-10MV - MULTI,both,,,,discounted_cash,596.45,,,3/17/2025,52-0591612_FrederickHealthHospital_standardcharges.csv
"Frederick Health Hospital, Inc.",52-0591612,77407,CPT,2 TX AREAS 6-10MV - MULTI,both,,,,min,596.45,,,3/17/2025,52-0591612_FrederickHealthHospital_standardcharges.csv
"Frederick Health Hospital, Inc.",52-0591612,77407,CPT,2 TX AREAS 6-10MV - MULTI,both,,,,max,608.62,,,3/17/2025,52-0591612_FrederickHealthHospital_standardcharges.csv
"Frederick Health Hospital, Inc.",52-0591612,77407,CPT,2 TX AREAS 6-10MV - MULTI,both,,All Payers,All Plans,estimated,608.62,,other,3/17/2025,52-0591612_FrederickHealthHospital_standardcharges.csv
"Frederick Health Hospital, Inc.",52-0591612,79005,CDM,2 TX AREAS 6-10MV - MULTI,both,,,,gross,608.62,,,3/17/2025,52-0591612_FrederickHealthHospital_standardcharges.csv
"Frederick Health Hospital, Inc.",52-0591612,79005,CDM,2 TX AREAS 6-10MV - MULTI,both,,,,discounted_cash,596.45,,,3/17/2025,52-0591612_FrederickHealthHospital_standardcharges.csv
"Frederick Health Hospital, Inc.",52-0591612,79005,CDM,2 TX AREAS 6-10MV - MULTI,both,,,,min,596.45,,,3/17/2025,52-0591612_FrederickHealthHospital_standardcharges.csv
"Frederick Health Hospital, Inc.",52-0591612,79005,CDM,2 TX AREAS 6-10MV - MULTI,both,,,,max,608.62,,,3/17/2025,52-0591612_FrederickHealthHospital_standardcharges.csv
"Frederick Health Hospital, Inc.",52-0591612,79005,CDM,2 TX AREAS 6-10MV - MULTI,both,,All Payers,All Plans,estimated,608.62,,other,3/17/2025,52-0591612_FrederickHealthHospital_standardcharges.csv
"Frederick Health Hospital, Inc.",52-0591612,G6008,HCPCS,2 TX AREAS 6-10MV - MULTI,both,,,,gross,386.16,,,3/17/2025,52-0591612_FrederickHealthHospital_standardcharges.csv
"Frederick Health Hospital, Inc.",52-0591612,G6008,HCPCS,2 TX AREAS 6-10MV - MULTI,both,,,,discounted_cash,378.44,,,3/17/2025,52-0591612_FrederickHealthHospital_standardcharges.csv
"Frederick Health Hospital, Inc.",52-0591612,G6008,HCPCS,2 TX AREAS 6-10MV - MULTI,both,,,,min,378.44,,,3/17/2025,52-0591612_FrederickHealthHospital_standardcharges.csv
"Frederick Health Hospital, Inc.",52-0591612,G6008,HCPCS,2 TX AREAS 6-10MV - MULTI,both,,,,max,386.16,,,3/17/2025,52-0591612_FrederickHealthHospital_standardcharges.csv
"Frederick Health Hospital, Inc.",52-0591612,G6008,HCPCS,2 TX AREAS 6-10MV - MULTI,both,,All Payers,All Plans,estimated,386.16,,other,3/17/2025,52-0591612_FrederickHealthHospital_standardcharges.csv
"Frederick Health Hospital, Inc.",52-0591612,G6008,HCPCS,2 TX AREAS 6-10MV - MULTI,both,,,,gross,608.62,,,3/17/2025,52-0591612_FrederickHealthHospital_standardcharges.csv
"Frederick Health Hospital, Inc.",52-0591612,G6008,HCPCS,2 TX AREAS 6-10MV - MULTI,both,,,,discounted_cash,596.45,,,3/17/2025,52-0591612_FrederickHealthHospital_standardcharges.csv
"Frederick Health Hospital, Inc.",52-0591612,G6008,HCPCS,2 TX AREAS 6-10MV - MULTI,both,,,,min,596.45,,,3/17/2025,52-0591612_FrederickHealthHospital_standardcharges.csv
"Frederick Health Hospital, Inc.",52-0591612,G6008,HCPCS,2 TX AREAS 6-10MV - MULTI,both,,,,max,608.62,,,3/17/2025,52-0591612_FrederickHealthHospital_standardcharges.csv
"Frederick Health Hospital, Inc.",52-0591612,G6008,HCPCS,2 TX AREAS 6-10MV - MULTI,both,,All Payers,All Plans,estimated,608.62,,other,3/17/2025,52-0591612_FrederickHealthHospital_standardcharges.csv
"Frederick Health Hospital, Inc.",52-0591612,RCTC11,CDM,2 TX AREAS 6-10MV - MULTI,both,,,,gross,386.16,,,3/17/2025,52-0591612_FrederickHealthHospital_standardcharges.csv
"Frederick Health Hospital, Inc.",52-0591612,RCTC11,CDM,2 TX AREAS 6-10MV - MULTI,both,,,,discounted_cash,378.44,,,3/17/2025,52-0591612_FrederickHealthHospital_standardcharges.csv
"Frederick Health Hospital, Inc.",52-0591612,RCTC11,CDM,2 TX AREAS 6-10MV - MULTI,both,,,,min,378.44,,,3/17/2025,52-0591612_FrederickHealthHospital_standardcharges.csv
"Frederick Health Hospital, Inc.",52-0591612,RCTC11,CDM,2 TX AREAS 6-10MV - MULTI,both,,,,max,386.16,,,3/17/2025,52-0591612_FrederickHealthHospital_standardcharges.csv
"Frederick Health Hospital, Inc.",52-0591612,RCTC11,CDM,2 TX AREAS 6-10MV - MULTI,both,,All Payers,All Plans,estimated,386.16,,other,3/17/2025,52-0591612_FrederickHealthHospital_standardcharges.csv
"Frederick Health Hospital, Inc.",52-0591612,P1913,CDM,2.3MM DRILL BIT 16MM STERILE,both,,,,gross,394.32,,,3/17/2025,52-0591612_FrederickHealthHospital_standardcharges.csv
"Frederick Health Hospital, Inc.",52-0591612,P1913,CDM,2.3MM DRILL BIT 16MM STERILE,both,,,,discounted_cash,386.43,,,3/17/2025,52-0591612_FrederickHealthHospital_standardcharges.csv
"Frederick Health Hospital, Inc.",52-0591612,P1913,CDM,2.3MM DRILL BIT 16MM STERILE,both,,,,min,386.43,,,3/17/2025,52-0591612_FrederickHealthHospital_standardcharges.csv
"Frederick Health Hospital, Inc.",52-0591612,P1913,CDM,2.3MM DRILL BIT 16MM STERILE,both,,,,max,394.32,,,3/17/2025,52-0591612_FrederickHealthHospital_standardcharges.csv
"Frederick Health Hospital, Inc.",52-0591612,P1913,CDM,2.3MM DRILL BIT 16MM STERILE,both,,All Payers,All Plans,estimated,394.32,,other,3/17/2025,52-0591612_FrederickHealthHospital_standardcharges.csv
"Frederick Health Hospital, Inc.",52-0591612,00868,CDM,2.5 THREADED GUIDE WIRE,both,,,,gross,158.84,,,3/17/2025,52-0591612_FrederickHealthHospital_standardcharges.csv
"Frederick Health Hospital, Inc.",52-0591612,00868,CDM,2.5 THREADED GUIDE WIRE,both,,,,discounted_cash,155.66,,,3/17/2025,52-0591612_FrederickHealthHospital_standardcharges.csv
"Frederick Health Hospital, Inc.",52-0591612,00868,CDM,2.5 THREADED GUIDE WIRE,both,,,,min,155.66,,,3/17/2025,52-0591612_FrederickHealthHospital_standardcharges.csv
"Frederick Health Hospital, Inc.",52-0591612,00868,CDM,2.5 THREADED GUIDE WIRE,both,,,,max,158.84,,,3/17/2025,52-0591612_FrederickHealthHospital_standardcharges.csv
"Frederick Health Hospital, Inc.",52-0591612,00868,CDM,2.5 THREADED GUIDE WIRE,both,,All Payers,All Plans,estimated,158.84,,other,3/17/2025,52-0591612_FrederickHealthHospital_standardcharges.csv
"Frederick Health Hospital, Inc.",52-0591612,C1769,HCPCS,2.5 THREADED GUIDE WIRE,both,,,,gross,158.84,,,3/17/2025,52-0591612_FrederickHealthHospital_standardcharges.csv
"Frederick Health Hospital, Inc.",52-0591612,C1769,HCPCS,2.5 THREADED GUIDE WIRE,both,,,,discounted_cash,155.66,,,3/17/2025,52-0591612_FrederickHealthHospital_standardcharges.csv
"Frederick Health Hospital, Inc.",52-0591612,C1769,HCPCS,2.5 THREADED GUIDE WIRE,both,,,,min,155.66,,,3/17/2025,52-0591612_FrederickHealthHospital_standardcharges.csv
"Frederick Health Hospital, Inc.",52-0591612,C1769,HCPCS,2.5 THREADED GUIDE WIRE,both,,,,max,158.84,,,3/17/2025,52-0591612_FrederickHealthHospital_standardcharges.csv
"Frederick Health Hospital, Inc.",52-0591612,C1769,HCPCS,2.5 THREADED GUIDE WIRE,both,,All Payers,All Plans,estimated,158.84,,other,3/17/2025,52-0591612_FrederickHealthHospital_standardcharges.csv
"Frederick Health Hospital, Inc.",52-0591612,P1919,CDM,2.7MM CANN DRILL BIT,both,,,,gross,1243.52,,,3/17/2025,52-0591612_FrederickHealthHospital_standardcharges.csv
"Frederick Health Hospital, Inc.",52-0591612,P1919,CDM,2.7MM CANN DRILL BIT,both,,,,discounted_cash,1218.65,,,3/17/2025,52-0591612_FrederickHealthHospital_standardcharges.csv
"Frederick Health Hospital, Inc.",52-0591612,P1919,CDM,2.7MM CANN DRILL BIT,both,,,,min,1218.65,,,3/17/2025,52-0591612_FrederickHealthHospital_standardcharges.csv
"Frederick Health Hospital, Inc.",52-0591612,P1919,CDM,2.7MM CANN DRILL BIT,both,,,,max,1243.52,,,3/17/2025,52-0591612_FrederickHealthHospital_standardcharges.csv
"Frederick Health Hospital, Inc.",52-0591612,P1919,CDM,2.7MM CANN DRILL BIT,both,,All Payers,All Plans,estimated,1243.52,,other,3/17/2025,52-0591612_FrederickHealthHospital_standardcharges.csv
"Frederick Health Hospital, Inc.",52-0591612,C1713,HCPCS,2.7MM LOCK SCREW SLF TPNG 40MM,both,,,,gross,239.38,,,3/17/2025,52-0591612_FrederickHealthHospital_standardcharges.csv
"Frederick Health Hospital, Inc.",52-0591612,C1713,HCPCS,2.7MM LOCK SCREW SLF TPNG 40MM,both,,,,discounted_cash,234.59,,,3/17/2025,52-0591612_FrederickHealthHospital_standardcharges.csv
"Frederick Health Hospital, Inc.",52-0591612,C1713,HCPCS,2.7MM LOCK SCREW SLF TPNG 40MM,both,,,,min,234.59,,,3/17/2025,52-0591612_FrederickHealthHospital_standardcharges.csv
"Frederick Health Hospital, Inc.",52-0591612,C1713,HCPCS,2.7MM LOCK SCREW SLF TPNG 40MM,both,,,,max,239.38,,,3/17/2025,52-0591612_FrederickHealthHospital_standardcharges.csv
"Frederick Health Hospital, Inc.",52-0591612,C1713,HCPCS,2.7MM LOCK SCREW SLF TPNG 40MM,both,,All Payers,All Plans,estimated,239.38,,other,3/17/2025,52-0591612_FrederickHealthHospital_standardcharges.csv
"Frederick Health Hospital, Inc.",52-0591612,P1749,CDM,2.7MM LOCK SCREW SLF TPNG 40MM,both,,,,gross,239.38,,,3/17/2025,52-0591612_FrederickHealthHospital_standardcharges.csv
"Frederick Health Hospital, Inc.",52-0591612,P1749,CDM,2.7MM LOCK SCREW SLF TPNG 40MM,both,,,,discounted_cash,234.59,,,3/17/2025,52-0591612_FrederickHealthHospital_standardcharges.csv
"Frederick Health Hospital, Inc.",52-0591612,P1749,CDM,2.7MM LOCK SCREW SLF TPNG 40MM,both,,,,min,234.59,,,3/17/2025,52-0591612_FrederickHealthHospital_standardcharges.csv
"Frederick Health Hospital, Inc.",52-0591612,P1749,CDM,2.7MM LOCK SCREW SLF TPNG 40MM,both,,,,max,239.38,,,3/17/2025,52-0591612_FrederickHealthHospital_standardcharges.csv
"Frederick Health Hospital, Inc.",52-0591612,P1749,CDM,2.7MM LOCK SCREW SLF TPNG 40MM,both,,All Payers,All Plans,estimated,239.38,,other,3/17/2025,52-0591612_FrederickHealthHospital_standardcharges.csv
"Frederick Health Hospital, Inc.",52-0591612,C1713,HCPCS,2.7MM LOCK SRW SLF TPNG 44MM,both,,,,gross,239.38,,,3/17/2025,52-0591612_FrederickHealthHospital_standardcharges.csv
"Frederick Health Hospital, Inc.",52-0591612,C1713,HCPCS,2.7MM LOCK SRW SLF TPNG 44MM,both,,,,discounted_cash,234.59,,,3/17/2025,52-0591612_FrederickHealthHospital_standardcharges.csv
"Frederick Health Hospital, Inc.",52-0591612,C1713,HCPCS,2.7MM LOCK SRW SLF TPNG 44MM,both,,,,min,234.59,,,3/17/2025,52-0591612_FrederickHealthHospital_standardcharges.csv
"Frederick Health Hospital, Inc.",52-0591612,C1713,HCPCS,2.7MM LOCK SRW SLF TPNG 44MM,both,,,,max,239.38,,,3/17/2025,52-0591612_FrederickHealthHospital_standardcharges.csv
"Frederick Health Hospital, Inc.",52-0591612,C1713,HCPCS,2.7MM LOCK SRW SLF TPNG 44MM,both,,All Payers,All Plans,estimated,239.38,,other,3/17/2025,52-0591612_FrederickHealthHospital_standardcharges.csv
"Frederick Health Hospital, Inc.",52-0591612,P1750,CDM,2.7MM LOCK SRW SLF TPNG 44MM,both,,,,gross,239.38,,,3/17/2025,52-0591612_FrederickHealthHospital_standardcharges.csv
"Frederick Health Hospital, Inc.",52-0591612,P1750,CDM,2.7MM LOCK SRW SLF TPNG 44MM,both,,,,discounted_cash,234.59,,,3/17/2025,52-0591612_FrederickHealthHospital_standardcharges.csv
"Frederick Health Hospital, Inc.",52-0591612,P1750,CDM,2.7MM LOCK SRW SLF TPNG 44MM,both,,,,min,234.59,,,3/17/2025,52-0591612_FrederickHealthHospital_standardcharges.csv
"Frederick Health Hospital, Inc.",52-0591612,P1750,CDM,2.7MM LOCK SRW SLF TPNG 44MM,both,,,,max,239.38,,,3/17/2025,52-0591612_FrederickHealthHospital_standardcharges.csv
"Frederick Health Hospital, Inc.",52-0591612,P1750,CDM,2.7MM LOCK SRW SLF TPNG 44MM,both,,All Payers,All Plans,estimated,239.38,,other,3/17/2025,52-0591612_FrederickHealthHospital_standardcharges.csv
"Frederick Health Hospital, Inc.",52-0591612,C1776,HCPCS,2.7MM LOCKING MDS 10MM,both,,,,gross,393.72,,,3/17/2025,52-0591612_FrederickHealthHospital_standardcharges.csv
"Frederick Health Hospital, Inc.",52-0591612,C1776,HCPCS,2.7MM LOCKING MDS 10MM,both,,,,discounted_cash,385.85,,,3/17/2025,52-0591612_FrederickHealthHospital_standardcharges.csv
"Frederick Health Hospital, Inc.",52-0591612,C1776,HCPCS,2.7MM LOCKING MDS 10MM,both,,,,min,385.85,,,3/17/2025,52-0591612_FrederickHealthHospital_standardcharges.csv
"Frederick Health Hospital, Inc.",52-0591612,C1776,HCPCS,2.7MM LOCKING MDS 10MM,both,,,,max,393.72,,,3/17/2025,52-0591612_FrederickHealthHospital_standardcharges.csv
"Frederick Health Hospital, Inc.",52-0591612,C1776,HCPCS,2.7MM LOCKING MDS 10MM,both,,All Payers,All Plans,estimated,393.72,,other,3/17/2025,52-0591612_FrederickHealthHospital_standardcharges.csv
"Frederick Health Hospital, Inc.",52-0591612,P2093,CDM,2.7MM LOCKING MDS 10MM,both,,,,gross,393.72,,,3/17/2025,52-0591612_FrederickHealthHospital_standardcharges.csv
"Frederick Health Hospital, Inc.",52-0591612,P2093,CDM,2.7MM LOCKING MDS 10MM,both,,,,discounted_cash,385.85,,,3/17/2025,52-0591612_FrederickHealthHospital_standardcharges.csv
"Frederick Health Hospital, Inc.",52-0591612,P2093,CDM,2.7MM LOCKING MDS 10MM,both,,,,min,385.85,,,3/17/2025,52-0591612_FrederickHealthHospital_standardcharges.csv
"Frederick Health Hospital, Inc.",52-0591612,P2093,CDM,2.7MM LOCKING MDS 10MM,both,,,,max,393.72,,,3/17/2025,52-0591612_FrederickHealthHospital_standardcharges.csv
"Frederick Health Hospital, Inc.",52-0591612,P2093,CDM,2.7MM LOCKING MDS 10MM,both,,All Payers,All Plans,estimated,393.72,,other,3/17/2025,52-0591612_FrederickHealthHospital_standardcharges.csv
"Frederick Health Hospital, Inc.",52-0591612,C1776,HCPCS,2.7MM LOCKING MDS 14MM,both,,,,gross,393.72,,,3/17/2025,52-0591612_FrederickHealthHospital_standardcharges.csv
"Frederick Health Hospital, Inc.",52-0591612,C1776,HCPCS,2.7MM LOCKING MDS 14MM,both,,,,discounted_cash,385.85,,,3/17/2025,52-0591612_FrederickHealthHospital_standardcharges.csv
"Frederick Health Hospital, Inc.",52-0591612,C1776,HCPCS,2.7MM LOCKING MDS 14MM,both,,,,min,385.85,,,3/17/2025,52-0591612_FrederickHealthHospital_standardcharges.csv
"Frederick Health Hospital, Inc.",52-0591612,C1776,HCPCS,2.7MM LOCKING MDS 14MM,both,,,,max,393.72,,,3/17/2025,52-0591612_FrederickHealthHospital_standardcharges.csv
"Frederick Health Hospital, Inc.",52-0591612,C1776,HCPCS,2.7MM LOCKING MDS 14MM,both,,All Payers,All Plans,estimated,393.72,,other,3/17/2025,52-0591612_FrederickHealthHospital_standardcharges.csv
"Frederick Health Hospital, Inc.",52-0591612,P2094,CDM,2.7MM LOCKING MDS 14MM,both,,,,gross,393.72,,,3/17/2025,52-0591612_FrederickHealthHospital_standardcharges.csv
"Frederick Health Hospital, Inc.",52-0591612,P2094,CDM,2.7MM LOCKING MDS 14MM,both,,,,discounted_cash,385.85,,,3/17/2025,52-0591612_FrederickHealthHospital_standardcharges.csv
"Frederick Health Hospital, Inc.",52-0591612,P2094,CDM,2.7MM LOCKING MDS 14MM,both,,,,min,385.85,,,3/17/2025,52-0591612_FrederickHealthHospital_standardcharges.csv
"Frederick Health Hospital, Inc.",52-0591612,P2094,CDM,2.7MM LOCKING MDS 14MM,both,,,,max,393.72,,,3/17/2025,52-0591612_FrederickHealthHospital_standardcharges.csv
"Frederick Health Hospital, Inc.",52-0591612,P2094,CDM,2.7MM LOCKING MDS 14MM,both,,All Payers,All Plans,estimated,393.72,,other,3/17/2025,52-0591612_FrederickHealthHospital_standardcharges.csv
"Frederick Health Hospital, Inc.",52-0591612,C1713,HCPCS,2.7MM LOCKING SCREW 22MM,both,,,,gross,170.3,,,3/17/2025,52-0591612_FrederickHealthHospital_standardcharges.csv
"Frederick Health Hospital, Inc.",52-0591612,C1713,HCPCS,2.7MM LOCKING SCREW 22MM,both,,,,discounted_cash,166.89,,,3/17/2025,52-0591612_FrederickHealthHospital_standardcharges.csv
"Frederick Health Hospital, Inc.",52-0591612,C1713,HCPCS,2.7MM LOCKING SCREW 22MM,both,,,,min,166.89,,,3/17/2025,52-0591612_FrederickHealthHospital_standardcharges.csv
"Frederick Health Hospital, Inc.",52-0591612,C1713,HCPCS,2.7MM LOCKING SCREW 22MM,both,,,,max,170.3,,,3/17/2025,52-0591612_FrederickHealthHospital_standardcharges.csv
"Frederick Health Hospital, Inc.",52-0591612,C1713,HCPCS,2.7MM LOCKING SCREW 22MM,both,,All Payers,All Plans,estimated,170.3,,other,3/17/2025,52-0591612_FrederickHealthHospital_standardcharges.csv
"Frederick Health Hospital, Inc.",52-0591612,P1318,CDM,2.7MM LOCKING SCREW 22MM,both,,,,gross,170.3,,,3/17/2025,52-0591612_FrederickHealthHospital_standardcharges.csv
"Frederick Health Hospital, Inc.",52-0591612,P1318,CDM,2.7MM LOCKING SCREW 22MM,both,,,,discounted_cash,166.89,,,3/17/2025,52-0591612_FrederickHealthHospital_standardcharges.csv
"Frederick Health Hospital, Inc.",52-0591612,P1318,CDM,2.7MM LOCKING SCREW 22MM,both,,,,min,166.89,,,3/17/2025,52-0591612_FrederickHealthHospital_standardcharges.csv
"Frederick Health Hospital, Inc.",52-0591612,P1318,CDM,2.7MM LOCKING SCREW 22MM,both,,,,max,170.3,,,3/17/2025,52-0591612_FrederickHealthHospital_standardcharges.csv
"Frederick Health Hospital, Inc.",52-0591612,P1318,CDM,2.7MM LOCKING SCREW 22MM,both,,All Payers,All Plans,estimated,170.3,,other,3/17/2025,52-0591612_FrederickHealthHospital_standardcharges.csv
"Frederick Health Hospital, Inc.",52-0591612,P1958,CDM,2.8MM DRILL BIT QC 200MM STER,both,,,,gross,475.35,,,3/17/2025,52-0591612_FrederickHealthHospital_standardcharges.csv
"Frederick Health Hospital, Inc.",52-0591612,P1958,CDM,2.8MM DRILL BIT QC 200MM STER,both,,,,discounted_cash,465.84,,,3/17/2025,52-0591612_FrederickHealthHospital_standardcharges.csv
"Frederick Health Hospital, Inc.",52-0591612,P1958,CDM,2.8MM DRILL BIT QC 200MM STER,both,,,,min,465.84,,,3/17/2025,52-0591612_FrederickHealthHospital_standardcharges.csv
"Frederick Health Hospital, Inc.",52-0591612,P1958,CDM,2.8MM DRILL BIT QC 200MM STER,both,,,,max,475.35,,,3/17/2025,52-0591612_FrederickHealthHospital_standardcharges.csv
"Frederick Health Hospital, Inc.",52-0591612,P1958,CDM,2.8MM DRILL BIT QC 200MM STER,both,,All Payers,All Plans,estimated,475.35,,other,3/17/2025,52-0591612_FrederickHealthHospital_standardcharges.csv
"Frederick Health Hospital, Inc.",52-0591612,64371,CDM,20MM BLUNT BLADE TUBESET,both,,,,gross,1340.7,,,3/17/2025,52-0591612_FrederickHealthHospital_standardcharges.csv
"Frederick Health Hospital, Inc.",52-0591612,64371,CDM,20MM BLUNT BLADE TUBESET,both,,,,discounted_cash,1313.89,,,3/17/2025,52-0591612_FrederickHealthHospital_standardcharges.csv
"Frederick Health Hospital, Inc.",52-0591612,64371,CDM,20MM BLUNT BLADE TUBESET,both,,,,min,1313.89,,,3/17/2025,52-0591612_FrederickHealthHospital_standardcharges.csv
"Frederick Health Hospital, Inc.",52-0591612,64371,CDM,20MM BLUNT BLADE TUBESET,both,,,,max,1340.7,,,3/17/2025,52-0591612_FrederickHealthHospital_standardcharges.csv
"Frederick Health Hospital, Inc.",52-0591612,64371,CDM,20MM BLUNT BLADE TUBESET,both,,All Payers,All Plans,estimated,1340.7,,other,3/17/2025,52-0591612_FrederickHealthHospital_standardcharges.csv
"Frederick Health Hospital, Inc.",52-0591612,64374,CDM,"20MM MIS BLUNTBLDE,SHEATHTUBE",both,,,,gross,1900.05,,,3/17/2025,52-0591612_FrederickHealthHospital_standardcharges.csv
"Frederick Health Hospital, Inc.",52-0591612,64374,CDM,"20MM MIS BLUNTBLDE,SHEATHTUBE",both,,,,discounted_cash,1862.05,,,3/17/2025,52-0591612_FrederickHealthHospital_standardcharges.csv
"Frederick Health Hospital, Inc.",52-0591612,64374,CDM,"20MM MIS BLUNTBLDE,SHEATHTUBE",both,,,,min,1862.05,,,3/17/2025,52-0591612_FrederickHealthHospital_standardcharges.csv
"Frederick Health Hospital, Inc.",52-0591612,64374,CDM,"20MM MIS BLUNTBLDE,SHEATHTUBE",both,,,,max,1900.05,,,3/17/2025,52-0591612_FrederickHealthHospital_standardcharges.csv
"Frederick Health Hospital, Inc.",52-0591612,64374,CDM,"20MM MIS BLUNTBLDE,SHEATHTUBE",both,,All Payers,All Plans,estimated,1900.05,,other,3/17/2025,52-0591612_FrederickHealthHospital_standardcharges.csv
"Frederick Health Hospital, Inc.",52-0591612,63941,CDM,20X15CM PROGRIP FLAT,both,,,,gross,424.4,,,3/17/2025,52-0591612_FrederickHealthHospital_standardcharges.csv
"Frederick Health Hospital, Inc.",52-0591612,63941,CDM,20X15CM PROGRIP FLAT,both,,,,discounted_cash,415.91,,,3/17/2025,52-0591612_FrederickHealthHospital_standardcharges.csv
"Frederick Health Hospital, Inc.",52-0591612,63941,CDM,20X15CM PROGRIP FLAT,both,,,,min,415.91,,,3/17/2025,52-0591612_FrederickHealthHospital_standardcharges.csv
"Frederick Health Hospital, Inc.",52-0591612,63941,CDM,20X15CM PROGRIP FLAT,both,,,,max,424.4,,,3/17/2025,52-0591612_FrederickHealthHospital_standardcharges.csv
"Frederick Health Hospital, Inc.",52-0591612,63941,CDM,20X15CM PROGRIP FLAT,both,,All Payers,All Plans,estimated,424.4,,other,3/17/2025,52-0591612_FrederickHealthHospital_standardcharges.csv
"Frederick Health Hospital, Inc.",52-0591612,C1781,HCPCS,20X15CM PROGRIP FLAT,both,,,,gross,424.4,,,3/17/2025,52-0591612_FrederickHealthHospital_standardcharges.csv
"Frederick Health Hospital, Inc.",52-0591612,C1781,HCPCS,20X15CM PROGRIP FLAT,both,,,,discounted_cash,415.91,,,3/17/2025,52-0591612_FrederickHealthHospital_standardcharges.csv
"Frederick Health Hospital, Inc.",52-0591612,C1781,HCPCS,20X15CM PROGRIP FLAT,both,,,,min,415.91,,,3/17/2025,52-0591612_FrederickHealthHospital_standardcharges.csv
"Frederick Health Hospital, Inc.",52-0591612,C1781,HCPCS,20X15CM PROGRIP FLAT,both,,,,max,424.4,,,3/17/2025,52-0591612_FrederickHealthHospital_standardcharges.csv
"Frederick Health Hospital, Inc.",52-0591612,C1781,HCPCS,20X15CM PROGRIP FLAT,both,,All Payers,All Plans,estimated,424.4,,other,3/17/2025,52-0591612_FrederickHealthHospital_standardcharges.csv
"Frederick Health Hospital, Inc.",52-0591612,83516,CPT,21-HYDROXYLASE ANTIBODY,both,,,,gross,51.09,,,3/17/2025,52-0591612_FrederickHealthHospital_standardcharges.csv
"Frederick Health Hospital, Inc.",52-0591612,83516,CPT,21-HYDROXYLASE ANTIBODY,both,,,,discounted_cash,50.07,,,3/17/2025,52-0591612_FrederickHealthHospital_standardcharges.csv
"Frederick Health Hospital, Inc.",52-0591612,83516,CPT,21-HYDROXYLASE ANTIBODY,both,,,,min,50.07,,,3/17/2025,52-0591612_FrederickHealthHospital_standardcharges.csv
"Frederick Health Hospital, Inc.",52-0591612,83516,CPT,21-HYDROXYLASE ANTIBODY,both,,,,max,51.09,,,3/17/2025,52-0591612_FrederickHealthHospital_standardcharges.csv
"Frederick Health Hospital, Inc.",52-0591612,83516,CPT,21-HYDROXYLASE ANTIBODY,both,,All Payers,All Plans,estimated,51.09,,other,3/17/2025,52-0591612_FrederickHealthHospital_standardcharges.csv
"Frederick Health Hospital, Inc.",52-0591612,93160,CDM,21-HYDROXYLASE ANTIBODY,both,,,,gross,51.09,,,3/17/2025,52-0591612_FrederickHealthHospital_standardcharges.csv
"Frederick Health Hospital, Inc.",52-0591612,93160,CDM,21-HYDROXYLASE ANTIBODY,both,,,,discounted_cash,50.07,,,3/17/2025,52-0591612_FrederickHealthHospital_standardcharges.csv
"Frederick Health Hospital, Inc.",52-0591612,93160,CDM,21-HYDROXYLASE ANTIBODY,both,,,,min,50.07,,,3/17/2025,52-0591612_FrederickHealthHospital_standardcharges.csv
"Frederick Health Hospital, Inc.",52-0591612,93160,CDM,21-HYDROXYLASE ANTIBODY,both,,,,max,51.09,,,3/17/2025,52-0591612_FrederickHealthHospital_standardcharges.csv
"Frederick Health Hospital, Inc.",52-0591612,93160,CDM,21-HYDROXYLASE ANTIBODY,both,,All Payers,All Plans,estimated,51.09,,other,3/17/2025,52-0591612_FrederickHealthHospital_standardcharges.csv
"Frederick Health Hospital, Inc.",52-0591612,00471,CDM,22G X 4 PTC SPINAL NEEDLE,both,,,,gross,55.92,,,3/17/2025,52-0591612_FrederickHealthHospital_standardcharges.csv
"Frederick Health Hospital, Inc.",52-0591612,00471,CDM,22G X 4 PTC SPINAL NEEDLE,both,,,,discounted_cash,54.8,,,3/17/2025,52-0591612_FrederickHealthHospital_standardcharges.csv
"Frederick Health Hospital, Inc.",52-0591612,00471,CDM,22G X 4 PTC SPINAL NEEDLE,both,,,,min,54.8,,,3/17/2025,52-0591612_FrederickHealthHospital_standardcharges.csv
"Frederick Health Hospital, Inc.",52-0591612,00471,CDM,22G X 4 PTC SPINAL NEEDLE,both,,,,max,55.92,,,3/17/2025,52-0591612_FrederickHealthHospital_standardcharges.csv
"Frederick Health Hospital, Inc.",52-0591612,00471,CDM,22G X 4 PTC SPINAL NEEDLE,both,,All Payers,All Plans,estimated,55.92,,other,3/17/2025,52-0591612_FrederickHealthHospital_standardcharges.csv
"Frederick Health Hospital, Inc.",52-0591612,A4215,HCPCS,22G X 4 PTC SPINAL NEEDLE,both,,,,gross,55.92,,,3/17/2025,52-0591612_FrederickHealthHospital_standardcharges.csv
"Frederick Health Hospital, Inc.",52-0591612,A4215,HCPCS,22G X 4 PTC SPINAL NEEDLE,both,,,,discounted_cash,54.8,,,3/17/2025,52-0591612_FrederickHealthHospital_standardcharges.csv
"Frederick Health Hospital, Inc.",52-0591612,A4215,HCPCS,22G X 4 PTC SPINAL NEEDLE,both,,,,min,54.8,,,3/17/2025,52-0591612_FrederickHealthHospital_standardcharges.csv
"Frederick Health Hospital, Inc.",52-0591612,A4215,HCPCS,22G X 4 PTC SPINAL NEEDLE,both,,,,max,55.92,,,3/17/2025,52-0591612_FrederickHealthHospital_standardcharges.csv
"Frederick Health Hospital, Inc.",52-0591612,A4215,HCPCS,22G X 4 PTC SPINAL NEEDLE,both,,All Payers,All Plans,estimated,55.92,,other,3/17/2025,52-0591612_FrederickHealthHospital_standardcharges.csv
"Frederick Health Hospital, Inc.",52-0591612,00469,CDM,22G X 8 PTC SPINAL NEEDLE,both,,,,gross,57.85,,,3/17/2025,52-0591612_FrederickHealthHospital_standardcharges.csv
"Frederick Health Hospital, Inc.",52-0591612,00469,CDM,22G X 8 PTC SPINAL NEEDLE,both,,,,discounted_cash,56.69,,,3/17/2025,52-0591612_FrederickHealthHospital_standardcharges.csv
"Frederick Health Hospital, Inc.",52-0591612,00469,CDM,22G X 8 PTC SPINAL NEEDLE,both,,,,min,56.69,,,3/17/2025,52-0591612_FrederickHealthHospital_standardcharges.csv
"Frederick Health Hospital, Inc.",52-0591612,00469,CDM,22G X 8 PTC SPINAL NEEDLE,both,,,,max,57.85,,,3/17/2025,52-0591612_FrederickHealthHospital_standardcharges.csv
"Frederick Health Hospital, Inc.",52-0591612,00469,CDM,22G X 8 PTC SPINAL NEEDLE,both,,All Payers,All Plans,estimated,57.85,,other,3/17/2025,52-0591612_FrederickHealthHospital_standardcharges.csv
"Frederick Health Hospital, Inc.",52-0591612,A4215,HCPCS,22G X 8 PTC SPINAL NEEDLE,both,,,,gross,57.85,,,3/17/2025,52-0591612_FrederickHealthHospital_standardcharges.csv
"Frederick Health Hospital, Inc.",52-0591612,A4215,HCPCS,22G X 8 PTC SPINAL NEEDLE,both,,,,discounted_cash,56.69,,,3/17/2025,52-0591612_FrederickHealthHospital_standardcharges.csv
"Frederick Health Hospital, Inc.",52-0591612,A4215,HCPCS,22G X 8 PTC SPINAL NEEDLE,both,,,,min,56.69,,,3/17/2025,52-0591612_FrederickHealthHospital_standardcharges.csv
"Frederick Health Hospital, Inc.",52-0591612,A4215,HCPCS,22G X 8 PTC SPINAL NEEDLE,both,,,,max,57.85,,,3/17/2025,52-0591612_FrederickHealthHospital_standardcharges.csv
"Frederick Health Hospital, Inc.",52-0591612,A4215,HCPCS,22G X 8 PTC SPINAL NEEDLE,both,,All Payers,All Plans,estimated,57.85,,other,3/17/2025,52-0591612_FrederickHealthHospital_standardcharges.csv
"Frederick Health Hospital, Inc.",52-0591612,C1881,HCPCS,23 CM HEMODIALYSIS CATHETER,both,,,,gross,479.18,,,3/17/2025,52-0591612_FrederickHealthHospital_standardcharges.csv
"Frederick Health Hospital, Inc.",52-0591612,C1881,HCPCS,23 CM HEMODIALYSIS CATHETER,both,,,,discounted_cash,469.6,,,3/17/2025,52-0591612_FrederickHealthHospital_standardcharges.csv
"Frederick Health Hospital, Inc.",52-0591612,C1881,HCPCS,23 CM HEMODIALYSIS CATHETER,both,,,,min,469.6,,,3/17/2025,52-0591612_FrederickHealthHospital_standardcharges.csv
"Frederick Health Hospital, Inc.",52-0591612,C1881,HCPCS,23 CM HEMODIALYSIS CATHETER,both,,,,max,479.18,,,3/17/2025,52-0591612_FrederickHealthHospital_standardcharges.csv
"Frederick Health Hospital, Inc.",52-0591612,C1881,HCPCS,23 CM HEMODIALYSIS CATHETER,both,,All Payers,All Plans,estimated,479.18,,other,3/17/2025,52-0591612_FrederickHealthHospital_standardcharges.csv
"Frederick Health Hospital, Inc.",52-0591612,R1183,CDM,23 CM HEMODIALYSIS CATHETER,both,,,,gross,479.18,,,3/17/2025,52-0591612_FrederickHealthHospital_standardcharges.csv
"Frederick Health Hospital, Inc.",52-0591612,R1183,CDM,23 CM HEMODIALYSIS CATHETER,both,,,,discounted_cash,469.6,,,3/17/2025,52-0591612_FrederickHealthHospital_standardcharges.csv
"Frederick Health Hospital, Inc.",52-0591612,R1183,CDM,23 CM HEMODIALYSIS CATHETER,both,,,,min,469.6,,,3/17/2025,52-0591612_FrederickHealthHospital_standardcharges.csv
"Frederick Health Hospital, Inc.",52-0591612,R1183,CDM,23 CM HEMODIALYSIS CATHETER,both,,,,max,479.18,,,3/17/2025,52-0591612_FrederickHealthHospital_standardcharges.csv
"Frederick Health Hospital, Inc.",52-0591612,R1183,CDM,23 CM HEMODIALYSIS CATHETER,both,,All Payers,All Plans,estimated,479.18,,other,3/17/2025,52-0591612_FrederickHealthHospital_standardcharges.csv
"Frederick Health Hospital, Inc.",52-0591612,P0780,CDM,24 IN SPSB STER DISP CUFF PLC,both,,,,gross,53.62,,,3/17/2025,52-0591612_FrederickHealthHospital_standardcharges.csv
"Frederick Health Hospital, Inc.",52-0591612,P0780,CDM,24 IN SPSB STER DISP CUFF PLC,both,,,,discounted_cash,52.55,,,3/17/2025,52-0591612_FrederickHealthHospital_standardcharges.csv
"Frederick Health Hospital, Inc.",52-0591612,P0780,CDM,24 IN SPSB STER DISP CUFF PLC,both,,,,min,52.55,,,3/17/2025,52-0591612_FrederickHealthHospital_standardcharges.csv
"Frederick Health Hospital, Inc.",52-0591612,P0780,CDM,24 IN SPSB STER DISP CUFF PLC,both,,,,max,53.62,,,3/17/2025,52-0591612_FrederickHealthHospital_standardcharges.csv
"Frederick Health Hospital, Inc.",52-0591612,P0780,CDM,24 IN SPSB STER DISP CUFF PLC,both,,All Payers,All Plans,estimated,53.62,,other,3/17/2025,52-0591612_FrederickHealthHospital_standardcharges.csv
"Frederick Health Hospital, Inc.",52-0591612,00520,CDM,25-0-3 DOUBLE-TIP GUIDEWIRE,both,,,,gross,87.73,,,3/17/2025,52-0591612_FrederickHealthHospital_standardcharges.csv
"Frederick Health Hospital, Inc.",52-0591612,00520,CDM,25-0-3 DOUBLE-TIP GUIDEWIRE,both,,,,discounted_cash,85.98,,,3/17/2025,52-0591612_FrederickHealthHospital_standardcharges.csv
"Frederick Health Hospital, Inc.",52-0591612,00520,CDM,25-0-3 DOUBLE-TIP GUIDEWIRE,both,,,,min,85.98,,,3/17/2025,52-0591612_FrederickHealthHospital_standardcharges.csv
"Frederick Health Hospital, Inc.",52-0591612,00520,CDM,25-0-3 DOUBLE-TIP GUIDEWIRE,both,,,,max,87.73,,,3/17/2025,52-0591612_FrederickHealthHospital_standardcharges.csv
"Frederick Health Hospital, Inc.",52-0591612,00520,CDM,25-0-3 DOUBLE-TIP GUIDEWIRE,both,,All Payers,All Plans,estimated,87.73,,other,3/17/2025,52-0591612_FrederickHealthHospital_standardcharges.csv
"Frederick Health Hospital, Inc.",52-0591612,C1769,HCPCS,25-0-3 DOUBLE-TIP GUIDEWIRE,both,,,,gross,87.73,,,3/17/2025,52-0591612_FrederickHealthHospital_standardcharges.csv
"Frederick Health Hospital, Inc.",52-0591612,C1769,HCPCS,25-0-3 DOUBLE-TIP GUIDEWIRE,both,,,,discounted_cash,85.98,,,3/17/2025,52-0591612_FrederickHealthHospital_standardcharges.csv
"Frederick Health Hospital, Inc.",52-0591612,C1769,HCPCS,25-0-3 DOUBLE-TIP GUIDEWIRE,both,,,,min,85.98,,,3/17/2025,52-0591612_FrederickHealthHospital_standardcharges.csv
"Frederick Health Hospital, Inc.",52-0591612,C1769,HCPCS,25-0-3 DOUBLE-TIP GUIDEWIRE,both,,,,max,87.73,,,3/17/2025,52-0591612_FrederickHealthHospital_standardcharges.csv
"Frederick Health Hospital, Inc.",52-0591612,C1769,HCPCS,25-0-3 DOUBLE-TIP GUIDEWIRE,both,,All Payers,All Plans,estimated,87.73,,other,3/17/2025,52-0591612_FrederickHealthHospital_standardcharges.csv
"Frederick Health Hospital, Inc.",52-0591612,82306,CPT,25-0H VIT D TOTAL VD25,both,,,,gross,30.66,,,3/17/2025,52-0591612_FrederickHealthHospital_standardcharges.csv
"Frederick Health Hospital, Inc.",52-0591612,82306,CPT,25-0H VIT D TOTAL VD25,both,,,,discounted_cash,30.05,,,3/17/2025,52-0591612_FrederickHealthHospital_standardcharges.csv
"Frederick Health Hospital, Inc.",52-0591612,82306,CPT,25-0H VIT D TOTAL VD25,both,,,,min,30.05,,,3/17/2025,52-0591612_FrederickHealthHospital_standardcharges.csv
"Frederick Health Hospital, Inc.",52-0591612,82306,CPT,25-0H VIT D TOTAL VD25,both,,,,max,30.66,,,3/17/2025,52-0591612_FrederickHealthHospital_standardcharges.csv
"Frederick Health Hospital, Inc.",52-0591612,82306,CPT,25-0H VIT D TOTAL VD25,both,,All Payers,All Plans,estimated,30.66,,other,3/17/2025,52-0591612_FrederickHealthHospital_standardcharges.csv
"Frederick Health Hospital, Inc.",52-0591612,90482,CDM,25-0H VIT D TOTAL VD25,both,,,,gross,30.66,,,3/17/2025,52-0591612_FrederickHealthHospital_standardcharges.csv
"Frederick Health Hospital, Inc.",52-0591612,90482,CDM,25-0H VIT D TOTAL VD25,both,,,,discounted_cash,30.05,,,3/17/2025,52-0591612_FrederickHealthHospital_standardcharges.csv
"Frederick Health Hospital, Inc.",52-0591612,90482,CDM,25-0H VIT D TOTAL VD25,both,,,,min,30.05,,,3/17/2025,52-0591612_FrederickHealthHospital_standardcharges.csv
"Frederick Health Hospital, Inc.",52-0591612,90482,CDM,25-0H VIT D TOTAL VD25,both,,,,max,30.66,,,3/17/2025,52-0591612_FrederickHealthHospital_standardcharges.csv
"Frederick Health Hospital, Inc.",52-0591612,90482,CDM,25-0H VIT D TOTAL VD25,both,,All Payers,All Plans,estimated,30.66,,other,3/17/2025,52-0591612_FrederickHealthHospital_standardcharges.csv
"Frederick Health Hospital, Inc.",52-0591612,00526,CDM,25-260-3J GUIDEWIRE,both,,,,gross,63.44,,,3/17/2025,52-0591612_FrederickHealthHospital_standardcharges.csv
"Frederick Health Hospital, Inc.",52-0591612,00526,CDM,25-260-3J GUIDEWIRE,both,,,,discounted_cash,62.17,,,3/17/2025,52-0591612_FrederickHealthHospital_standardcharges.csv
"Frederick Health Hospital, Inc.",52-0591612,00526,CDM,25-260-3J GUIDEWIRE,both,,,,min,62.17,,,3/17/2025,52-0591612_FrederickHealthHospital_standardcharges.csv
"Frederick Health Hospital, Inc.",52-0591612,00526,CDM,25-260-3J GUIDEWIRE,both,,,,max,63.44,,,3/17/2025,52-0591612_FrederickHealthHospital_standardcharges.csv
"Frederick Health Hospital, Inc.",52-0591612,00526,CDM,25-260-3J GUIDEWIRE,both,,All Payers,All Plans,estimated,63.44,,other,3/17/2025,52-0591612_FrederickHealthHospital_standardcharges.csv
"Frederick Health Hospital, Inc.",52-0591612,C1769,HCPCS,25-260-3J GUIDEWIRE,both,,,,gross,63.44,,,3/17/2025,52-0591612_FrederickHealthHospital_standardcharges.csv
"Frederick Health Hospital, Inc.",52-0591612,C1769,HCPCS,25-260-3J GUIDEWIRE,both,,,,discounted_cash,62.17,,,3/17/2025,52-0591612_FrederickHealthHospital_standardcharges.csv
"Frederick Health Hospital, Inc.",52-0591612,C1769,HCPCS,25-260-3J GUIDEWIRE,both,,,,min,62.17,,,3/17/2025,52-0591612_FrederickHealthHospital_standardcharges.csv
"Frederick Health Hospital, Inc.",52-0591612,C1769,HCPCS,25-260-3J GUIDEWIRE,both,,,,max,63.44,,,3/17/2025,52-0591612_FrederickHealthHospital_standardcharges.csv
"Frederick Health Hospital, Inc.",52-0591612,C1769,HCPCS,25-260-3J GUIDEWIRE,both,,All Payers,All Plans,estimated,63.44,,other,3/17/2025,52-0591612_FrederickHealthHospital_standardcharges.csv
"Frederick Health Hospital, Inc.",52-0591612,C1750,HCPCS,28 CM HEMODIALYSIS CATHETER,both,,,,gross,888.16,,,3/17/2025,52-0591612_FrederickHealthHospital_standardcharges.csv
"Frederick Health Hospital, Inc.",52-0591612,C1750,HCPCS,28 CM HEMODIALYSIS CATHETER,both,,,,discounted_cash,870.4,,,3/17/2025,52-0591612_FrederickHealthHospital_standardcharges.csv
"Frederick Health Hospital, Inc.",52-0591612,C1750,HCPCS,28 CM HEMODIALYSIS CATHETER,both,,,,min,870.4,,,3/17/2025,52-0591612_FrederickHealthHospital_standardcharges.csv
"Frederick Health Hospital, Inc.",52-0591612,C1750,HCPCS,28 CM HEMODIALYSIS CATHETER,both,,,,max,888.16,,,3/17/2025,52-0591612_FrederickHealthHospital_standardcharges.csv
"Frederick Health Hospital, Inc.",52-0591612,C1750,HCPCS,28 CM HEMODIALYSIS CATHETER,both,,All Payers,All Plans,estimated,888.16,,other,3/17/2025,52-0591612_FrederickHealthHospital_standardcharges.csv
"Frederick Health Hospital, Inc.",52-0591612,R1184,CDM,28 CM HEMODIALYSIS CATHETER,both,,,,gross,888.16,,,3/17/2025,52-0591612_FrederickHealthHospital_standardcharges.csv
"Frederick Health Hospital, Inc.",52-0591612,R1184,CDM,28 CM HEMODIALYSIS CATHETER,both,,,,discounted_cash,870.4,,,3/17/2025,52-0591612_FrederickHealthHospital_standardcharges.csv
"Frederick Health Hospital, Inc.",52-0591612,R1184,CDM,28 CM HEMODIALYSIS CATHETER,both,,,,min,870.4,,,3/17/2025,52-0591612_FrederickHealthHospital_standardcharges.csv
"Frederick Health Hospital, Inc.",52-0591612,R1184,CDM,28 CM HEMODIALYSIS CATHETER,both,,,,max,888.16,,,3/17/2025,52-0591612_FrederickHealthHospital_standardcharges.csv
"Frederick Health Hospital, Inc.",52-0591612,R1184,CDM,28 CM HEMODIALYSIS CATHETER,both,,All Payers,All Plans,estimated,888.16,,other,3/17/2025,52-0591612_FrederickHealthHospital_standardcharges.csv
"Frederick Health Hospital, Inc.",52-0591612,93308,CPT,2D F/U / LIMITED 2D (2D ONLY),both,,,,gross,69.34,,,3/17/2025,52-0591612_FrederickHealthHospital_standardcharges.csv
"Frederick Health Hospital, Inc.",52-0591612,93308,CPT,2D F/U / LIMITED 2D (2D ONLY),both,,,,discounted_cash,67.95,,,3/17/2025,52-0591612_FrederickHealthHospital_standardcharges.csv
"Frederick Health Hospital, Inc.",52-0591612,93308,CPT,2D F/U / LIMITED 2D (2D ONLY),both,,,,min,67.95,,,3/17/2025,52-0591612_FrederickHealthHospital_standardcharges.csv
"Frederick Health Hospital, Inc.",52-0591612,93308,CPT,2D F/U / LIMITED 2D (2D ONLY),both,,,,max,69.34,,,3/17/2025,52-0591612_FrederickHealthHospital_standardcharges.csv
"Frederick Health Hospital, Inc.",52-0591612,93308,CPT,2D F/U / LIMITED 2D (2D ONLY),both,,All Payers,All Plans,estimated,69.34,,other,3/17/2025,52-0591612_FrederickHealthHospital_standardcharges.csv
"Frederick Health Hospital, Inc.",52-0591612,93351,CDM,2D F/U / LIMITED 2D (2D ONLY),both,,,,gross,69.34,,,3/17/2025,52-0591612_FrederickHealthHospital_standardcharges.csv
"Frederick Health Hospital, Inc.",52-0591612,93351,CDM,2D F/U / LIMITED 2D (2D ONLY),both,,,,discounted_cash,67.95,,,3/17/2025,52-0591612_FrederickHealthHospital_standardcharges.csv
"Frederick Health Hospital, Inc.",52-0591612,93351,CDM,2D F/U / LIMITED 2D (2D ONLY),both,,,,min,67.95,,,3/17/2025,52-0591612_FrederickHealthHospital_standardcharges.csv
"Frederick Health Hospital, Inc.",52-0591612,93351,CDM,2D F/U / LIMITED 2D (2D ONLY),both,,,,max,69.34,,,3/17/2025,52-0591612_FrederickHealthHospital_standardcharges.csv
"Frederick Health Hospital, Inc.",52-0591612,93351,CDM,2D F/U / LIMITED 2D (2D ONLY),both,,All Payers,All Plans,estimated,69.34,,other,3/17/2025,52-0591612_FrederickHealthHospital_standardcharges.csv
"Frederick Health Hospital, Inc.",52-0591612,77412,CPT,3 TX AREAS 11-19MV CUSTOM,both,,,,gross,512.5,,,3/17/2025,52-0591612_FrederickHealthHospital_standardcharges.csv
"Frederick Health Hospital, Inc.",52-0591612,77412,CPT,3 TX AREAS 11-19MV CUSTOM,both,,,,discounted_cash,502.25,,,3/17/2025,52-0591612_FrederickHealthHospital_standardcharges.csv
"Frederick Health Hospital, Inc.",52-0591612,77412,CPT,3 TX AREAS 11-19MV CUSTOM,both,,,,min,502.25,,,3/17/2025,52-0591612_FrederickHealthHospital_standardcharges.csv
"Frederick Health Hospital, Inc.",52-0591612,77412,CPT,3 TX AREAS 11-19MV CUSTOM,both,,,,max,512.5,,,3/17/2025,52-0591612_FrederickHealthHospital_standardcharges.csv
"Frederick Health Hospital, Inc.",52-0591612,77412,CPT,3 TX AREAS 11-19MV CUSTOM,both,,All Payers,All Plans,estimated,512.5,,other,3/17/2025,52-0591612_FrederickHealthHospital_standardcharges.csv
"Frederick Health Hospital, Inc.",52-0591612,77412,CPT,3 TX AREAS 11-19MV CUSTOM,both,,,,gross,650.88,,,3/17/2025,52-0591612_FrederickHealthHospital_standardcharges.csv
"Frederick Health Hospital, Inc.",52-0591612,77412,CPT,3 TX AREAS 11-19MV CUSTOM,both,,,,discounted_cash,637.86,,,3/17/2025,52-0591612_FrederickHealthHospital_standardcharges.csv
"Frederick Health Hospital, Inc.",52-0591612,77412,CPT,3 TX AREAS 11-19MV CUSTOM,both,,,,min,637.86,,,3/17/2025,52-0591612_FrederickHealthHospital_standardcharges.csv
"Frederick Health Hospital, Inc.",52-0591612,77412,CPT,3 TX AREAS 11-19MV CUSTOM,both,,,,max,650.88,,,3/17/2025,52-0591612_FrederickHealthHospital_standardcharges.csv
"Frederick Health Hospital, Inc.",52-0591612,77412,CPT,3 TX AREAS 11-19MV CUSTOM,both,,All Payers,All Plans,estimated,650.88,,other,3/17/2025,52-0591612_FrederickHealthHospital_standardcharges.csv
"Frederick Health Hospital, Inc.",52-0591612,79022,CDM,3 TX AREAS 11-19MV CUSTOM,both,,,,gross,650.88,,,3/17/2025,52-0591612_FrederickHealthHospital_standardcharges.csv
"Frederick Health Hospital, Inc.",52-0591612,79022,CDM,3 TX AREAS 11-19MV CUSTOM,both,,,,discounted_cash,637.86,,,3/17/2025,52-0591612_FrederickHealthHospital_standardcharges.csv
"Frederick Health Hospital, Inc.",52-0591612,79022,CDM,3 TX AREAS 11-19MV CUSTOM,both,,,,min,637.86,,,3/17/2025,52-0591612_FrederickHealthHospital_standardcharges.csv
"Frederick Health Hospital, Inc.",52-0591612,79022,CDM,3 TX AREAS 11-19MV CUSTOM,both,,,,max,650.88,,,3/17/2025,52-0591612_FrederickHealthHospital_standardcharges.csv
"Frederick Health Hospital, Inc.",52-0591612,79022,CDM,3 TX AREAS 11-19MV CUSTOM,both,,All Payers,All Plans,estimated,650.88,,other,3/17/2025,52-0591612_FrederickHealthHospital_standardcharges.csv
"Frederick Health Hospital, Inc.",52-0591612,G6013,HCPCS,3 TX AREAS 11-19MV CUSTOM,both,,,,gross,512.5,,,3/17/2025,52-0591612_FrederickHealthHospital_standardcharges.csv
"Frederick Health Hospital, Inc.",52-0591612,G6013,HCPCS,3 TX AREAS 11-19MV CUSTOM,both,,,,discounted_cash,502.25,,,3/17/2025,52-0591612_FrederickHealthHospital_standardcharges.csv
"Frederick Health Hospital, Inc.",52-0591612,G6013,HCPCS,3 TX AREAS 11-19MV CUSTOM,both,,,,min,502.25,,,3/17/2025,52-0591612_FrederickHealthHospital_standardcharges.csv
"Frederick Health Hospital, Inc.",52-0591612,G6013,HCPCS,3 TX AREAS 11-19MV CUSTOM,both,,,,max,512.5,,,3/17/2025,52-0591612_FrederickHealthHospital_standardcharges.csv
"Frederick Health Hospital, Inc.",52-0591612,G6013,HCPCS,3 TX AREAS 11-19MV CUSTOM,both,,All Payers,All Plans,estimated,512.5,,other,3/17/2025,52-0591612_FrederickHealthHospital_standardcharges.csv
"Frederick Health Hospital, Inc.",52-0591612,G6013,HCPCS,3 TX AREAS 11-19MV CUSTOM,both,,,,gross,650.88,,,3/17/2025,52-0591612_FrederickHealthHospital_standardcharges.csv
"Frederick Health Hospital, Inc.",52-0591612,G6013,HCPCS,3 TX AREAS 11-19MV CUSTOM,both,,,,discounted_cash,637.86,,,3/17/2025,52-0591612_FrederickHealthHospital_standardcharges.csv
"Frederick Health Hospital, Inc.",52-0591612,G6013,HCPCS,3 TX AREAS 11-19MV CUSTOM,both,,,,min,637.86,,,3/17/2025,52-0591612_FrederickHealthHospital_standardcharges.csv
"Frederick Health Hospital, Inc.",52-0591612,G6013,HCPCS,3 TX AREAS 11-19MV CUSTOM,both,,,,max,650.88,,,3/17/2025,52-0591612_FrederickHealthHospital_standardcharges.csv
"Frederick Health Hospital, Inc.",52-0591612,G6013,HCPCS,3 TX AREAS 11-19MV CUSTOM,both,,All Payers,All Plans,estimated,650.88,,other,3/17/2025,52-0591612_FrederickHealthHospital_standardcharges.csv
"Frederick Health Hospital, Inc.",52-0591612,RCTC15,CDM,3 TX AREAS 11-19MV CUSTOM,both,,,,gross,512.5,,,3/17/2025,52-0591612_FrederickHealthHospital_standardcharges.csv
"Frederick Health Hospital, Inc.",52-0591612,RCTC15,CDM,3 TX AREAS 11-19MV CUSTOM,both,,,,discounted_cash,502.25,,,3/17/2025,52-0591612_FrederickHealthHospital_standardcharges.csv
"Frederick Health Hospital, Inc.",52-0591612,RCTC15,CDM,3 TX AREAS 11-19MV CUSTOM,both,,,,min,502.25,,,3/17/2025,52-0591612_FrederickHealthHospital_standardcharges.csv
"Frederick Health Hospital, Inc.",52-0591612,RCTC15,CDM,3 TX AREAS 11-19MV CUSTOM,both,,,,max,512.5,,,3/17/2025,52-0591612_FrederickHealthHospital_standardcharges.csv
"Frederick Health Hospital, Inc.",52-0591612,RCTC15,CDM,3 TX AREAS 11-19MV CUSTOM,both,,All Payers,All Plans,estimated,512.5,,other,3/17/2025,52-0591612_FrederickHealthHospital_standardcharges.csv
"Frederick Health Hospital, Inc.",52-0591612,77412,CPT,3 TX AREAS 20 MV,both,,,,gross,509.64,,,3/17/2025,52-0591612_FrederickHealthHospital_standardcharges.csv
"Frederick Health Hospital, Inc.",52-0591612,77412,CPT,3 TX AREAS 20 MV,both,,,,discounted_cash,499.45,,,3/17/2025,52-0591612_FrederickHealthHospital_standardcharges.csv
"Frederick Health Hospital, Inc.",52-0591612,77412,CPT,3 TX AREAS 20 MV,both,,,,min,499.45,,,3/17/2025,52-0591612_FrederickHealthHospital_standardcharges.csv
"Frederick Health Hospital, Inc.",52-0591612,77412,CPT,3 TX AREAS 20 MV,both,,,,max,509.64,,,3/17/2025,52-0591612_FrederickHealthHospital_standardcharges.csv
"Frederick Health Hospital, Inc.",52-0591612,77412,CPT,3 TX AREAS 20 MV,both,,All Payers,All Plans,estimated,509.64,,other,3/17/2025,52-0591612_FrederickHealthHospital_standardcharges.csv
"Frederick Health Hospital, Inc.",52-0591612,77412,CPT,3 TX AREAS 20 MV,both,,,,gross,650.88,,,3/17/2025,52-0591612_FrederickHealthHospital_standardcharges.csv
"Frederick Health Hospital, Inc.",52-0591612,77412,CPT,3 TX AREAS 20 MV,both,,,,discounted_cash,637.86,,,3/17/2025,52-0591612_FrederickHealthHospital_standardcharges.csv
"Frederick Health Hospital, Inc.",52-0591612,77412,CPT,3 TX AREAS 20 MV,both,,,,min,637.86,,,3/17/2025,52-0591612_FrederickHealthHospital_standardcharges.csv
"Frederick Health Hospital, Inc.",52-0591612,77412,CPT,3 TX AREAS 20 MV,both,,,,max,650.88,,,3/17/2025,52-0591612_FrederickHealthHospital_standardcharges.csv
"Frederick Health Hospital, Inc.",52-0591612,77412,CPT,3 TX AREAS 20 MV,both,,All Payers,All Plans,estimated,650.88,,other,3/17/2025,52-0591612_FrederickHealthHospital_standardcharges.csv
"Frederick Health Hospital, Inc.",52-0591612,79169,CDM,3 TX AREAS 20 MV,both,,,,gross,650.88,,,3/17/2025,52-0591612_FrederickHealthHospital_standardcharges.csv
"Frederick Health Hospital, Inc.",52-0591612,79169,CDM,3 TX AREAS 20 MV,both,,,,discounted_cash,637.86,,,3/17/2025,52-0591612_FrederickHealthHospital_standardcharges.csv
"Frederick Health Hospital, Inc.",52-0591612,79169,CDM,3 TX AREAS 20 MV,both,,,,min,637.86,,,3/17/2025,52-0591612_FrederickHealthHospital_standardcharges.csv
"Frederick Health Hospital, Inc.",52-0591612,79169,CDM,3 TX AREAS 20 MV,both,,,,max,650.88,,,3/17/2025,52-0591612_FrederickHealthHospital_standardcharges.csv
"Frederick Health Hospital, Inc.",52-0591612,79169,CDM,3 TX AREAS 20 MV,both,,All Payers,All Plans,estimated,650.88,,other,3/17/2025,52-0591612_FrederickHealthHospital_standardcharges.csv
"Frederick Health Hospital, Inc.",52-0591612,G6014,HCPCS,3 TX AREAS 20 MV,both,,,,gross,509.64,,,3/17/2025,52-0591612_FrederickHealthHospital_standardcharges.csv
"Frederick Health Hospital, Inc.",52-0591612,G6014,HCPCS,3 TX AREAS 20 MV,both,,,,discounted_cash,499.45,,,3/17/2025,52-0591612_FrederickHealthHospital_standardcharges.csv
"Frederick Health Hospital, Inc.",52-0591612,G6014,HCPCS,3 TX AREAS 20 MV,both,,,,min,499.45,,,3/17/2025,52-0591612_FrederickHealthHospital_standardcharges.csv
"Frederick Health Hospital, Inc.",52-0591612,G6014,HCPCS,3 TX AREAS 20 MV,both,,,,max,509.64,,,3/17/2025,52-0591612_FrederickHealthHospital_standardcharges.csv
"Frederick Health Hospital, Inc.",52-0591612,G6014,HCPCS,3 TX AREAS 20 MV,both,,All Payers,All Plans,estimated,509.64,,other,3/17/2025,52-0591612_FrederickHealthHospital_standardcharges.csv
"Frederick Health Hospital, Inc.",52-0591612,G6014,HCPCS,3 TX AREAS 20 MV,both,,,,gross,650.88,,,3/17/2025,52-0591612_FrederickHealthHospital_standardcharges.csv
"Frederick Health Hospital, Inc.",52-0591612,G6014,HCPCS,3 TX AREAS 20 MV,both,,,,discounted_cash,637.86,,,3/17/2025,52-0591612_FrederickHealthHospital_standardcharges.csv
"Frederick Health Hospital, Inc.",52-0591612,G6014,HCPCS,3 TX AREAS 20 MV,both,,,,min,637.86,,,3/17/2025,52-0591612_FrederickHealthHospital_standardcharges.csv
"Frederick Health Hospital, Inc.",52-0591612,G6014,HCPCS,3 TX AREAS 20 MV,both,,,,max,650.88,,,3/17/2025,52-0591612_FrederickHealthHospital_standardcharges.csv
"Frederick Health Hospital, Inc.",52-0591612,G6014,HCPCS,3 TX AREAS 20 MV,both,,All Payers,All Plans,estimated,650.88,,other,3/17/2025,52-0591612_FrederickHealthHospital_standardcharges.csv
"Frederick Health Hospital, Inc.",52-0591612,RCTC29,CDM,3 TX AREAS 20 MV,both,,,,gross,509.64,,,3/17/2025,52-0591612_FrederickHealthHospital_standardcharges.csv
"Frederick Health Hospital, Inc.",52-0591612,RCTC29,CDM,3 TX AREAS 20 MV,both,,,,discounted_cash,499.45,,,3/17/2025,52-0591612_FrederickHealthHospital_standardcharges.csv
"Frederick Health Hospital, Inc.",52-0591612,RCTC29,CDM,3 TX AREAS 20 MV,both,,,,min,499.45,,,3/17/2025,52-0591612_FrederickHealthHospital_standardcharges.csv
"Frederick Health Hospital, Inc.",52-0591612,RCTC29,CDM,3 TX AREAS 20 MV,both,,,,max,509.64,,,3/17/2025,52-0591612_FrederickHealthHospital_standardcharges.csv
"Frederick Health Hospital, Inc.",52-0591612,RCTC29,CDM,3 TX AREAS 20 MV,both,,All Payers,All Plans,estimated,509.64,,other,3/17/2025,52-0591612_FrederickHealthHospital_standardcharges.csv
"Frederick Health Hospital, Inc.",52-0591612,77412,CPT,3 TX AREAS 6-10MV CUSTOM,both,,,,gross,511.08,,,3/17/2025,52-0591612_FrederickHealthHospital_standardcharges.csv
"Frederick Health Hospital, Inc.",52-0591612,77412,CPT,3 TX AREAS 6-10MV CUSTOM,both,,,,discounted_cash,500.86,,,3/17/2025,52-0591612_FrederickHealthHospital_standardcharges.csv
"Frederick Health Hospital, Inc.",52-0591612,77412,CPT,3 TX AREAS 6-10MV CUSTOM,both,,,,min,500.86,,,3/17/2025,52-0591612_FrederickHealthHospital_standardcharges.csv
"Frederick Health Hospital, Inc.",52-0591612,77412,CPT,3 TX AREAS 6-10MV CUSTOM,both,,,,max,511.08,,,3/17/2025,52-0591612_FrederickHealthHospital_standardcharges.csv
"Frederick Health Hospital, Inc.",52-0591612,77412,CPT,3 TX AREAS 6-10MV CUSTOM,both,,All Payers,All Plans,estimated,511.08,,other,3/17/2025,52-0591612_FrederickHealthHospital_standardcharges.csv
"Frederick Health Hospital, Inc.",52-0591612,77412,CPT,3 TX AREAS 6-10MV CUSTOM,both,,,,gross,650.88,,,3/17/2025,52-0591612_FrederickHealthHospital_standardcharges.csv
"Frederick Health Hospital, Inc.",52-0591612,77412,CPT,3 TX AREAS 6-10MV CUSTOM,both,,,,discounted_cash,637.86,,,3/17/2025,52-0591612_FrederickHealthHospital_standardcharges.csv
"Frederick Health Hospital, Inc.",52-0591612,77412,CPT,3 TX AREAS 6-10MV CUSTOM,both,,,,min,637.86,,,3/17/2025,52-0591612_FrederickHealthHospital_standardcharges.csv
"Frederick Health Hospital, Inc.",52-0591612,77412,CPT,3 TX AREAS 6-10MV CUSTOM,both,,,,max,650.88,,,3/17/2025,52-0591612_FrederickHealthHospital_standardcharges.csv
"Frederick Health Hospital, Inc.",52-0591612,77412,CPT,3 TX AREAS 6-10MV CUSTOM,both,,All Payers,All Plans,estimated,650.88,,other,3/17/2025,52-0591612_FrederickHealthHospital_standardcharges.csv
"Frederick Health Hospital, Inc.",52-0591612,79006,CDM,3 TX AREAS 6-10MV CUSTOM,both,,,,gross,650.88,,,3/17/2025,52-0591612_FrederickHealthHospital_standardcharges.csv
"Frederick Health Hospital, Inc.",52-0591612,79006,CDM,3 TX AREAS 6-10MV CUSTOM,both,,,,discounted_cash,637.86,,,3/17/2025,52-0591612_FrederickHealthHospital_standardcharges.csv
"Frederick Health Hospital, Inc.",52-0591612,79006,CDM,3 TX AREAS 6-10MV CUSTOM,both,,,,min,637.86,,,3/17/2025,52-0591612_FrederickHealthHospital_standardcharges.csv
"Frederick Health Hospital, Inc.",52-0591612,79006,CDM,3 TX AREAS 6-10MV CUSTOM,both,,,,max,650.88,,,3/17/2025,52-0591612_FrederickHealthHospital_standardcharges.csv
"Frederick Health Hospital, Inc.",52-0591612,79006,CDM,3 TX AREAS 6-10MV CUSTOM,both,,All Payers,All Plans,estimated,650.88,,other,3/17/2025,52-0591612_FrederickHealthHospital_standardcharges.csv
"Frederick Health Hospital, Inc.",52-0591612,G6012,HCPCS,3 TX AREAS 6-10MV CUSTOM,both,,,,gross,511.08,,,3/17/2025,52-0591612_FrederickHealthHospital_standardcharges.csv
"Frederick Health Hospital, Inc.",52-0591612,G6012,HCPCS,3 TX AREAS 6-10MV CUSTOM,both,,,,discounted_cash,500.86,,,3/17/2025,52-0591612_FrederickHealthHospital_standardcharges.csv
"Frederick Health Hospital, Inc.",52-0591612,G6012,HCPCS,3 TX AREAS 6-10MV CUSTOM,both,,,,min,500.86,,,3/17/2025,52-0591612_FrederickHealthHospital_standardcharges.csv
"Frederick Health Hospital, Inc.",52-0591612,G6012,HCPCS,3 TX AREAS 6-10MV CUSTOM,both,,,,max,511.08,,,3/17/2025,52-0591612_FrederickHealthHospital_standardcharges.csv
"Frederick Health Hospital, Inc.",52-0591612,G6012,HCPCS,3 TX AREAS 6-10MV CUSTOM,both,,All Payers,All Plans,estimated,511.08,,other,3/17/2025,52-0591612_FrederickHealthHospital_standardcharges.csv
"Frederick Health Hospital, Inc.",52-0591612,G6012,HCPCS,3 TX AREAS 6-10MV CUSTOM,both,,,,gross,650.88,,,3/17/2025,52-0591612_FrederickHealthHospital_standardcharges.csv
"Frederick Health Hospital, Inc.",52-0591612,G6012,HCPCS,3 TX AREAS 6-10MV CUSTOM,both,,,,discounted_cash,637.86,,,3/17/2025,52-0591612_FrederickHealthHospital_standardcharges.csv
"Frederick Health Hospital, Inc.",52-0591612,G6012,HCPCS,3 TX AREAS 6-10MV CUSTOM,both,,,,min,637.86,,,3/17/2025,52-0591612_FrederickHealthHospital_standardcharges.csv
"Frederick Health Hospital, Inc.",52-0591612,G6012,HCPCS,3 TX AREAS 6-10MV CUSTOM,both,,,,max,650.88,,,3/17/2025,52-0591612_FrederickHealthHospital_standardcharges.csv
"Frederick Health Hospital, Inc.",52-0591612,G6012,HCPCS,3 TX AREAS 6-10MV CUSTOM,both,,All Payers,All Plans,estimated,650.88,,other,3/17/2025,52-0591612_FrederickHealthHospital_standardcharges.csv
"Frederick Health Hospital, Inc.",52-0591612,RCTC12,CDM,3 TX AREAS 6-10MV CUSTOM,both,,,,gross,511.08,,,3/17/2025,52-0591612_FrederickHealthHospital_standardcharges.csv
"Frederick Health Hospital, Inc.",52-0591612,RCTC12,CDM,3 TX AREAS 6-10MV CUSTOM,both,,,,discounted_cash,500.86,,,3/17/2025,52-0591612_FrederickHealthHospital_standardcharges.csv
"Frederick Health Hospital, Inc.",52-0591612,RCTC12,CDM,3 TX AREAS 6-10MV CUSTOM,both,,,,min,500.86,,,3/17/2025,52-0591612_FrederickHealthHospital_standardcharges.csv
"Frederick Health Hospital, Inc.",52-0591612,RCTC12,CDM,3 TX AREAS 6-10MV CUSTOM,both,,,,max,511.08,,,3/17/2025,52-0591612_FrederickHealthHospital_standardcharges.csv
"Frederick Health Hospital, Inc.",52-0591612,RCTC12,CDM,3 TX AREAS 6-10MV CUSTOM,both,,All Payers,All Plans,estimated,511.08,,other,3/17/2025,52-0591612_FrederickHealthHospital_standardcharges.csv
"Frederick Health Hospital, Inc.",52-0591612,R2720,CDM,3.0 DRILL BIT,both,,,,gross,728.43,,,3/17/2025,52-0591612_FrederickHealthHospital_standardcharges.csv
"Frederick Health Hospital, Inc.",52-0591612,R2720,CDM,3.0 DRILL BIT,both,,,,discounted_cash,713.86,,,3/17/2025,52-0591612_FrederickHealthHospital_standardcharges.csv
"Frederick Health Hospital, Inc.",52-0591612,R2720,CDM,3.0 DRILL BIT,both,,,,min,713.86,,,3/17/2025,52-0591612_FrederickHealthHospital_standardcharges.csv
"Frederick Health Hospital, Inc.",52-0591612,R2720,CDM,3.0 DRILL BIT,both,,,,max,728.43,,,3/17/2025,52-0591612_FrederickHealthHospital_standardcharges.csv
"Frederick Health Hospital, Inc.",52-0591612,R2720,CDM,3.0 DRILL BIT,both,,All Payers,All Plans,estimated,728.43,,other,3/17/2025,52-0591612_FrederickHealthHospital_standardcharges.csv
"Frederick Health Hospital, Inc.",52-0591612,C1713,HCPCS,3.5MM LOCKING MDS 10MM,both,,,,gross,521.1,,,3/17/2025,52-0591612_FrederickHealthHospital_standardcharges.csv
"Frederick Health Hospital, Inc.",52-0591612,C1713,HCPCS,3.5MM LOCKING MDS 10MM,both,,,,discounted_cash,510.68,,,3/17/2025,52-0591612_FrederickHealthHospital_standardcharges.csv
"Frederick Health Hospital, Inc.",52-0591612,C1713,HCPCS,3.5MM LOCKING MDS 10MM,both,,,,min,510.68,,,3/17/2025,52-0591612_FrederickHealthHospital_standardcharges.csv
"Frederick Health Hospital, Inc.",52-0591612,C1713,HCPCS,3.5MM LOCKING MDS 10MM,both,,,,max,521.1,,,3/17/2025,52-0591612_FrederickHealthHospital_standardcharges.csv
"Frederick Health Hospital, Inc.",52-0591612,C1713,HCPCS,3.5MM LOCKING MDS 10MM,both,,All Payers,All Plans,estimated,521.1,,other,3/17/2025,52-0591612_FrederickHealthHospital_standardcharges.csv
"Frederick Health Hospital, Inc.",52-0591612,P2165,CDM,3.5MM LOCKING MDS 10MM,both,,,,gross,521.1,,,3/17/2025,52-0591612_FrederickHealthHospital_standardcharges.csv
"Frederick Health Hospital, Inc.",52-0591612,P2165,CDM,3.5MM LOCKING MDS 10MM,both,,,,discounted_cash,510.68,,,3/17/2025,52-0591612_FrederickHealthHospital_standardcharges.csv
"Frederick Health Hospital, Inc.",52-0591612,P2165,CDM,3.5MM LOCKING MDS 10MM,both,,,,min,510.68,,,3/17/2025,52-0591612_FrederickHealthHospital_standardcharges.csv
"Frederick Health Hospital, Inc.",52-0591612,P2165,CDM,3.5MM LOCKING MDS 10MM,both,,,,max,521.1,,,3/17/2025,52-0591612_FrederickHealthHospital_standardcharges.csv
"Frederick Health Hospital, Inc.",52-0591612,P2165,CDM,3.5MM LOCKING MDS 10MM,both,,All Payers,All Plans,estimated,521.1,,other,3/17/2025,52-0591612_FrederickHealthHospital_standardcharges.csv
"Frederick Health Hospital, Inc.",52-0591612,C1713,HCPCS,3.5MM LOCKING MDS 12MM,both,,,,gross,521.1,,,3/17/2025,52-0591612_FrederickHealthHospital_standardcharges.csv
"Frederick Health Hospital, Inc.",52-0591612,C1713,HCPCS,3.5MM LOCKING MDS 12MM,both,,,,discounted_cash,510.68,,,3/17/2025,52-0591612_FrederickHealthHospital_standardcharges.csv
"Frederick Health Hospital, Inc.",52-0591612,C1713,HCPCS,3.5MM LOCKING MDS 12MM,both,,,,min,510.68,,,3/17/2025,52-0591612_FrederickHealthHospital_standardcharges.csv
"Frederick Health Hospital, Inc.",52-0591612,C1713,HCPCS,3.5MM LOCKING MDS 12MM,both,,,,max,521.1,,,3/17/2025,52-0591612_FrederickHealthHospital_standardcharges.csv
"Frederick Health Hospital, Inc.",52-0591612,C1713,HCPCS,3.5MM LOCKING MDS 12MM,both,,All Payers,All Plans,estimated,521.1,,other,3/17/2025,52-0591612_FrederickHealthHospital_standardcharges.csv
"Frederick Health Hospital, Inc.",52-0591612,P2166,CDM,3.5MM LOCKING MDS 12MM,both,,,,gross,521.1,,,3/17/2025,52-0591612_FrederickHealthHospital_standardcharges.csv
"Frederick Health Hospital, Inc.",52-0591612,P2166,CDM,3.5MM LOCKING MDS 12MM,both,,,,discounted_cash,510.68,,,3/17/2025,52-0591612_FrederickHealthHospital_standardcharges.csv
"Frederick Health Hospital, Inc.",52-0591612,P2166,CDM,3.5MM LOCKING MDS 12MM,both,,,,min,510.68,,,3/17/2025,52-0591612_FrederickHealthHospital_standardcharges.csv
"Frederick Health Hospital, Inc.",52-0591612,P2166,CDM,3.5MM LOCKING MDS 12MM,both,,,,max,521.1,,,3/17/2025,52-0591612_FrederickHealthHospital_standardcharges.csv
"Frederick Health Hospital, Inc.",52-0591612,P2166,CDM,3.5MM LOCKING MDS 12MM,both,,All Payers,All Plans,estimated,521.1,,other,3/17/2025,52-0591612_FrederickHealthHospital_standardcharges.csv
"Frederick Health Hospital, Inc.",52-0591612,C1713,HCPCS,3.5MM TI CANN SCREW LT - 50M,both,,,,gross,605.06,,,3/17/2025,52-0591612_FrederickHealthHospital_standardcharges.csv
"Frederick Health Hospital, Inc.",52-0591612,C1713,HCPCS,3.5MM TI CANN SCREW LT - 50M,both,,,,discounted_cash,592.96,,,3/17/2025,52-0591612_FrederickHealthHospital_standardcharges.csv
"Frederick Health Hospital, Inc.",52-0591612,C1713,HCPCS,3.5MM TI CANN SCREW LT - 50M,both,,,,min,592.96,,,3/17/2025,52-0591612_FrederickHealthHospital_standardcharges.csv
"Frederick Health Hospital, Inc.",52-0591612,C1713,HCPCS,3.5MM TI CANN SCREW LT - 50M,both,,,,max,605.06,,,3/17/2025,52-0591612_FrederickHealthHospital_standardcharges.csv
"Frederick Health Hospital, Inc.",52-0591612,C1713,HCPCS,3.5MM TI CANN SCREW LT - 50M,both,,All Payers,All Plans,estimated,605.06,,other,3/17/2025,52-0591612_FrederickHealthHospital_standardcharges.csv
"Frederick Health Hospital, Inc.",52-0591612,P1917,CDM,3.5MM TI CANN SCREW LT - 50M,both,,,,gross,605.06,,,3/17/2025,52-0591612_FrederickHealthHospital_standardcharges.csv
"Frederick Health Hospital, Inc.",52-0591612,P1917,CDM,3.5MM TI CANN SCREW LT - 50M,both,,,,discounted_cash,592.96,,,3/17/2025,52-0591612_FrederickHealthHospital_standardcharges.csv
"Frederick Health Hospital, Inc.",52-0591612,P1917,CDM,3.5MM TI CANN SCREW LT - 50M,both,,,,min,592.96,,,3/17/2025,52-0591612_FrederickHealthHospital_standardcharges.csv
"Frederick Health Hospital, Inc.",52-0591612,P1917,CDM,3.5MM TI CANN SCREW LT - 50M,both,,,,max,605.06,,,3/17/2025,52-0591612_FrederickHealthHospital_standardcharges.csv
"Frederick Health Hospital, Inc.",52-0591612,P1917,CDM,3.5MM TI CANN SCREW LT - 50M,both,,All Payers,All Plans,estimated,605.06,,other,3/17/2025,52-0591612_FrederickHealthHospital_standardcharges.csv
"Frederick Health Hospital, Inc.",52-0591612,C1713,HCPCS,3.5MM ULS DUAL COM PLT 5H 66MM,both,,,,gross,447.2,,,3/17/2025,52-0591612_FrederickHealthHospital_standardcharges.csv
"Frederick Health Hospital, Inc.",52-0591612,C1713,HCPCS,3.5MM ULS DUAL COM PLT 5H 66MM,both,,,,discounted_cash,438.26,,,3/17/2025,52-0591612_FrederickHealthHospital_standardcharges.csv
"Frederick Health Hospital, Inc.",52-0591612,C1713,HCPCS,3.5MM ULS DUAL COM PLT 5H 66MM,both,,,,min,438.26,,,3/17/2025,52-0591612_FrederickHealthHospital_standardcharges.csv
"Frederick Health Hospital, Inc.",52-0591612,C1713,HCPCS,3.5MM ULS DUAL COM PLT 5H 66MM,both,,,,max,447.2,,,3/17/2025,52-0591612_FrederickHealthHospital_standardcharges.csv
"Frederick Health Hospital, Inc.",52-0591612,C1713,HCPCS,3.5MM ULS DUAL COM PLT 5H 66MM,both,,All Payers,All Plans,estimated,447.2,,other,3/17/2025,52-0591612_FrederickHealthHospital_standardcharges.csv
"Frederick Health Hospital, Inc.",52-0591612,P1901,CDM,3.5MM ULS DUAL COM PLT 5H 66MM,both,,,,gross,447.2,,,3/17/2025,52-0591612_FrederickHealthHospital_standardcharges.csv
"Frederick Health Hospital, Inc.",52-0591612,P1901,CDM,3.5MM ULS DUAL COM PLT 5H 66MM,both,,,,discounted_cash,438.26,,,3/17/2025,52-0591612_FrederickHealthHospital_standardcharges.csv
"Frederick Health Hospital, Inc.",52-0591612,P1901,CDM,3.5MM ULS DUAL COM PLT 5H 66MM,both,,,,min,438.26,,,3/17/2025,52-0591612_FrederickHealthHospital_standardcharges.csv
"Frederick Health Hospital, Inc.",52-0591612,P1901,CDM,3.5MM ULS DUAL COM PLT 5H 66MM,both,,,,max,447.2,,,3/17/2025,52-0591612_FrederickHealthHospital_standardcharges.csv
"Frederick Health Hospital, Inc.",52-0591612,P1901,CDM,3.5MM ULS DUAL COM PLT 5H 66MM,both,,All Payers,All Plans,estimated,447.2,,other,3/17/2025,52-0591612_FrederickHealthHospital_standardcharges.csv
"Frederick Health Hospital, Inc.",52-0591612,00468,CDM,30 GA TEGTMEYER LYMPHANGIE S,both,,,,gross,37.81,,,3/17/2025,52-0591612_FrederickHealthHospital_standardcharges.csv
"Frederick Health Hospital, Inc.",52-0591612,00468,CDM,30 GA TEGTMEYER LYMPHANGIE S,both,,,,discounted_cash,37.05,,,3/17/2025,52-0591612_FrederickHealthHospital_standardcharges.csv
"Frederick Health Hospital, Inc.",52-0591612,00468,CDM,30 GA TEGTMEYER LYMPHANGIE S,both,,,,min,37.05,,,3/17/2025,52-0591612_FrederickHealthHospital_standardcharges.csv
"Frederick Health Hospital, Inc.",52-0591612,00468,CDM,30 GA TEGTMEYER LYMPHANGIE S,both,,,,max,37.81,,,3/17/2025,52-0591612_FrederickHealthHospital_standardcharges.csv
"Frederick Health Hospital, Inc.",52-0591612,00468,CDM,30 GA TEGTMEYER LYMPHANGIE S,both,,All Payers,All Plans,estimated,37.81,,other,3/17/2025,52-0591612_FrederickHealthHospital_standardcharges.csv
"Frederick Health Hospital, Inc.",52-0591612,A4215,HCPCS,30 GA TEGTMEYER LYMPHANGIE S,both,,,,gross,37.81,,,3/17/2025,52-0591612_FrederickHealthHospital_standardcharges.csv
"Frederick Health Hospital, Inc.",52-0591612,A4215,HCPCS,30 GA TEGTMEYER LYMPHANGIE S,both,,,,discounted_cash,37.05,,,3/17/2025,52-0591612_FrederickHealthHospital_standardcharges.csv
"Frederick Health Hospital, Inc.",52-0591612,A4215,HCPCS,30 GA TEGTMEYER LYMPHANGIE S,both,,,,min,37.05,,,3/17/2025,52-0591612_FrederickHealthHospital_standardcharges.csv
"Frederick Health Hospital, Inc.",52-0591612,A4215,HCPCS,30 GA TEGTMEYER LYMPHANGIE S,both,,,,max,37.81,,,3/17/2025,52-0591612_FrederickHealthHospital_standardcharges.csv
"Frederick Health Hospital, Inc.",52-0591612,A4215,HCPCS,30 GA TEGTMEYER LYMPHANGIE S,both,,All Payers,All Plans,estimated,37.81,,other,3/17/2025,52-0591612_FrederickHealthHospital_standardcharges.csv
"Frederick Health Hospital, Inc.",52-0591612,C1750,HCPCS,33 CM HEMODIALYSIS CATHETER,both,,,,gross,945.16,,,3/17/2025,52-0591612_FrederickHealthHospital_standardcharges.csv
"Frederick Health Hospital, Inc.",52-0591612,C1750,HCPCS,33 CM HEMODIALYSIS CATHETER,both,,,,discounted_cash,926.26,,,3/17/2025,52-0591612_FrederickHealthHospital_standardcharges.csv
"Frederick Health Hospital, Inc.",52-0591612,C1750,HCPCS,33 CM HEMODIALYSIS CATHETER,both,,,,min,926.26,,,3/17/2025,52-0591612_FrederickHealthHospital_standardcharges.csv
"Frederick Health Hospital, Inc.",52-0591612,C1750,HCPCS,33 CM HEMODIALYSIS CATHETER,both,,,,max,945.16,,,3/17/2025,52-0591612_FrederickHealthHospital_standardcharges.csv
"Frederick Health Hospital, Inc.",52-0591612,C1750,HCPCS,33 CM HEMODIALYSIS CATHETER,both,,All Payers,All Plans,estimated,945.16,,other,3/17/2025,52-0591612_FrederickHealthHospital_standardcharges.csv
"Frederick Health Hospital, Inc.",52-0591612,R1185,CDM,33 CM HEMODIALYSIS CATHETER,both,,,,gross,945.16,,,3/17/2025,52-0591612_FrederickHealthHospital_standardcharges.csv
"Frederick Health Hospital, Inc.",52-0591612,R1185,CDM,33 CM HEMODIALYSIS CATHETER,both,,,,discounted_cash,926.26,,,3/17/2025,52-0591612_FrederickHealthHospital_standardcharges.csv
"Frederick Health Hospital, Inc.",52-0591612,R1185,CDM,33 CM HEMODIALYSIS CATHETER,both,,,,min,926.26,,,3/17/2025,52-0591612_FrederickHealthHospital_standardcharges.csv
"Frederick Health Hospital, Inc.",52-0591612,R1185,CDM,33 CM HEMODIALYSIS CATHETER,both,,,,max,945.16,,,3/17/2025,52-0591612_FrederickHealthHospital_standardcharges.csv
"Frederick Health Hospital, Inc.",52-0591612,R1185,CDM,33 CM HEMODIALYSIS CATHETER,both,,All Payers,All Plans,estimated,945.16,,other,3/17/2025,52-0591612_FrederickHealthHospital_standardcharges.csv
"Frederick Health Hospital, Inc.",52-0591612,P0781,CDM,34 IN DPSB STER DISP CUFF PLC,both,,,,gross,59.57,,,3/17/2025,52-0591612_FrederickHealthHospital_standardcharges.csv
"Frederick Health Hospital, Inc.",52-0591612,P0781,CDM,34 IN DPSB STER DISP CUFF PLC,both,,,,discounted_cash,58.38,,,3/17/2025,52-0591612_FrederickHealthHospital_standardcharges.csv
"Frederick Health Hospital, Inc.",52-0591612,P0781,CDM,34 IN DPSB STER DISP CUFF PLC,both,,,,min,58.38,,,3/17/2025,52-0591612_FrederickHealthHospital_standardcharges.csv
"Frederick Health Hospital, Inc.",52-0591612,P0781,CDM,34 IN DPSB STER DISP CUFF PLC,both,,,,max,59.57,,,3/17/2025,52-0591612_FrederickHealthHospital_standardcharges.csv
"Frederick Health Hospital, Inc.",52-0591612,P0781,CDM,34 IN DPSB STER DISP CUFF PLC,both,,All Payers,All Plans,estimated,59.57,,other,3/17/2025,52-0591612_FrederickHealthHospital_standardcharges.csv
"Frederick Health Hospital, Inc.",52-0591612,00502,CDM,35-120-5 TIP DEFLECT GUIDEWI,both,,,,gross,221.4,,,3/17/2025,52-0591612_FrederickHealthHospital_standardcharges.csv
"Frederick Health Hospital, Inc.",52-0591612,00502,CDM,35-120-5 TIP DEFLECT GUIDEWI,both,,,,discounted_cash,216.97,,,3/17/2025,52-0591612_FrederickHealthHospital_standardcharges.csv
"Frederick Health Hospital, Inc.",52-0591612,00502,CDM,35-120-5 TIP DEFLECT GUIDEWI,both,,,,min,216.97,,,3/17/2025,52-0591612_FrederickHealthHospital_standardcharges.csv
"Frederick Health Hospital, Inc.",52-0591612,00502,CDM,35-120-5 TIP DEFLECT GUIDEWI,both,,,,max,221.4,,,3/17/2025,52-0591612_FrederickHealthHospital_standardcharges.csv
"Frederick Health Hospital, Inc.",52-0591612,00502,CDM,35-120-5 TIP DEFLECT GUIDEWI,both,,All Payers,All Plans,estimated,221.4,,other,3/17/2025,52-0591612_FrederickHealthHospital_standardcharges.csv
"Frederick Health Hospital, Inc.",52-0591612,C1769,HCPCS,35-120-5 TIP DEFLECT GUIDEWI,both,,,,gross,221.4,,,3/17/2025,52-0591612_FrederickHealthHospital_standardcharges.csv
"Frederick Health Hospital, Inc.",52-0591612,C1769,HCPCS,35-120-5 TIP DEFLECT GUIDEWI,both,,,,discounted_cash,216.97,,,3/17/2025,52-0591612_FrederickHealthHospital_standardcharges.csv
"Frederick Health Hospital, Inc.",52-0591612,C1769,HCPCS,35-120-5 TIP DEFLECT GUIDEWI,both,,,,min,216.97,,,3/17/2025,52-0591612_FrederickHealthHospital_standardcharges.csv
"Frederick Health Hospital, Inc.",52-0591612,C1769,HCPCS,35-120-5 TIP DEFLECT GUIDEWI,both,,,,max,221.4,,,3/17/2025,52-0591612_FrederickHealthHospital_standardcharges.csv
"Frederick Health Hospital, Inc.",52-0591612,C1769,HCPCS,35-120-5 TIP DEFLECT GUIDEWI,both,,All Payers,All Plans,estimated,221.4,,other,3/17/2025,52-0591612_FrederickHealthHospital_standardcharges.csv
"Frederick Health Hospital, Inc.",52-0591612,00505,CDM,35-145 STRAIGHT GUIDEWIRE,both,,,,gross,34.94,,,3/17/2025,52-0591612_FrederickHealthHospital_standardcharges.csv
"Frederick Health Hospital, Inc.",52-0591612,00505,CDM,35-145 STRAIGHT GUIDEWIRE,both,,,,discounted_cash,34.24,,,3/17/2025,52-0591612_FrederickHealthHospital_standardcharges.csv
"Frederick Health Hospital, Inc.",52-0591612,00505,CDM,35-145 STRAIGHT GUIDEWIRE,both,,,,min,34.24,,,3/17/2025,52-0591612_FrederickHealthHospital_standardcharges.csv
"Frederick Health Hospital, Inc.",52-0591612,00505,CDM,35-145 STRAIGHT GUIDEWIRE,both,,,,max,34.94,,,3/17/2025,52-0591612_FrederickHealthHospital_standardcharges.csv
"Frederick Health Hospital, Inc.",52-0591612,00505,CDM,35-145 STRAIGHT GUIDEWIRE,both,,All Payers,All Plans,estimated,34.94,,other,3/17/2025,52-0591612_FrederickHealthHospital_standardcharges.csv
"Frederick Health Hospital, Inc.",52-0591612,C1769,HCPCS,35-145 STRAIGHT GUIDEWIRE,both,,,,gross,34.94,,,3/17/2025,52-0591612_FrederickHealthHospital_standardcharges.csv
"Frederick Health Hospital, Inc.",52-0591612,C1769,HCPCS,35-145 STRAIGHT GUIDEWIRE,both,,,,discounted_cash,34.24,,,3/17/2025,52-0591612_FrederickHealthHospital_standardcharges.csv
"Frederick Health Hospital, Inc.",52-0591612,C1769,HCPCS,35-145 STRAIGHT GUIDEWIRE,both,,,,min,34.24,,,3/17/2025,52-0591612_FrederickHealthHospital_standardcharges.csv
"Frederick Health Hospital, Inc.",52-0591612,C1769,HCPCS,35-145 STRAIGHT GUIDEWIRE,both,,,,max,34.94,,,3/17/2025,52-0591612_FrederickHealthHospital_standardcharges.csv
"Frederick Health Hospital, Inc.",52-0591612,C1769,HCPCS,35-145 STRAIGHT GUIDEWIRE,both,,All Payers,All Plans,estimated,34.94,,other,3/17/2025,52-0591612_FrederickHealthHospital_standardcharges.csv
"Frederick Health Hospital, Inc.",52-0591612,00499,CDM,35-260 EXCHANGE GUIDEWIRE,both,,,,gross,55.5,,,3/17/2025,52-0591612_FrederickHealthHospital_standardcharges.csv
"Frederick Health Hospital, Inc.",52-0591612,00499,CDM,35-260 EXCHANGE GUIDEWIRE,both,,,,discounted_cash,54.39,,,3/17/2025,52-0591612_FrederickHealthHospital_standardcharges.csv
"Frederick Health Hospital, Inc.",52-0591612,00499,CDM,35-260 EXCHANGE GUIDEWIRE,both,,,,min,54.39,,,3/17/2025,52-0591612_FrederickHealthHospital_standardcharges.csv
"Frederick Health Hospital, Inc.",52-0591612,00499,CDM,35-260 EXCHANGE GUIDEWIRE,both,,,,max,55.5,,,3/17/2025,52-0591612_FrederickHealthHospital_standardcharges.csv
"Frederick Health Hospital, Inc.",52-0591612,00499,CDM,35-260 EXCHANGE GUIDEWIRE,both,,All Payers,All Plans,estimated,55.5,,other,3/17/2025,52-0591612_FrederickHealthHospital_standardcharges.csv
"Frederick Health Hospital, Inc.",52-0591612,C1769,HCPCS,35-260 EXCHANGE GUIDEWIRE,both,,,,gross,55.5,,,3/17/2025,52-0591612_FrederickHealthHospital_standardcharges.csv
"Frederick Health Hospital, Inc.",52-0591612,C1769,HCPCS,35-260 EXCHANGE GUIDEWIRE,both,,,,discounted_cash,54.39,,,3/17/2025,52-0591612_FrederickHealthHospital_standardcharges.csv
"Frederick Health Hospital, Inc.",52-0591612,C1769,HCPCS,35-260 EXCHANGE GUIDEWIRE,both,,,,min,54.39,,,3/17/2025,52-0591612_FrederickHealthHospital_standardcharges.csv
"Frederick Health Hospital, Inc.",52-0591612,C1769,HCPCS,35-260 EXCHANGE GUIDEWIRE,both,,,,max,55.5,,,3/17/2025,52-0591612_FrederickHealthHospital_standardcharges.csv
"Frederick Health Hospital, Inc.",52-0591612,C1769,HCPCS,35-260 EXCHANGE GUIDEWIRE,both,,All Payers,All Plans,estimated,55.5,,other,3/17/2025,52-0591612_FrederickHealthHospital_standardcharges.csv
"Frederick Health Hospital, Inc.",52-0591612,00533,CDM,35-260-1.5J ROSEN GUIDEWIRE,both,,,,gross,66.32,,,3/17/2025,52-0591612_FrederickHealthHospital_standardcharges.csv
"Frederick Health Hospital, Inc.",52-0591612,00533,CDM,35-260-1.5J ROSEN GUIDEWIRE,both,,,,discounted_cash,64.99,,,3/17/2025,52-0591612_FrederickHealthHospital_standardcharges.csv
"Frederick Health Hospital, Inc.",52-0591612,00533,CDM,35-260-1.5J ROSEN GUIDEWIRE,both,,,,min,64.99,,,3/17/2025,52-0591612_FrederickHealthHospital_standardcharges.csv
"Frederick Health Hospital, Inc.",52-0591612,00533,CDM,35-260-1.5J ROSEN GUIDEWIRE,both,,,,max,66.32,,,3/17/2025,52-0591612_FrederickHealthHospital_standardcharges.csv
"Frederick Health Hospital, Inc.",52-0591612,00533,CDM,35-260-1.5J ROSEN GUIDEWIRE,both,,All Payers,All Plans,estimated,66.32,,other,3/17/2025,52-0591612_FrederickHealthHospital_standardcharges.csv
"Frederick Health Hospital, Inc.",52-0591612,C1769,HCPCS,35-260-1.5J ROSEN GUIDEWIRE,both,,,,gross,66.32,,,3/17/2025,52-0591612_FrederickHealthHospital_standardcharges.csv
"Frederick Health Hospital, Inc.",52-0591612,C1769,HCPCS,35-260-1.5J ROSEN GUIDEWIRE,both,,,,discounted_cash,64.99,,,3/17/2025,52-0591612_FrederickHealthHospital_standardcharges.csv
"Frederick Health Hospital, Inc.",52-0591612,C1769,HCPCS,35-260-1.5J ROSEN GUIDEWIRE,both,,,,min,64.99,,,3/17/2025,52-0591612_FrederickHealthHospital_standardcharges.csv
"Frederick Health Hospital, Inc.",52-0591612,C1769,HCPCS,35-260-1.5J ROSEN GUIDEWIRE,both,,,,max,66.32,,,3/17/2025,52-0591612_FrederickHealthHospital_standardcharges.csv
"Frederick Health Hospital, Inc.",52-0591612,C1769,HCPCS,35-260-1.5J ROSEN GUIDEWIRE,both,,All Payers,All Plans,estimated,66.32,,other,3/17/2025,52-0591612_FrederickHealthHospital_standardcharges.csv
"Frederick Health Hospital, Inc.",52-0591612,R1503,CDM,35MM ROD,both,,,,gross,288.23,,,3/17/2025,52-0591612_FrederickHealthHospital_standardcharges.csv
"Frederick Health Hospital, Inc.",52-0591612,R1503,CDM,35MM ROD,both,,,,discounted_cash,282.47,,,3/17/2025,52-0591612_FrederickHealthHospital_standardcharges.csv
"Frederick Health Hospital, Inc.",52-0591612,R1503,CDM,35MM ROD,both,,,,min,282.47,,,3/17/2025,52-0591612_FrederickHealthHospital_standardcharges.csv
"Frederick Health Hospital, Inc.",52-0591612,R1503,CDM,35MM ROD,both,,,,max,288.23,,,3/17/2025,52-0591612_FrederickHealthHospital_standardcharges.csv
"Frederick Health Hospital, Inc.",52-0591612,R1503,CDM,35MM ROD,both,,All Payers,All Plans,estimated,288.23,,other,3/17/2025,52-0591612_FrederickHealthHospital_standardcharges.csv
"Frederick Health Hospital, Inc.",52-0591612,C1736,CDM,36-164,both,,,,gross,691.75,,,3/17/2025,52-0591612_FrederickHealthHospital_standardcharges.csv
"Frederick Health Hospital, Inc.",52-0591612,C1736,CDM,36-164,both,,,,discounted_cash,677.92,,,3/17/2025,52-0591612_FrederickHealthHospital_standardcharges.csv
"Frederick Health Hospital, Inc.",52-0591612,C1736,CDM,36-164,both,,,,min,677.92,,,3/17/2025,52-0591612_FrederickHealthHospital_standardcharges.csv
"Frederick Health Hospital, Inc.",52-0591612,C1736,CDM,36-164,both,,,,max,691.75,,,3/17/2025,52-0591612_FrederickHealthHospital_standardcharges.csv
"Frederick Health Hospital, Inc.",52-0591612,C1736,CDM,36-164,both,,All Payers,All Plans,estimated,691.75,,other,3/17/2025,52-0591612_FrederickHealthHospital_standardcharges.csv
"Frederick Health Hospital, Inc.",52-0591612,C1776,HCPCS,363 / 39 COMBO HUMERAL INSERT,both,,,,gross,1252.22,,,3/17/2025,52-0591612_FrederickHealthHospital_standardcharges.csv
"Frederick Health Hospital, Inc.",52-0591612,C1776,HCPCS,363 / 39 COMBO HUMERAL INSERT,both,,,,discounted_cash,1227.18,,,3/17/2025,52-0591612_FrederickHealthHospital_standardcharges.csv
"Frederick Health Hospital, Inc.",52-0591612,C1776,HCPCS,363 / 39 COMBO HUMERAL INSERT,both,,,,min,1227.18,,,3/17/2025,52-0591612_FrederickHealthHospital_standardcharges.csv
"Frederick Health Hospital, Inc.",52-0591612,C1776,HCPCS,363 / 39 COMBO HUMERAL INSERT,both,,,,max,1252.22,,,3/17/2025,52-0591612_FrederickHealthHospital_standardcharges.csv
"Frederick Health Hospital, Inc.",52-0591612,C1776,HCPCS,363 / 39 COMBO HUMERAL INSERT,both,,All Payers,All Plans,estimated,1252.22,,other,3/17/2025,52-0591612_FrederickHealthHospital_standardcharges.csv
"Frederick Health Hospital, Inc.",52-0591612,P1095,CDM,363 / 39 COMBO HUMERAL INSERT,both,,,,gross,1252.22,,,3/17/2025,52-0591612_FrederickHealthHospital_standardcharges.csv
"Frederick Health Hospital, Inc.",52-0591612,P1095,CDM,363 / 39 COMBO HUMERAL INSERT,both,,,,discounted_cash,1227.18,,,3/17/2025,52-0591612_FrederickHealthHospital_standardcharges.csv
"Frederick Health Hospital, Inc.",52-0591612,P1095,CDM,363 / 39 COMBO HUMERAL INSERT,both,,,,min,1227.18,,,3/17/2025,52-0591612_FrederickHealthHospital_standardcharges.csv
"Frederick Health Hospital, Inc.",52-0591612,P1095,CDM,363 / 39 COMBO HUMERAL INSERT,both,,,,max,1252.22,,,3/17/2025,52-0591612_FrederickHealthHospital_standardcharges.csv
"Frederick Health Hospital, Inc.",52-0591612,P1095,CDM,363 / 39 COMBO HUMERAL INSERT,both,,All Payers,All Plans,estimated,1252.22,,other,3/17/2025,52-0591612_FrederickHealthHospital_standardcharges.csv
"Frederick Health Hospital, Inc.",52-0591612,00497,CDM,38-180 SUPER STIFF GUIDEWIRE,both,,,,gross,152.97,,,3/17/2025,52-0591612_FrederickHealthHospital_standardcharges.csv
"Frederick Health Hospital, Inc.",52-0591612,00497,CDM,38-180 SUPER STIFF GUIDEWIRE,both,,,,discounted_cash,149.91,,,3/17/2025,52-0591612_FrederickHealthHospital_standardcharges.csv
"Frederick Health Hospital, Inc.",52-0591612,00497,CDM,38-180 SUPER STIFF GUIDEWIRE,both,,,,min,149.91,,,3/17/2025,52-0591612_FrederickHealthHospital_standardcharges.csv
"Frederick Health Hospital, Inc.",52-0591612,00497,CDM,38-180 SUPER STIFF GUIDEWIRE,both,,,,max,152.97,,,3/17/2025,52-0591612_FrederickHealthHospital_standardcharges.csv
"Frederick Health Hospital, Inc.",52-0591612,00497,CDM,38-180 SUPER STIFF GUIDEWIRE,both,,All Payers,All Plans,estimated,152.97,,other,3/17/2025,52-0591612_FrederickHealthHospital_standardcharges.csv
"Frederick Health Hospital, Inc.",52-0591612,C1769,HCPCS,38-180 SUPER STIFF GUIDEWIRE,both,,,,gross,152.97,,,3/17/2025,52-0591612_FrederickHealthHospital_standardcharges.csv
"Frederick Health Hospital, Inc.",52-0591612,C1769,HCPCS,38-180 SUPER STIFF GUIDEWIRE,both,,,,discounted_cash,149.91,,,3/17/2025,52-0591612_FrederickHealthHospital_standardcharges.csv
"Frederick Health Hospital, Inc.",52-0591612,C1769,HCPCS,38-180 SUPER STIFF GUIDEWIRE,both,,,,min,149.91,,,3/17/2025,52-0591612_FrederickHealthHospital_standardcharges.csv
"Frederick Health Hospital, Inc.",52-0591612,C1769,HCPCS,38-180 SUPER STIFF GUIDEWIRE,both,,,,max,152.97,,,3/17/2025,52-0591612_FrederickHealthHospital_standardcharges.csv
"Frederick Health Hospital, Inc.",52-0591612,C1769,HCPCS,38-180 SUPER STIFF GUIDEWIRE,both,,All Payers,All Plans,estimated,152.97,,other,3/17/2025,52-0591612_FrederickHealthHospital_standardcharges.csv
"Frederick Health Hospital, Inc.",52-0591612,00523,CDM,38-260-3J GUIDEWIRE,both,,,,gross,71.33,,,3/17/2025,52-0591612_FrederickHealthHospital_standardcharges.csv
"Frederick Health Hospital, Inc.",52-0591612,00523,CDM,38-260-3J GUIDEWIRE,both,,,,discounted_cash,69.9,,,3/17/2025,52-0591612_FrederickHealthHospital_standardcharges.csv
"Frederick Health Hospital, Inc.",52-0591612,00523,CDM,38-260-3J GUIDEWIRE,both,,,,min,69.9,,,3/17/2025,52-0591612_FrederickHealthHospital_standardcharges.csv
"Frederick Health Hospital, Inc.",52-0591612,00523,CDM,38-260-3J GUIDEWIRE,both,,,,max,71.33,,,3/17/2025,52-0591612_FrederickHealthHospital_standardcharges.csv
"Frederick Health Hospital, Inc.",52-0591612,00523,CDM,38-260-3J GUIDEWIRE,both,,All Payers,All Plans,estimated,71.33,,other,3/17/2025,52-0591612_FrederickHealthHospital_standardcharges.csv
"Frederick Health Hospital, Inc.",52-0591612,C1769,HCPCS,38-260-3J GUIDEWIRE,both,,,,gross,71.33,,,3/17/2025,52-0591612_FrederickHealthHospital_standardcharges.csv
"Frederick Health Hospital, Inc.",52-0591612,C1769,HCPCS,38-260-3J GUIDEWIRE,both,,,,discounted_cash,69.9,,,3/17/2025,52-0591612_FrederickHealthHospital_standardcharges.csv
"Frederick Health Hospital, Inc.",52-0591612,C1769,HCPCS,38-260-3J GUIDEWIRE,both,,,,min,69.9,,,3/17/2025,52-0591612_FrederickHealthHospital_standardcharges.csv
"Frederick Health Hospital, Inc.",52-0591612,C1769,HCPCS,38-260-3J GUIDEWIRE,both,,,,max,71.33,,,3/17/2025,52-0591612_FrederickHealthHospital_standardcharges.csv
"Frederick Health Hospital, Inc.",52-0591612,C1769,HCPCS,38-260-3J GUIDEWIRE,both,,All Payers,All Plans,estimated,71.33,,other,3/17/2025,52-0591612_FrederickHealthHospital_standardcharges.csv
"Frederick Health Hospital, Inc.",52-0591612,C1713,HCPCS,39 4 LAT/24 GLEMOSPHERE,both,,,,gross,2837.76,,,3/17/2025,52-0591612_FrederickHealthHospital_standardcharges.csv
"Frederick Health Hospital, Inc.",52-0591612,C1713,HCPCS,39 4 LAT/24 GLEMOSPHERE,both,,,,discounted_cash,2781.0,,,3/17/2025,52-0591612_FrederickHealthHospital_standardcharges.csv
"Frederick Health Hospital, Inc.",52-0591612,C1713,HCPCS,39 4 LAT/24 GLEMOSPHERE,both,,,,min,2781.0,,,3/17/2025,52-0591612_FrederickHealthHospital_standardcharges.csv
"Frederick Health Hospital, Inc.",52-0591612,C1713,HCPCS,39 4 LAT/24 GLEMOSPHERE,both,,,,max,2837.76,,,3/17/2025,52-0591612_FrederickHealthHospital_standardcharges.csv
"Frederick Health Hospital, Inc.",52-0591612,C1713,HCPCS,39 4 LAT/24 GLEMOSPHERE,both,,All Payers,All Plans,estimated,2837.76,,other,3/17/2025,52-0591612_FrederickHealthHospital_standardcharges.csv
"Frederick Health Hospital, Inc.",52-0591612,P1094,CDM,39 4 LAT/24 GLEMOSPHERE,both,,,,gross,2837.76,,,3/17/2025,52-0591612_FrederickHealthHospital_standardcharges.csv
"Frederick Health Hospital, Inc.",52-0591612,P1094,CDM,39 4 LAT/24 GLEMOSPHERE,both,,,,discounted_cash,2781.0,,,3/17/2025,52-0591612_FrederickHealthHospital_standardcharges.csv
"Frederick Health Hospital, Inc.",52-0591612,P1094,CDM,39 4 LAT/24 GLEMOSPHERE,both,,,,min,2781.0,,,3/17/2025,52-0591612_FrederickHealthHospital_standardcharges.csv
"Frederick Health Hospital, Inc.",52-0591612,P1094,CDM,39 4 LAT/24 GLEMOSPHERE,both,,,,max,2837.76,,,3/17/2025,52-0591612_FrederickHealthHospital_standardcharges.csv
"Frederick Health Hospital, Inc.",52-0591612,P1094,CDM,39 4 LAT/24 GLEMOSPHERE,both,,All Payers,All Plans,estimated,2837.76,,other,3/17/2025,52-0591612_FrederickHealthHospital_standardcharges.csv
"Frederick Health Hospital, Inc.",52-0591612,R8108,CDM,3D MODEL GLENOID,both,,,,gross,1282.5,,,3/17/2025,52-0591612_FrederickHealthHospital_standardcharges.csv
"Frederick Health Hospital, Inc.",52-0591612,R8108,CDM,3D MODEL GLENOID,both,,,,discounted_cash,1256.85,,,3/17/2025,52-0591612_FrederickHealthHospital_standardcharges.csv
"Frederick Health Hospital, Inc.",52-0591612,R8108,CDM,3D MODEL GLENOID,both,,,,min,1256.85,,,3/17/2025,52-0591612_FrederickHealthHospital_standardcharges.csv
"Frederick Health Hospital, Inc.",52-0591612,R8108,CDM,3D MODEL GLENOID,both,,,,max,1282.5,,,3/17/2025,52-0591612_FrederickHealthHospital_standardcharges.csv
"Frederick Health Hospital, Inc.",52-0591612,R8108,CDM,3D MODEL GLENOID,both,,All Payers,All Plans,estimated,1282.5,,other,3/17/2025,52-0591612_FrederickHealthHospital_standardcharges.csv
"Frederick Health Hospital, Inc.",52-0591612,76376,CPT,3d render w/intrp postproces,both,,,,gross,19.0,,,3/17/2025,52-0591612_FrederickHealthHospital_standardcharges.csv
"Frederick Health Hospital, Inc.",52-0591612,76376,CPT,3d render w/intrp postproces,both,,,,discounted_cash,18.62,,,3/17/2025,52-0591612_FrederickHealthHospital_standardcharges.csv
"Frederick Health Hospital, Inc.",52-0591612,76376,CPT,3d render w/intrp postproces,both,,,,min,18.62,,,3/17/2025,52-0591612_FrederickHealthHospital_standardcharges.csv
"Frederick Health Hospital, Inc.",52-0591612,76376,CPT,3d render w/intrp postproces,both,,,,max,19.0,,,3/17/2025,52-0591612_FrederickHealthHospital_standardcharges.csv
"Frederick Health Hospital, Inc.",52-0591612,76376,CPT,3d render w/intrp postproces,both,,All Payers,All Plans,estimated,19.0,,other,3/17/2025,52-0591612_FrederickHealthHospital_standardcharges.csv
"Frederick Health Hospital, Inc.",52-0591612,A.72595000,CDM,3d render w/intrp postproces,both,,,,gross,19.0,,,3/17/2025,52-0591612_FrederickHealthHospital_standardcharges.csv
"Frederick Health Hospital, Inc.",52-0591612,A.72595000,CDM,3d render w/intrp postproces,both,,,,discounted_cash,18.62,,,3/17/2025,52-0591612_FrederickHealthHospital_standardcharges.csv
"Frederick Health Hospital, Inc.",52-0591612,A.72595000,CDM,3d render w/intrp postproces,both,,,,min,18.62,,,3/17/2025,52-0591612_FrederickHealthHospital_standardcharges.csv
"Frederick Health Hospital, Inc.",52-0591612,A.72595000,CDM,3d render w/intrp postproces,both,,,,max,19.0,,,3/17/2025,52-0591612_FrederickHealthHospital_standardcharges.csv
"Frederick Health Hospital, Inc.",52-0591612,A.72595000,CDM,3d render w/intrp postproces,both,,All Payers,All Plans,estimated,19.0,,other,3/17/2025,52-0591612_FrederickHealthHospital_standardcharges.csv
"Frederick Health Hospital, Inc.",52-0591612,77295,CPT,3D SIMULATION RECONSTRUCTION,both,,,,gross,625.52,,,3/17/2025,52-0591612_FrederickHealthHospital_standardcharges.csv
"Frederick Health Hospital, Inc.",52-0591612,77295,CPT,3D SIMULATION RECONSTRUCTION,both,,,,discounted_cash,613.01,,,3/17/2025,52-0591612_FrederickHealthHospital_standardcharges.csv
"Frederick Health Hospital, Inc.",52-0591612,77295,CPT,3D SIMULATION RECONSTRUCTION,both,,,,min,613.01,,,3/17/2025,52-0591612_FrederickHealthHospital_standardcharges.csv
"Frederick Health Hospital, Inc.",52-0591612,77295,CPT,3D SIMULATION RECONSTRUCTION,both,,,,max,625.52,,,3/17/2025,52-0591612_FrederickHealthHospital_standardcharges.csv
"Frederick Health Hospital, Inc.",52-0591612,77295,CPT,3D SIMULATION RECONSTRUCTION,both,,All Payers,All Plans,estimated,625.52,,other,3/17/2025,52-0591612_FrederickHealthHospital_standardcharges.csv
"Frederick Health Hospital, Inc.",52-0591612,77295,CPT,3D SIMULATION RECONSTRUCTION,both,,,,gross,994.06,,,3/17/2025,52-0591612_FrederickHealthHospital_standardcharges.csv
"Frederick Health Hospital, Inc.",52-0591612,77295,CPT,3D SIMULATION RECONSTRUCTION,both,,,,discounted_cash,974.18,,,3/17/2025,52-0591612_FrederickHealthHospital_standardcharges.csv
"Frederick Health Hospital, Inc.",52-0591612,77295,CPT,3D SIMULATION RECONSTRUCTION,both,,,,min,974.18,,,3/17/2025,52-0591612_FrederickHealthHospital_standardcharges.csv
"Frederick Health Hospital, Inc.",52-0591612,77295,CPT,3D SIMULATION RECONSTRUCTION,both,,,,max,994.06,,,3/17/2025,52-0591612_FrederickHealthHospital_standardcharges.csv
"Frederick Health Hospital, Inc.",52-0591612,77295,CPT,3D SIMULATION RECONSTRUCTION,both,,All Payers,All Plans,estimated,994.06,,other,3/17/2025,52-0591612_FrederickHealthHospital_standardcharges.csv
"Frederick Health Hospital, Inc.",52-0591612,79056,CDM,3D SIMULATION RECONSTRUCTION,both,,,,gross,625.52,,,3/17/2025,52-0591612_FrederickHealthHospital_standardcharges.csv
"Frederick Health Hospital, Inc.",52-0591612,79056,CDM,3D SIMULATION RECONSTRUCTION,both,,,,discounted_cash,613.01,,,3/17/2025,52-0591612_FrederickHealthHospital_standardcharges.csv
"Frederick Health Hospital, Inc.",52-0591612,79056,CDM,3D SIMULATION RECONSTRUCTION,both,,,,min,613.01,,,3/17/2025,52-0591612_FrederickHealthHospital_standardcharges.csv
"Frederick Health Hospital, Inc.",52-0591612,79056,CDM,3D SIMULATION RECONSTRUCTION,both,,,,max,625.52,,,3/17/2025,52-0591612_FrederickHealthHospital_standardcharges.csv
"Frederick Health Hospital, Inc.",52-0591612,79056,CDM,3D SIMULATION RECONSTRUCTION,both,,All Payers,All Plans,estimated,625.52,,other,3/17/2025,52-0591612_FrederickHealthHospital_standardcharges.csv
"Frederick Health Hospital, Inc.",52-0591612,RCTC25,CDM,3D SIMULATION RECONSTRUCTION,both,,,,gross,994.06,,,3/17/2025,52-0591612_FrederickHealthHospital_standardcharges.csv
"Frederick Health Hospital, Inc.",52-0591612,RCTC25,CDM,3D SIMULATION RECONSTRUCTION,both,,,,discounted_cash,974.18,,,3/17/2025,52-0591612_FrederickHealthHospital_standardcharges.csv
"Frederick Health Hospital, Inc.",52-0591612,RCTC25,CDM,3D SIMULATION RECONSTRUCTION,both,,,,min,974.18,,,3/17/2025,52-0591612_FrederickHealthHospital_standardcharges.csv
"Frederick Health Hospital, Inc.",52-0591612,RCTC25,CDM,3D SIMULATION RECONSTRUCTION,both,,,,max,994.06,,,3/17/2025,52-0591612_FrederickHealthHospital_standardcharges.csv
"Frederick Health Hospital, Inc.",52-0591612,RCTC25,CDM,3D SIMULATION RECONSTRUCTION,both,,All Payers,All Plans,estimated,994.06,,other,3/17/2025,52-0591612_FrederickHealthHospital_standardcharges.csv
"Frederick Health Hospital, Inc.",52-0591612,C1781,HCPCS,3DMAX MID LARGE LEFT 1XUSE,both,,,,gross,397.25,,,3/17/2025,52-0591612_FrederickHealthHospital_standardcharges.csv
"Frederick Health Hospital, Inc.",52-0591612,C1781,HCPCS,3DMAX MID LARGE LEFT 1XUSE,both,,,,discounted_cash,389.31,,,3/17/2025,52-0591612_FrederickHealthHospital_standardcharges.csv
"Frederick Health Hospital, Inc.",52-0591612,C1781,HCPCS,3DMAX MID LARGE LEFT 1XUSE,both,,,,min,389.31,,,3/17/2025,52-0591612_FrederickHealthHospital_standardcharges.csv
"Frederick Health Hospital, Inc.",52-0591612,C1781,HCPCS,3DMAX MID LARGE LEFT 1XUSE,both,,,,max,397.25,,,3/17/2025,52-0591612_FrederickHealthHospital_standardcharges.csv
"Frederick Health Hospital, Inc.",52-0591612,C1781,HCPCS,3DMAX MID LARGE LEFT 1XUSE,both,,All Payers,All Plans,estimated,397.25,,other,3/17/2025,52-0591612_FrederickHealthHospital_standardcharges.csv
"Frederick Health Hospital, Inc.",52-0591612,P0548,CDM,3DMAX MID LARGE LEFT 1XUSE,both,,,,gross,397.25,,,3/17/2025,52-0591612_FrederickHealthHospital_standardcharges.csv
"Frederick Health Hospital, Inc.",52-0591612,P0548,CDM,3DMAX MID LARGE LEFT 1XUSE,both,,,,discounted_cash,389.31,,,3/17/2025,52-0591612_FrederickHealthHospital_standardcharges.csv
"Frederick Health Hospital, Inc.",52-0591612,P0548,CDM,3DMAX MID LARGE LEFT 1XUSE,both,,,,min,389.31,,,3/17/2025,52-0591612_FrederickHealthHospital_standardcharges.csv
"Frederick Health Hospital, Inc.",52-0591612,P0548,CDM,3DMAX MID LARGE LEFT 1XUSE,both,,,,max,397.25,,,3/17/2025,52-0591612_FrederickHealthHospital_standardcharges.csv
"Frederick Health Hospital, Inc.",52-0591612,P0548,CDM,3DMAX MID LARGE LEFT 1XUSE,both,,All Payers,All Plans,estimated,397.25,,other,3/17/2025,52-0591612_FrederickHealthHospital_standardcharges.csv
"Frederick Health Hospital, Inc.",52-0591612,C1713,HCPCS,4.0MM SELF DRILLING SCREW,both,,,,gross,296.12,,,3/17/2025,52-0591612_FrederickHealthHospital_standardcharges.csv
"Frederick Health Hospital, Inc.",52-0591612,C1713,HCPCS,4.0MM SELF DRILLING SCREW,both,,,,discounted_cash,290.2,,,3/17/2025,52-0591612_FrederickHealthHospital_standardcharges.csv
"Frederick Health Hospital, Inc.",52-0591612,C1713,HCPCS,4.0MM SELF DRILLING SCREW,both,,,,min,290.2,,,3/17/2025,52-0591612_FrederickHealthHospital_standardcharges.csv
"Frederick Health Hospital, Inc.",52-0591612,C1713,HCPCS,4.0MM SELF DRILLING SCREW,both,,,,max,296.12,,,3/17/2025,52-0591612_FrederickHealthHospital_standardcharges.csv
"Frederick Health Hospital, Inc.",52-0591612,C1713,HCPCS,4.0MM SELF DRILLING SCREW,both,,All Payers,All Plans,estimated,296.12,,other,3/17/2025,52-0591612_FrederickHealthHospital_standardcharges.csv
"Frederick Health Hospital, Inc.",52-0591612,P1831,CDM,4.0MM SELF DRILLING SCREW,both,,,,gross,296.12,,,3/17/2025,52-0591612_FrederickHealthHospital_standardcharges.csv
"Frederick Health Hospital, Inc.",52-0591612,P1831,CDM,4.0MM SELF DRILLING SCREW,both,,,,discounted_cash,290.2,,,3/17/2025,52-0591612_FrederickHealthHospital_standardcharges.csv
"Frederick Health Hospital, Inc.",52-0591612,P1831,CDM,4.0MM SELF DRILLING SCREW,both,,,,min,290.2,,,3/17/2025,52-0591612_FrederickHealthHospital_standardcharges.csv
"Frederick Health Hospital, Inc.",52-0591612,P1831,CDM,4.0MM SELF DRILLING SCREW,both,,,,max,296.12,,,3/17/2025,52-0591612_FrederickHealthHospital_standardcharges.csv
"Frederick Health Hospital, Inc.",52-0591612,P1831,CDM,4.0MM SELF DRILLING SCREW,both,,All Payers,All Plans,estimated,296.12,,other,3/17/2025,52-0591612_FrederickHealthHospital_standardcharges.csv
"Frederick Health Hospital, Inc.",52-0591612,C1713,HCPCS,4.5MM SCREW CANN 1/3 THD 46MM,both,,,,gross,304.48,,,3/17/2025,52-0591612_FrederickHealthHospital_standardcharges.csv
"Frederick Health Hospital, Inc.",52-0591612,C1713,HCPCS,4.5MM SCREW CANN 1/3 THD 46MM,both,,,,discounted_cash,298.39,,,3/17/2025,52-0591612_FrederickHealthHospital_standardcharges.csv
"Frederick Health Hospital, Inc.",52-0591612,C1713,HCPCS,4.5MM SCREW CANN 1/3 THD 46MM,both,,,,min,298.39,,,3/17/2025,52-0591612_FrederickHealthHospital_standardcharges.csv
"Frederick Health Hospital, Inc.",52-0591612,C1713,HCPCS,4.5MM SCREW CANN 1/3 THD 46MM,both,,,,max,304.48,,,3/17/2025,52-0591612_FrederickHealthHospital_standardcharges.csv
"Frederick Health Hospital, Inc.",52-0591612,C1713,HCPCS,4.5MM SCREW CANN 1/3 THD 46MM,both,,All Payers,All Plans,estimated,304.48,,other,3/17/2025,52-0591612_FrederickHealthHospital_standardcharges.csv
"Frederick Health Hospital, Inc.",52-0591612,P1816,CDM,4.5MM SCREW CANN 1/3 THD 46MM,both,,,,gross,304.48,,,3/17/2025,52-0591612_FrederickHealthHospital_standardcharges.csv
"Frederick Health Hospital, Inc.",52-0591612,P1816,CDM,4.5MM SCREW CANN 1/3 THD 46MM,both,,,,discounted_cash,298.39,,,3/17/2025,52-0591612_FrederickHealthHospital_standardcharges.csv
"Frederick Health Hospital, Inc.",52-0591612,P1816,CDM,4.5MM SCREW CANN 1/3 THD 46MM,both,,,,min,298.39,,,3/17/2025,52-0591612_FrederickHealthHospital_standardcharges.csv
"Frederick Health Hospital, Inc.",52-0591612,P1816,CDM,4.5MM SCREW CANN 1/3 THD 46MM,both,,,,max,304.48,,,3/17/2025,52-0591612_FrederickHealthHospital_standardcharges.csv
"Frederick Health Hospital, Inc.",52-0591612,P1816,CDM,4.5MM SCREW CANN 1/3 THD 46MM,both,,All Payers,All Plans,estimated,304.48,,other,3/17/2025,52-0591612_FrederickHealthHospital_standardcharges.csv
"Frederick Health Hospital, Inc.",52-0591612,C1713,HCPCS,4.5MM SCREW CANN 1/3 THD 48MM,both,,,,gross,304.48,,,3/17/2025,52-0591612_FrederickHealthHospital_standardcharges.csv
"Frederick Health Hospital, Inc.",52-0591612,C1713,HCPCS,4.5MM SCREW CANN 1/3 THD 48MM,both,,,,discounted_cash,298.39,,,3/17/2025,52-0591612_FrederickHealthHospital_standardcharges.csv
"Frederick Health Hospital, Inc.",52-0591612,C1713,HCPCS,4.5MM SCREW CANN 1/3 THD 48MM,both,,,,min,298.39,,,3/17/2025,52-0591612_FrederickHealthHospital_standardcharges.csv
"Frederick Health Hospital, Inc.",52-0591612,C1713,HCPCS,4.5MM SCREW CANN 1/3 THD 48MM,both,,,,max,304.48,,,3/17/2025,52-0591612_FrederickHealthHospital_standardcharges.csv
"Frederick Health Hospital, Inc.",52-0591612,C1713,HCPCS,4.5MM SCREW CANN 1/3 THD 48MM,both,,All Payers,All Plans,estimated,304.48,,other,3/17/2025,52-0591612_FrederickHealthHospital_standardcharges.csv
"Frederick Health Hospital, Inc.",52-0591612,P1814,CDM,4.5MM SCREW CANN 1/3 THD 48MM,both,,,,gross,304.48,,,3/17/2025,52-0591612_FrederickHealthHospital_standardcharges.csv
"Frederick Health Hospital, Inc.",52-0591612,P1814,CDM,4.5MM SCREW CANN 1/3 THD 48MM,both,,,,discounted_cash,298.39,,,3/17/2025,52-0591612_FrederickHealthHospital_standardcharges.csv
"Frederick Health Hospital, Inc.",52-0591612,P1814,CDM,4.5MM SCREW CANN 1/3 THD 48MM,both,,,,min,298.39,,,3/17/2025,52-0591612_FrederickHealthHospital_standardcharges.csv
"Frederick Health Hospital, Inc.",52-0591612,P1814,CDM,4.5MM SCREW CANN 1/3 THD 48MM,both,,,,max,304.48,,,3/17/2025,52-0591612_FrederickHealthHospital_standardcharges.csv
"Frederick Health Hospital, Inc.",52-0591612,P1814,CDM,4.5MM SCREW CANN 1/3 THD 48MM,both,,All Payers,All Plans,estimated,304.48,,other,3/17/2025,52-0591612_FrederickHealthHospital_standardcharges.csv
"Frederick Health Hospital, Inc.",52-0591612,C1713,HCPCS,4.5MM SCREW CANN 1/3 THD 52MM,both,,,,gross,304.48,,,3/17/2025,52-0591612_FrederickHealthHospital_standardcharges.csv
"Frederick Health Hospital, Inc.",52-0591612,C1713,HCPCS,4.5MM SCREW CANN 1/3 THD 52MM,both,,,,discounted_cash,298.39,,,3/17/2025,52-0591612_FrederickHealthHospital_standardcharges.csv
"Frederick Health Hospital, Inc.",52-0591612,C1713,HCPCS,4.5MM SCREW CANN 1/3 THD 52MM,both,,,,min,298.39,,,3/17/2025,52-0591612_FrederickHealthHospital_standardcharges.csv
"Frederick Health Hospital, Inc.",52-0591612,C1713,HCPCS,4.5MM SCREW CANN 1/3 THD 52MM,both,,,,max,304.48,,,3/17/2025,52-0591612_FrederickHealthHospital_standardcharges.csv
"Frederick Health Hospital, Inc.",52-0591612,C1713,HCPCS,4.5MM SCREW CANN 1/3 THD 52MM,both,,All Payers,All Plans,estimated,304.48,,other,3/17/2025,52-0591612_FrederickHealthHospital_standardcharges.csv
"Frederick Health Hospital, Inc.",52-0591612,P1815,CDM,4.5MM SCREW CANN 1/3 THD 52MM,both,,,,gross,304.48,,,3/17/2025,52-0591612_FrederickHealthHospital_standardcharges.csv
"Frederick Health Hospital, Inc.",52-0591612,P1815,CDM,4.5MM SCREW CANN 1/3 THD 52MM,both,,,,discounted_cash,298.39,,,3/17/2025,52-0591612_FrederickHealthHospital_standardcharges.csv
"Frederick Health Hospital, Inc.",52-0591612,P1815,CDM,4.5MM SCREW CANN 1/3 THD 52MM,both,,,,min,298.39,,,3/17/2025,52-0591612_FrederickHealthHospital_standardcharges.csv
"Frederick Health Hospital, Inc.",52-0591612,P1815,CDM,4.5MM SCREW CANN 1/3 THD 52MM,both,,,,max,304.48,,,3/17/2025,52-0591612_FrederickHealthHospital_standardcharges.csv
"Frederick Health Hospital, Inc.",52-0591612,P1815,CDM,4.5MM SCREW CANN 1/3 THD 52MM,both,,All Payers,All Plans,estimated,304.48,,other,3/17/2025,52-0591612_FrederickHealthHospital_standardcharges.csv
"Frederick Health Hospital, Inc.",52-0591612,C1713,HCPCS,4.5MM TI CANN SCREW ST 50MM,both,,,,gross,756.56,,,3/17/2025,52-0591612_FrederickHealthHospital_standardcharges.csv
"Frederick Health Hospital, Inc.",52-0591612,C1713,HCPCS,4.5MM TI CANN SCREW ST 50MM,both,,,,discounted_cash,741.43,,,3/17/2025,52-0591612_FrederickHealthHospital_standardcharges.csv
"Frederick Health Hospital, Inc.",52-0591612,C1713,HCPCS,4.5MM TI CANN SCREW ST 50MM,both,,,,min,741.43,,,3/17/2025,52-0591612_FrederickHealthHospital_standardcharges.csv
"Frederick Health Hospital, Inc.",52-0591612,C1713,HCPCS,4.5MM TI CANN SCREW ST 50MM,both,,,,max,756.56,,,3/17/2025,52-0591612_FrederickHealthHospital_standardcharges.csv
"Frederick Health Hospital, Inc.",52-0591612,C1713,HCPCS,4.5MM TI CANN SCREW ST 50MM,both,,All Payers,All Plans,estimated,756.56,,other,3/17/2025,52-0591612_FrederickHealthHospital_standardcharges.csv
"Frederick Health Hospital, Inc.",52-0591612,P1766,CDM,4.5MM TI CANN SCREW ST 50MM,both,,,,gross,756.56,,,3/17/2025,52-0591612_FrederickHealthHospital_standardcharges.csv
"Frederick Health Hospital, Inc.",52-0591612,P1766,CDM,4.5MM TI CANN SCREW ST 50MM,both,,,,discounted_cash,741.43,,,3/17/2025,52-0591612_FrederickHealthHospital_standardcharges.csv
"Frederick Health Hospital, Inc.",52-0591612,P1766,CDM,4.5MM TI CANN SCREW ST 50MM,both,,,,min,741.43,,,3/17/2025,52-0591612_FrederickHealthHospital_standardcharges.csv
"Frederick Health Hospital, Inc.",52-0591612,P1766,CDM,4.5MM TI CANN SCREW ST 50MM,both,,,,max,756.56,,,3/17/2025,52-0591612_FrederickHealthHospital_standardcharges.csv
"Frederick Health Hospital, Inc.",52-0591612,P1766,CDM,4.5MM TI CANN SCREW ST 50MM,both,,All Payers,All Plans,estimated,756.56,,other,3/17/2025,52-0591612_FrederickHealthHospital_standardcharges.csv
"Frederick Health Hospital, Inc.",52-0591612,C1713,HCPCS,4.5MM TI CANN SCREW ST 55MM,both,,,,gross,756.56,,,3/17/2025,52-0591612_FrederickHealthHospital_standardcharges.csv
"Frederick Health Hospital, Inc.",52-0591612,C1713,HCPCS,4.5MM TI CANN SCREW ST 55MM,both,,,,discounted_cash,741.43,,,3/17/2025,52-0591612_FrederickHealthHospital_standardcharges.csv
"Frederick Health Hospital, Inc.",52-0591612,C1713,HCPCS,4.5MM TI CANN SCREW ST 55MM,both,,,,min,741.43,,,3/17/2025,52-0591612_FrederickHealthHospital_standardcharges.csv
"Frederick Health Hospital, Inc.",52-0591612,C1713,HCPCS,4.5MM TI CANN SCREW ST 55MM,both,,,,max,756.56,,,3/17/2025,52-0591612_FrederickHealthHospital_standardcharges.csv
"Frederick Health Hospital, Inc.",52-0591612,C1713,HCPCS,4.5MM TI CANN SCREW ST 55MM,both,,All Payers,All Plans,estimated,756.56,,other,3/17/2025,52-0591612_FrederickHealthHospital_standardcharges.csv
"Frederick Health Hospital, Inc.",52-0591612,P1765,CDM,4.5MM TI CANN SCREW ST 55MM,both,,,,gross,756.56,,,3/17/2025,52-0591612_FrederickHealthHospital_standardcharges.csv
"Frederick Health Hospital, Inc.",52-0591612,P1765,CDM,4.5MM TI CANN SCREW ST 55MM,both,,,,discounted_cash,741.43,,,3/17/2025,52-0591612_FrederickHealthHospital_standardcharges.csv
"Frederick Health Hospital, Inc.",52-0591612,P1765,CDM,4.5MM TI CANN SCREW ST 55MM,both,,,,min,741.43,,,3/17/2025,52-0591612_FrederickHealthHospital_standardcharges.csv
"Frederick Health Hospital, Inc.",52-0591612,P1765,CDM,4.5MM TI CANN SCREW ST 55MM,both,,,,max,756.56,,,3/17/2025,52-0591612_FrederickHealthHospital_standardcharges.csv
"Frederick Health Hospital, Inc.",52-0591612,P1765,CDM,4.5MM TI CANN SCREW ST 55MM,both,,All Payers,All Plans,estimated,756.56,,other,3/17/2025,52-0591612_FrederickHealthHospital_standardcharges.csv
"Frederick Health Hospital, Inc.",52-0591612,83915,CPT,5'NUCLEOTIDASE,both,,,,gross,30.66,,,3/17/2025,52-0591612_FrederickHealthHospital_standardcharges.csv
"Frederick Health Hospital, Inc.",52-0591612,83915,CPT,5'NUCLEOTIDASE,both,,,,discounted_cash,30.05,,,3/17/2025,52-0591612_FrederickHealthHospital_standardcharges.csv
"Frederick Health Hospital, Inc.",52-0591612,83915,CPT,5'NUCLEOTIDASE,both,,,,min,30.05,,,3/17/2025,52-0591612_FrederickHealthHospital_standardcharges.csv
"Frederick Health Hospital, Inc.",52-0591612,83915,CPT,5'NUCLEOTIDASE,both,,,,max,30.66,,,3/17/2025,52-0591612_FrederickHealthHospital_standardcharges.csv
"Frederick Health Hospital, Inc.",52-0591612,83915,CPT,5'NUCLEOTIDASE,both,,All Payers,All Plans,estimated,30.66,,other,3/17/2025,52-0591612_FrederickHealthHospital_standardcharges.csv
"Frederick Health Hospital, Inc.",52-0591612,90826,CDM,5'NUCLEOTIDASE,both,,,,gross,30.66,,,3/17/2025,52-0591612_FrederickHealthHospital_standardcharges.csv
"Frederick Health Hospital, Inc.",52-0591612,90826,CDM,5'NUCLEOTIDASE,both,,,,discounted_cash,30.05,,,3/17/2025,52-0591612_FrederickHealthHospital_standardcharges.csv
"Frederick Health Hospital, Inc.",52-0591612,90826,CDM,5'NUCLEOTIDASE,both,,,,min,30.05,,,3/17/2025,52-0591612_FrederickHealthHospital_standardcharges.csv
"Frederick Health Hospital, Inc.",52-0591612,90826,CDM,5'NUCLEOTIDASE,both,,,,max,30.66,,,3/17/2025,52-0591612_FrederickHealthHospital_standardcharges.csv
"Frederick Health Hospital, Inc.",52-0591612,90826,CDM,5'NUCLEOTIDASE,both,,All Payers,All Plans,estimated,30.66,,other,3/17/2025,52-0591612_FrederickHealthHospital_standardcharges.csv
"Frederick Health Hospital, Inc.",52-0591612,83497,CPT,5-HIAA 24 HOUR URINE,both,,,,gross,61.31,,,3/17/2025,52-0591612_FrederickHealthHospital_standardcharges.csv
"Frederick Health Hospital, Inc.",52-0591612,83497,CPT,5-HIAA 24 HOUR URINE,both,,,,discounted_cash,60.08,,,3/17/2025,52-0591612_FrederickHealthHospital_standardcharges.csv
"Frederick Health Hospital, Inc.",52-0591612,83497,CPT,5-HIAA 24 HOUR URINE,both,,,,min,60.08,,,3/17/2025,52-0591612_FrederickHealthHospital_standardcharges.csv
"Frederick Health Hospital, Inc.",52-0591612,83497,CPT,5-HIAA 24 HOUR URINE,both,,,,max,61.31,,,3/17/2025,52-0591612_FrederickHealthHospital_standardcharges.csv
"Frederick Health Hospital, Inc.",52-0591612,83497,CPT,5-HIAA 24 HOUR URINE,both,,All Payers,All Plans,estimated,61.31,,other,3/17/2025,52-0591612_FrederickHealthHospital_standardcharges.csv
"Frederick Health Hospital, Inc.",52-0591612,91445,CDM,5-HIAA 24 HOUR URINE,both,,,,gross,61.31,,,3/17/2025,52-0591612_FrederickHealthHospital_standardcharges.csv
"Frederick Health Hospital, Inc.",52-0591612,91445,CDM,5-HIAA 24 HOUR URINE,both,,,,discounted_cash,60.08,,,3/17/2025,52-0591612_FrederickHealthHospital_standardcharges.csv
"Frederick Health Hospital, Inc.",52-0591612,91445,CDM,5-HIAA 24 HOUR URINE,both,,,,min,60.08,,,3/17/2025,52-0591612_FrederickHealthHospital_standardcharges.csv
"Frederick Health Hospital, Inc.",52-0591612,91445,CDM,5-HIAA 24 HOUR URINE,both,,,,max,61.31,,,3/17/2025,52-0591612_FrederickHealthHospital_standardcharges.csv
"Frederick Health Hospital, Inc.",52-0591612,91445,CDM,5-HIAA 24 HOUR URINE,both,,All Payers,All Plans,estimated,61.31,,other,3/17/2025,52-0591612_FrederickHealthHospital_standardcharges.csv
"Frederick Health Hospital, Inc.",52-0591612,83497,CPT,5-HIAA RANDOM,both,,,,gross,61.31,,,3/17/2025,52-0591612_FrederickHealthHospital_standardcharges.csv
"Frederick Health Hospital, Inc.",52-0591612,83497,CPT,5-HIAA RANDOM,both,,,,discounted_cash,60.08,,,3/17/2025,52-0591612_FrederickHealthHospital_standardcharges.csv
"Frederick Health Hospital, Inc.",52-0591612,83497,CPT,5-HIAA RANDOM,both,,,,min,60.08,,,3/17/2025,52-0591612_FrederickHealthHospital_standardcharges.csv
"Frederick Health Hospital, Inc.",52-0591612,83497,CPT,5-HIAA RANDOM,both,,,,max,61.31,,,3/17/2025,52-0591612_FrederickHealthHospital_standardcharges.csv
"Frederick Health Hospital, Inc.",52-0591612,83497,CPT,5-HIAA RANDOM,both,,All Payers,All Plans,estimated,61.31,,other,3/17/2025,52-0591612_FrederickHealthHospital_standardcharges.csv
"Frederick Health Hospital, Inc.",52-0591612,93140,CDM,5-HIAA RANDOM,both,,,,gross,61.31,,,3/17/2025,52-0591612_FrederickHealthHospital_standardcharges.csv
"Frederick Health Hospital, Inc.",52-0591612,93140,CDM,5-HIAA RANDOM,both,,,,discounted_cash,60.08,,,3/17/2025,52-0591612_FrederickHealthHospital_standardcharges.csv
"Frederick Health Hospital, Inc.",52-0591612,93140,CDM,5-HIAA RANDOM,both,,,,min,60.08,,,3/17/2025,52-0591612_FrederickHealthHospital_standardcharges.csv
"Frederick Health Hospital, Inc.",52-0591612,93140,CDM,5-HIAA RANDOM,both,,,,max,61.31,,,3/17/2025,52-0591612_FrederickHealthHospital_standardcharges.csv
"Frederick Health Hospital, Inc.",52-0591612,93140,CDM,5-HIAA RANDOM,both,,All Payers,All Plans,estimated,61.31,,other,3/17/2025,52-0591612_FrederickHealthHospital_standardcharges.csv
"Frederick Health Hospital, Inc.",52-0591612,83497,CPT,5-HIAA TIMED URINE,both,,,,gross,61.31,,,3/17/2025,52-0591612_FrederickHealthHospital_standardcharges.csv
"Frederick Health Hospital, Inc.",52-0591612,83497,CPT,5-HIAA TIMED URINE,both,,,,discounted_cash,60.08,,,3/17/2025,52-0591612_FrederickHealthHospital_standardcharges.csv
"Frederick Health Hospital, Inc.",52-0591612,83497,CPT,5-HIAA TIMED URINE,both,,,,min,60.08,,,3/17/2025,52-0591612_FrederickHealthHospital_standardcharges.csv
"Frederick Health Hospital, Inc.",52-0591612,83497,CPT,5-HIAA TIMED URINE,both,,,,max,61.31,,,3/17/2025,52-0591612_FrederickHealthHospital_standardcharges.csv
"Frederick Health Hospital, Inc.",52-0591612,83497,CPT,5-HIAA TIMED URINE,both,,All Payers,All Plans,estimated,61.31,,other,3/17/2025,52-0591612_FrederickHealthHospital_standardcharges.csv
"Frederick Health Hospital, Inc.",52-0591612,91446,CDM,5-HIAA TIMED URINE,both,,,,gross,61.31,,,3/17/2025,52-0591612_FrederickHealthHospital_standardcharges.csv
"Frederick Health Hospital, Inc.",52-0591612,91446,CDM,5-HIAA TIMED URINE,both,,,,discounted_cash,60.08,,,3/17/2025,52-0591612_FrederickHealthHospital_standardcharges.csv
"Frederick Health Hospital, Inc.",52-0591612,91446,CDM,5-HIAA TIMED URINE,both,,,,min,60.08,,,3/17/2025,52-0591612_FrederickHealthHospital_standardcharges.csv
"Frederick Health Hospital, Inc.",52-0591612,91446,CDM,5-HIAA TIMED URINE,both,,,,max,61.31,,,3/17/2025,52-0591612_FrederickHealthHospital_standardcharges.csv
"Frederick Health Hospital, Inc.",52-0591612,91446,CDM,5-HIAA TIMED URINE,both,,All Payers,All Plans,estimated,61.31,,other,3/17/2025,52-0591612_FrederickHealthHospital_standardcharges.csv
"Frederick Health Hospital, Inc.",52-0591612,C1713,HCPCS,5.0MM VAL SCREW OPTILINK,both,,,,gross,410.9,,,3/17/2025,52-0591612_FrederickHealthHospital_standardcharges.csv
"Frederick Health Hospital, Inc.",52-0591612,C1713,HCPCS,5.0MM VAL SCREW OPTILINK,both,,,,discounted_cash,402.68,,,3/17/2025,52-0591612_FrederickHealthHospital_standardcharges.csv
"Frederick Health Hospital, Inc.",52-0591612,C1713,HCPCS,5.0MM VAL SCREW OPTILINK,both,,,,min,402.68,,,3/17/2025,52-0591612_FrederickHealthHospital_standardcharges.csv
"Frederick Health Hospital, Inc.",52-0591612,C1713,HCPCS,5.0MM VAL SCREW OPTILINK,both,,,,max,410.9,,,3/17/2025,52-0591612_FrederickHealthHospital_standardcharges.csv
"Frederick Health Hospital, Inc.",52-0591612,C1713,HCPCS,5.0MM VAL SCREW OPTILINK,both,,All Payers,All Plans,estimated,410.9,,other,3/17/2025,52-0591612_FrederickHealthHospital_standardcharges.csv
"Frederick Health Hospital, Inc.",52-0591612,P2081,CDM,5.0MM VAL SCREW OPTILINK,both,,,,gross,410.9,,,3/17/2025,52-0591612_FrederickHealthHospital_standardcharges.csv
"Frederick Health Hospital, Inc.",52-0591612,P2081,CDM,5.0MM VAL SCREW OPTILINK,both,,,,discounted_cash,402.68,,,3/17/2025,52-0591612_FrederickHealthHospital_standardcharges.csv
"Frederick Health Hospital, Inc.",52-0591612,P2081,CDM,5.0MM VAL SCREW OPTILINK,both,,,,min,402.68,,,3/17/2025,52-0591612_FrederickHealthHospital_standardcharges.csv
"Frederick Health Hospital, Inc.",52-0591612,P2081,CDM,5.0MM VAL SCREW OPTILINK,both,,,,max,410.9,,,3/17/2025,52-0591612_FrederickHealthHospital_standardcharges.csv
"Frederick Health Hospital, Inc.",52-0591612,P2081,CDM,5.0MM VAL SCREW OPTILINK,both,,All Payers,All Plans,estimated,410.9,,other,3/17/2025,52-0591612_FrederickHealthHospital_standardcharges.csv
"Frederick Health Hospital, Inc.",52-0591612,P2082,CDM,5.0MM VAL SCREW OPTILINK,both,,,,gross,410.9,,,3/17/2025,52-0591612_FrederickHealthHospital_standardcharges.csv
"Frederick Health Hospital, Inc.",52-0591612,P2082,CDM,5.0MM VAL SCREW OPTILINK,both,,,,discounted_cash,402.68,,,3/17/2025,52-0591612_FrederickHealthHospital_standardcharges.csv
"Frederick Health Hospital, Inc.",52-0591612,P2082,CDM,5.0MM VAL SCREW OPTILINK,both,,,,min,402.68,,,3/17/2025,52-0591612_FrederickHealthHospital_standardcharges.csv
"Frederick Health Hospital, Inc.",52-0591612,P2082,CDM,5.0MM VAL SCREW OPTILINK,both,,,,max,410.9,,,3/17/2025,52-0591612_FrederickHealthHospital_standardcharges.csv
"Frederick Health Hospital, Inc.",52-0591612,P2082,CDM,5.0MM VAL SCREW OPTILINK,both,,All Payers,All Plans,estimated,410.9,,other,3/17/2025,52-0591612_FrederickHealthHospital_standardcharges.csv
"Frederick Health Hospital, Inc.",52-0591612,P2083,CDM,5.0MM VAL SCREW OPTILINK,both,,,,gross,410.9,,,3/17/2025,52-0591612_FrederickHealthHospital_standardcharges.csv
"Frederick Health Hospital, Inc.",52-0591612,P2083,CDM,5.0MM VAL SCREW OPTILINK,both,,,,discounted_cash,402.68,,,3/17/2025,52-0591612_FrederickHealthHospital_standardcharges.csv
"Frederick Health Hospital, Inc.",52-0591612,P2083,CDM,5.0MM VAL SCREW OPTILINK,both,,,,min,402.68,,,3/17/2025,52-0591612_FrederickHealthHospital_standardcharges.csv
"Frederick Health Hospital, Inc.",52-0591612,P2083,CDM,5.0MM VAL SCREW OPTILINK,both,,,,max,410.9,,,3/17/2025,52-0591612_FrederickHealthHospital_standardcharges.csv
"Frederick Health Hospital, Inc.",52-0591612,P2083,CDM,5.0MM VAL SCREW OPTILINK,both,,All Payers,All Plans,estimated,410.9,,other,3/17/2025,52-0591612_FrederickHealthHospital_standardcharges.csv
"Frederick Health Hospital, Inc.",52-0591612,C1713,HCPCS,5.0MM VAL SCREW/ OPTILINK,both,,,,gross,410.9,,,3/17/2025,52-0591612_FrederickHealthHospital_standardcharges.csv
"Frederick Health Hospital, Inc.",52-0591612,C1713,HCPCS,5.0MM VAL SCREW/ OPTILINK,both,,,,discounted_cash,402.68,,,3/17/2025,52-0591612_FrederickHealthHospital_standardcharges.csv
"Frederick Health Hospital, Inc.",52-0591612,C1713,HCPCS,5.0MM VAL SCREW/ OPTILINK,both,,,,min,402.68,,,3/17/2025,52-0591612_FrederickHealthHospital_standardcharges.csv
"Frederick Health Hospital, Inc.",52-0591612,C1713,HCPCS,5.0MM VAL SCREW/ OPTILINK,both,,,,max,410.9,,,3/17/2025,52-0591612_FrederickHealthHospital_standardcharges.csv
"Frederick Health Hospital, Inc.",52-0591612,C1713,HCPCS,5.0MM VAL SCREW/ OPTILINK,both,,All Payers,All Plans,estimated,410.9,,other,3/17/2025,52-0591612_FrederickHealthHospital_standardcharges.csv
"Frederick Health Hospital, Inc.",52-0591612,P2084,CDM,5.0MM VAL SCREW/ OPTILINK,both,,,,gross,410.9,,,3/17/2025,52-0591612_FrederickHealthHospital_standardcharges.csv
"Frederick Health Hospital, Inc.",52-0591612,P2084,CDM,5.0MM VAL SCREW/ OPTILINK,both,,,,discounted_cash,402.68,,,3/17/2025,52-0591612_FrederickHealthHospital_standardcharges.csv
"Frederick Health Hospital, Inc.",52-0591612,P2084,CDM,5.0MM VAL SCREW/ OPTILINK,both,,,,min,402.68,,,3/17/2025,52-0591612_FrederickHealthHospital_standardcharges.csv
"Frederick Health Hospital, Inc.",52-0591612,P2084,CDM,5.0MM VAL SCREW/ OPTILINK,both,,,,max,410.9,,,3/17/2025,52-0591612_FrederickHealthHospital_standardcharges.csv
"Frederick Health Hospital, Inc.",52-0591612,P2084,CDM,5.0MM VAL SCREW/ OPTILINK,both,,All Payers,All Plans,estimated,410.9,,other,3/17/2025,52-0591612_FrederickHealthHospital_standardcharges.csv
"Frederick Health Hospital, Inc.",52-0591612,P2085,CDM,5.0MM VAL SCREW/ OPTILINK,both,,,,gross,410.9,,,3/17/2025,52-0591612_FrederickHealthHospital_standardcharges.csv
"Frederick Health Hospital, Inc.",52-0591612,P2085,CDM,5.0MM VAL SCREW/ OPTILINK,both,,,,discounted_cash,402.68,,,3/17/2025,52-0591612_FrederickHealthHospital_standardcharges.csv
"Frederick Health Hospital, Inc.",52-0591612,P2085,CDM,5.0MM VAL SCREW/ OPTILINK,both,,,,min,402.68,,,3/17/2025,52-0591612_FrederickHealthHospital_standardcharges.csv
"Frederick Health Hospital, Inc.",52-0591612,P2085,CDM,5.0MM VAL SCREW/ OPTILINK,both,,,,max,410.9,,,3/17/2025,52-0591612_FrederickHealthHospital_standardcharges.csv
"Frederick Health Hospital, Inc.",52-0591612,P2085,CDM,5.0MM VAL SCREW/ OPTILINK,both,,All Payers,All Plans,estimated,410.9,,other,3/17/2025,52-0591612_FrederickHealthHospital_standardcharges.csv
"Frederick Health Hospital, Inc.",52-0591612,P2086,CDM,5.0MM VAL SCREW/ OPTILINK,both,,,,gross,410.9,,,3/17/2025,52-0591612_FrederickHealthHospital_standardcharges.csv
"Frederick Health Hospital, Inc.",52-0591612,P2086,CDM,5.0MM VAL SCREW/ OPTILINK,both,,,,discounted_cash,402.68,,,3/17/2025,52-0591612_FrederickHealthHospital_standardcharges.csv
"Frederick Health Hospital, Inc.",52-0591612,P2086,CDM,5.0MM VAL SCREW/ OPTILINK,both,,,,min,402.68,,,3/17/2025,52-0591612_FrederickHealthHospital_standardcharges.csv
"Frederick Health Hospital, Inc.",52-0591612,P2086,CDM,5.0MM VAL SCREW/ OPTILINK,both,,,,max,410.9,,,3/17/2025,52-0591612_FrederickHealthHospital_standardcharges.csv
"Frederick Health Hospital, Inc.",52-0591612,P2086,CDM,5.0MM VAL SCREW/ OPTILINK,both,,All Payers,All Plans,estimated,410.9,,other,3/17/2025,52-0591612_FrederickHealthHospital_standardcharges.csv
"Frederick Health Hospital, Inc.",52-0591612,C1713,HCPCS,5.5MM TI CANN SCREW FT 105MM,both,,,,gross,756.56,,,3/17/2025,52-0591612_FrederickHealthHospital_standardcharges.csv
"Frederick Health Hospital, Inc.",52-0591612,C1713,HCPCS,5.5MM TI CANN SCREW FT 105MM,both,,,,discounted_cash,741.43,,,3/17/2025,52-0591612_FrederickHealthHospital_standardcharges.csv
"Frederick Health Hospital, Inc.",52-0591612,C1713,HCPCS,5.5MM TI CANN SCREW FT 105MM,both,,,,min,741.43,,,3/17/2025,52-0591612_FrederickHealthHospital_standardcharges.csv
"Frederick Health Hospital, Inc.",52-0591612,C1713,HCPCS,5.5MM TI CANN SCREW FT 105MM,both,,,,max,756.56,,,3/17/2025,52-0591612_FrederickHealthHospital_standardcharges.csv
"Frederick Health Hospital, Inc.",52-0591612,C1713,HCPCS,5.5MM TI CANN SCREW FT 105MM,both,,All Payers,All Plans,estimated,756.56,,other,3/17/2025,52-0591612_FrederickHealthHospital_standardcharges.csv
"Frederick Health Hospital, Inc.",52-0591612,P1748,CDM,5.5MM TI CANN SCREW FT 105MM,both,,,,gross,756.56,,,3/17/2025,52-0591612_FrederickHealthHospital_standardcharges.csv
"Frederick Health Hospital, Inc.",52-0591612,P1748,CDM,5.5MM TI CANN SCREW FT 105MM,both,,,,discounted_cash,741.43,,,3/17/2025,52-0591612_FrederickHealthHospital_standardcharges.csv
"Frederick Health Hospital, Inc.",52-0591612,P1748,CDM,5.5MM TI CANN SCREW FT 105MM,both,,,,min,741.43,,,3/17/2025,52-0591612_FrederickHealthHospital_standardcharges.csv
"Frederick Health Hospital, Inc.",52-0591612,P1748,CDM,5.5MM TI CANN SCREW FT 105MM,both,,,,max,756.56,,,3/17/2025,52-0591612_FrederickHealthHospital_standardcharges.csv
"Frederick Health Hospital, Inc.",52-0591612,P1748,CDM,5.5MM TI CANN SCREW FT 105MM,both,,All Payers,All Plans,estimated,756.56,,other,3/17/2025,52-0591612_FrederickHealthHospital_standardcharges.csv
"Frederick Health Hospital, Inc.",52-0591612,C1713,HCPCS,5.5MM TI CANN SCREW FT 50MM,both,,,,gross,756.56,,,3/17/2025,52-0591612_FrederickHealthHospital_standardcharges.csv
"Frederick Health Hospital, Inc.",52-0591612,C1713,HCPCS,5.5MM TI CANN SCREW FT 50MM,both,,,,discounted_cash,741.43,,,3/17/2025,52-0591612_FrederickHealthHospital_standardcharges.csv
"Frederick Health Hospital, Inc.",52-0591612,C1713,HCPCS,5.5MM TI CANN SCREW FT 50MM,both,,,,min,741.43,,,3/17/2025,52-0591612_FrederickHealthHospital_standardcharges.csv
"Frederick Health Hospital, Inc.",52-0591612,C1713,HCPCS,5.5MM TI CANN SCREW FT 50MM,both,,,,max,756.56,,,3/17/2025,52-0591612_FrederickHealthHospital_standardcharges.csv
"Frederick Health Hospital, Inc.",52-0591612,C1713,HCPCS,5.5MM TI CANN SCREW FT 50MM,both,,All Payers,All Plans,estimated,756.56,,other,3/17/2025,52-0591612_FrederickHealthHospital_standardcharges.csv
"Frederick Health Hospital, Inc.",52-0591612,P1767,CDM,5.5MM TI CANN SCREW FT 50MM,both,,,,gross,756.56,,,3/17/2025,52-0591612_FrederickHealthHospital_standardcharges.csv
"Frederick Health Hospital, Inc.",52-0591612,P1767,CDM,5.5MM TI CANN SCREW FT 50MM,both,,,,discounted_cash,741.43,,,3/17/2025,52-0591612_FrederickHealthHospital_standardcharges.csv
"Frederick Health Hospital, Inc.",52-0591612,P1767,CDM,5.5MM TI CANN SCREW FT 50MM,both,,,,min,741.43,,,3/17/2025,52-0591612_FrederickHealthHospital_standardcharges.csv
"Frederick Health Hospital, Inc.",52-0591612,P1767,CDM,5.5MM TI CANN SCREW FT 50MM,both,,,,max,756.56,,,3/17/2025,52-0591612_FrederickHealthHospital_standardcharges.csv
"Frederick Health Hospital, Inc.",52-0591612,P1767,CDM,5.5MM TI CANN SCREW FT 50MM,both,,All Payers,All Plans,estimated,756.56,,other,3/17/2025,52-0591612_FrederickHealthHospital_standardcharges.csv
"Frederick Health Hospital, Inc.",52-0591612,14532,CDM,"500 ML BAG, PVC *",both,,,,gross,15.42,,,3/17/2025,52-0591612_FrederickHealthHospital_standardcharges.csv
"Frederick Health Hospital, Inc.",52-0591612,14532,CDM,"500 ML BAG, PVC *",both,,,,discounted_cash,15.11,,,3/17/2025,52-0591612_FrederickHealthHospital_standardcharges.csv
"Frederick Health Hospital, Inc.",52-0591612,14532,CDM,"500 ML BAG, PVC *",both,,,,min,15.11,,,3/17/2025,52-0591612_FrederickHealthHospital_standardcharges.csv
"Frederick Health Hospital, Inc.",52-0591612,14532,CDM,"500 ML BAG, PVC *",both,,,,max,15.42,,,3/17/2025,52-0591612_FrederickHealthHospital_standardcharges.csv
"Frederick Health Hospital, Inc.",52-0591612,14532,CDM,"500 ML BAG, PVC *",both,,All Payers,All Plans,estimated,15.42,,other,3/17/2025,52-0591612_FrederickHealthHospital_standardcharges.csv
"Frederick Health Hospital, Inc.",52-0591612,00491,CDM,5F CORDIS TEMP PACING LEAD,both,,,,gross,366.34,,,3/17/2025,52-0591612_FrederickHealthHospital_standardcharges.csv
"Frederick Health Hospital, Inc.",52-0591612,00491,CDM,5F CORDIS TEMP PACING LEAD,both,,,,discounted_cash,359.01,,,3/17/2025,52-0591612_FrederickHealthHospital_standardcharges.csv
"Frederick Health Hospital, Inc.",52-0591612,00491,CDM,5F CORDIS TEMP PACING LEAD,both,,,,min,359.01,,,3/17/2025,52-0591612_FrederickHealthHospital_standardcharges.csv
"Frederick Health Hospital, Inc.",52-0591612,00491,CDM,5F CORDIS TEMP PACING LEAD,both,,,,max,366.34,,,3/17/2025,52-0591612_FrederickHealthHospital_standardcharges.csv
"Frederick Health Hospital, Inc.",52-0591612,00491,CDM,5F CORDIS TEMP PACING LEAD,both,,All Payers,All Plans,estimated,366.34,,other,3/17/2025,52-0591612_FrederickHealthHospital_standardcharges.csv
"Frederick Health Hospital, Inc.",52-0591612,C1779,HCPCS,5F CORDIS TEMP PACING LEAD,both,,,,gross,366.34,,,3/17/2025,52-0591612_FrederickHealthHospital_standardcharges.csv
"Frederick Health Hospital, Inc.",52-0591612,C1779,HCPCS,5F CORDIS TEMP PACING LEAD,both,,,,discounted_cash,359.01,,,3/17/2025,52-0591612_FrederickHealthHospital_standardcharges.csv
"Frederick Health Hospital, Inc.",52-0591612,C1779,HCPCS,5F CORDIS TEMP PACING LEAD,both,,,,min,359.01,,,3/17/2025,52-0591612_FrederickHealthHospital_standardcharges.csv
"Frederick Health Hospital, Inc.",52-0591612,C1779,HCPCS,5F CORDIS TEMP PACING LEAD,both,,,,max,366.34,,,3/17/2025,52-0591612_FrederickHealthHospital_standardcharges.csv
"Frederick Health Hospital, Inc.",52-0591612,C1779,HCPCS,5F CORDIS TEMP PACING LEAD,both,,All Payers,All Plans,estimated,366.34,,other,3/17/2025,52-0591612_FrederickHealthHospital_standardcharges.csv
"Frederick Health Hospital, Inc.",52-0591612,27008,CDM,5F MATARJEME CATH,both,,,,gross,76.15,,,3/17/2025,52-0591612_FrederickHealthHospital_standardcharges.csv
"Frederick Health Hospital, Inc.",52-0591612,27008,CDM,5F MATARJEME CATH,both,,,,discounted_cash,74.63,,,3/17/2025,52-0591612_FrederickHealthHospital_standardcharges.csv
"Frederick Health Hospital, Inc.",52-0591612,27008,CDM,5F MATARJEME CATH,both,,,,min,74.63,,,3/17/2025,52-0591612_FrederickHealthHospital_standardcharges.csv
"Frederick Health Hospital, Inc.",52-0591612,27008,CDM,5F MATARJEME CATH,both,,,,max,76.15,,,3/17/2025,52-0591612_FrederickHealthHospital_standardcharges.csv
"Frederick Health Hospital, Inc.",52-0591612,27008,CDM,5F MATARJEME CATH,both,,All Payers,All Plans,estimated,76.15,,other,3/17/2025,52-0591612_FrederickHealthHospital_standardcharges.csv
"Frederick Health Hospital, Inc.",52-0591612,C1730,HCPCS,5F MATARJEME CATH,both,,,,gross,76.15,,,3/17/2025,52-0591612_FrederickHealthHospital_standardcharges.csv
"Frederick Health Hospital, Inc.",52-0591612,C1730,HCPCS,5F MATARJEME CATH,both,,,,discounted_cash,74.63,,,3/17/2025,52-0591612_FrederickHealthHospital_standardcharges.csv
"Frederick Health Hospital, Inc.",52-0591612,C1730,HCPCS,5F MATARJEME CATH,both,,,,min,74.63,,,3/17/2025,52-0591612_FrederickHealthHospital_standardcharges.csv
"Frederick Health Hospital, Inc.",52-0591612,C1730,HCPCS,5F MATARJEME CATH,both,,,,max,76.15,,,3/17/2025,52-0591612_FrederickHealthHospital_standardcharges.csv
"Frederick Health Hospital, Inc.",52-0591612,C1730,HCPCS,5F MATARJEME CATH,both,,All Payers,All Plans,estimated,76.15,,other,3/17/2025,52-0591612_FrederickHealthHospital_standardcharges.csv
"Frederick Health Hospital, Inc.",52-0591612,00553,CDM,5F SELECT CATH H1H,both,,,,gross,275.7,,,3/17/2025,52-0591612_FrederickHealthHospital_standardcharges.csv
"Frederick Health Hospital, Inc.",52-0591612,00553,CDM,5F SELECT CATH H1H,both,,,,discounted_cash,270.19,,,3/17/2025,52-0591612_FrederickHealthHospital_standardcharges.csv
"Frederick Health Hospital, Inc.",52-0591612,00553,CDM,5F SELECT CATH H1H,both,,,,min,270.19,,,3/17/2025,52-0591612_FrederickHealthHospital_standardcharges.csv
"Frederick Health Hospital, Inc.",52-0591612,00553,CDM,5F SELECT CATH H1H,both,,,,max,275.7,,,3/17/2025,52-0591612_FrederickHealthHospital_standardcharges.csv
"Frederick Health Hospital, Inc.",52-0591612,00553,CDM,5F SELECT CATH H1H,both,,All Payers,All Plans,estimated,275.7,,other,3/17/2025,52-0591612_FrederickHealthHospital_standardcharges.csv
"Frederick Health Hospital, Inc.",52-0591612,C1730,HCPCS,5F SELECT CATH H1H,both,,,,gross,275.7,,,3/17/2025,52-0591612_FrederickHealthHospital_standardcharges.csv
"Frederick Health Hospital, Inc.",52-0591612,C1730,HCPCS,5F SELECT CATH H1H,both,,,,discounted_cash,270.19,,,3/17/2025,52-0591612_FrederickHealthHospital_standardcharges.csv
"Frederick Health Hospital, Inc.",52-0591612,C1730,HCPCS,5F SELECT CATH H1H,both,,,,min,270.19,,,3/17/2025,52-0591612_FrederickHealthHospital_standardcharges.csv
"Frederick Health Hospital, Inc.",52-0591612,C1730,HCPCS,5F SELECT CATH H1H,both,,,,max,275.7,,,3/17/2025,52-0591612_FrederickHealthHospital_standardcharges.csv
"Frederick Health Hospital, Inc.",52-0591612,C1730,HCPCS,5F SELECT CATH H1H,both,,All Payers,All Plans,estimated,275.7,,other,3/17/2025,52-0591612_FrederickHealthHospital_standardcharges.csv
"Frederick Health Hospital, Inc.",52-0591612,00556,CDM,5F VISERAL CATH-C2 COBRA,both,,,,gross,52.54,,,3/17/2025,52-0591612_FrederickHealthHospital_standardcharges.csv
"Frederick Health Hospital, Inc.",52-0591612,00556,CDM,5F VISERAL CATH-C2 COBRA,both,,,,discounted_cash,51.49,,,3/17/2025,52-0591612_FrederickHealthHospital_standardcharges.csv
"Frederick Health Hospital, Inc.",52-0591612,00556,CDM,5F VISERAL CATH-C2 COBRA,both,,,,min,51.49,,,3/17/2025,52-0591612_FrederickHealthHospital_standardcharges.csv
"Frederick Health Hospital, Inc.",52-0591612,00556,CDM,5F VISERAL CATH-C2 COBRA,both,,,,max,52.54,,,3/17/2025,52-0591612_FrederickHealthHospital_standardcharges.csv
"Frederick Health Hospital, Inc.",52-0591612,00556,CDM,5F VISERAL CATH-C2 COBRA,both,,All Payers,All Plans,estimated,52.54,,other,3/17/2025,52-0591612_FrederickHealthHospital_standardcharges.csv
"Frederick Health Hospital, Inc.",52-0591612,C1730,HCPCS,5F VISERAL CATH-C2 COBRA,both,,,,gross,52.54,,,3/17/2025,52-0591612_FrederickHealthHospital_standardcharges.csv
"Frederick Health Hospital, Inc.",52-0591612,C1730,HCPCS,5F VISERAL CATH-C2 COBRA,both,,,,discounted_cash,51.49,,,3/17/2025,52-0591612_FrederickHealthHospital_standardcharges.csv
"Frederick Health Hospital, Inc.",52-0591612,C1730,HCPCS,5F VISERAL CATH-C2 COBRA,both,,,,min,51.49,,,3/17/2025,52-0591612_FrederickHealthHospital_standardcharges.csv
"Frederick Health Hospital, Inc.",52-0591612,C1730,HCPCS,5F VISERAL CATH-C2 COBRA,both,,,,max,52.54,,,3/17/2025,52-0591612_FrederickHealthHospital_standardcharges.csv
"Frederick Health Hospital, Inc.",52-0591612,C1730,HCPCS,5F VISERAL CATH-C2 COBRA,both,,All Payers,All Plans,estimated,52.54,,other,3/17/2025,52-0591612_FrederickHealthHospital_standardcharges.csv
"Frederick Health Hospital, Inc.",52-0591612,C1779,HCPCS,5FR TEMP PACER SVC/IJV,both,,,,gross,274.56,,,3/17/2025,52-0591612_FrederickHealthHospital_standardcharges.csv
"Frederick Health Hospital, Inc.",52-0591612,C1779,HCPCS,5FR TEMP PACER SVC/IJV,both,,,,discounted_cash,269.07,,,3/17/2025,52-0591612_FrederickHealthHospital_standardcharges.csv
"Frederick Health Hospital, Inc.",52-0591612,C1779,HCPCS,5FR TEMP PACER SVC/IJV,both,,,,min,269.07,,,3/17/2025,52-0591612_FrederickHealthHospital_standardcharges.csv
"Frederick Health Hospital, Inc.",52-0591612,C1779,HCPCS,5FR TEMP PACER SVC/IJV,both,,,,max,274.56,,,3/17/2025,52-0591612_FrederickHealthHospital_standardcharges.csv
"Frederick Health Hospital, Inc.",52-0591612,C1779,HCPCS,5FR TEMP PACER SVC/IJV,both,,All Payers,All Plans,estimated,274.56,,other,3/17/2025,52-0591612_FrederickHealthHospital_standardcharges.csv
"Frederick Health Hospital, Inc.",52-0591612,CL849,CDM,5FR TEMP PACER SVC/IJV,both,,,,gross,274.56,,,3/17/2025,52-0591612_FrederickHealthHospital_standardcharges.csv
"Frederick Health Hospital, Inc.",52-0591612,CL849,CDM,5FR TEMP PACER SVC/IJV,both,,,,discounted_cash,269.07,,,3/17/2025,52-0591612_FrederickHealthHospital_standardcharges.csv
"Frederick Health Hospital, Inc.",52-0591612,CL849,CDM,5FR TEMP PACER SVC/IJV,both,,,,min,269.07,,,3/17/2025,52-0591612_FrederickHealthHospital_standardcharges.csv
"Frederick Health Hospital, Inc.",52-0591612,CL849,CDM,5FR TEMP PACER SVC/IJV,both,,,,max,274.56,,,3/17/2025,52-0591612_FrederickHealthHospital_standardcharges.csv
"Frederick Health Hospital, Inc.",52-0591612,CL849,CDM,5FR TEMP PACER SVC/IJV,both,,All Payers,All Plans,estimated,274.56,,other,3/17/2025,52-0591612_FrederickHealthHospital_standardcharges.csv
"Frederick Health Hospital, Inc.",52-0591612,CL054,CDM,5Fr x 65cm CATHETER CONTR FLSH,both,,,,gross,39.69,,,3/17/2025,52-0591612_FrederickHealthHospital_standardcharges.csv
"Frederick Health Hospital, Inc.",52-0591612,CL054,CDM,5Fr x 65cm CATHETER CONTR FLSH,both,,,,discounted_cash,38.9,,,3/17/2025,52-0591612_FrederickHealthHospital_standardcharges.csv
"Frederick Health Hospital, Inc.",52-0591612,CL054,CDM,5Fr x 65cm CATHETER CONTR FLSH,both,,,,min,38.9,,,3/17/2025,52-0591612_FrederickHealthHospital_standardcharges.csv
"Frederick Health Hospital, Inc.",52-0591612,CL054,CDM,5Fr x 65cm CATHETER CONTR FLSH,both,,,,max,39.69,,,3/17/2025,52-0591612_FrederickHealthHospital_standardcharges.csv
"Frederick Health Hospital, Inc.",52-0591612,CL054,CDM,5Fr x 65cm CATHETER CONTR FLSH,both,,All Payers,All Plans,estimated,39.69,,other,3/17/2025,52-0591612_FrederickHealthHospital_standardcharges.csv
"Frederick Health Hospital, Inc.",52-0591612,C1894,HCPCS,5FR X 90CM SHUTTLE SHEATH,both,,,,gross,385.6,,,3/17/2025,52-0591612_FrederickHealthHospital_standardcharges.csv
"Frederick Health Hospital, Inc.",52-0591612,C1894,HCPCS,5FR X 90CM SHUTTLE SHEATH,both,,,,discounted_cash,377.89,,,3/17/2025,52-0591612_FrederickHealthHospital_standardcharges.csv
"Frederick Health Hospital, Inc.",52-0591612,C1894,HCPCS,5FR X 90CM SHUTTLE SHEATH,both,,,,min,377.89,,,3/17/2025,52-0591612_FrederickHealthHospital_standardcharges.csv
"Frederick Health Hospital, Inc.",52-0591612,C1894,HCPCS,5FR X 90CM SHUTTLE SHEATH,both,,,,max,385.6,,,3/17/2025,52-0591612_FrederickHealthHospital_standardcharges.csv
"Frederick Health Hospital, Inc.",52-0591612,C1894,HCPCS,5FR X 90CM SHUTTLE SHEATH,both,,All Payers,All Plans,estimated,385.6,,other,3/17/2025,52-0591612_FrederickHealthHospital_standardcharges.csv
"Frederick Health Hospital, Inc.",52-0591612,CL831,CDM,5FR X 90CM SHUTTLE SHEATH,both,,,,gross,385.6,,,3/17/2025,52-0591612_FrederickHealthHospital_standardcharges.csv
"Frederick Health Hospital, Inc.",52-0591612,CL831,CDM,5FR X 90CM SHUTTLE SHEATH,both,,,,discounted_cash,377.89,,,3/17/2025,52-0591612_FrederickHealthHospital_standardcharges.csv
"Frederick Health Hospital, Inc.",52-0591612,CL831,CDM,5FR X 90CM SHUTTLE SHEATH,both,,,,min,377.89,,,3/17/2025,52-0591612_FrederickHealthHospital_standardcharges.csv
"Frederick Health Hospital, Inc.",52-0591612,CL831,CDM,5FR X 90CM SHUTTLE SHEATH,both,,,,max,385.6,,,3/17/2025,52-0591612_FrederickHealthHospital_standardcharges.csv
"Frederick Health Hospital, Inc.",52-0591612,CL831,CDM,5FR X 90CM SHUTTLE SHEATH,both,,All Payers,All Plans,estimated,385.6,,other,3/17/2025,52-0591612_FrederickHealthHospital_standardcharges.csv
"Frederick Health Hospital, Inc.",52-0591612,82570,CPT,5HIAA CREAT 24 HR URINE,both,,,,gross,20.44,,,3/17/2025,52-0591612_FrederickHealthHospital_standardcharges.csv
"Frederick Health Hospital, Inc.",52-0591612,82570,CPT,5HIAA CREAT 24 HR URINE,both,,,,discounted_cash,20.03,,,3/17/2025,52-0591612_FrederickHealthHospital_standardcharges.csv
"Frederick Health Hospital, Inc.",52-0591612,82570,CPT,5HIAA CREAT 24 HR URINE,both,,,,min,20.03,,,3/17/2025,52-0591612_FrederickHealthHospital_standardcharges.csv
"Frederick Health Hospital, Inc.",52-0591612,82570,CPT,5HIAA CREAT 24 HR URINE,both,,,,max,20.44,,,3/17/2025,52-0591612_FrederickHealthHospital_standardcharges.csv
"Frederick Health Hospital, Inc.",52-0591612,82570,CPT,5HIAA CREAT 24 HR URINE,both,,All Payers,All Plans,estimated,20.44,,other,3/17/2025,52-0591612_FrederickHealthHospital_standardcharges.csv
"Frederick Health Hospital, Inc.",52-0591612,92878,CDM,5HIAA CREAT 24 HR URINE,both,,,,gross,20.44,,,3/17/2025,52-0591612_FrederickHealthHospital_standardcharges.csv
"Frederick Health Hospital, Inc.",52-0591612,92878,CDM,5HIAA CREAT 24 HR URINE,both,,,,discounted_cash,20.03,,,3/17/2025,52-0591612_FrederickHealthHospital_standardcharges.csv
"Frederick Health Hospital, Inc.",52-0591612,92878,CDM,5HIAA CREAT 24 HR URINE,both,,,,min,20.03,,,3/17/2025,52-0591612_FrederickHealthHospital_standardcharges.csv
"Frederick Health Hospital, Inc.",52-0591612,92878,CDM,5HIAA CREAT 24 HR URINE,both,,,,max,20.44,,,3/17/2025,52-0591612_FrederickHealthHospital_standardcharges.csv
"Frederick Health Hospital, Inc.",52-0591612,92878,CDM,5HIAA CREAT 24 HR URINE,both,,All Payers,All Plans,estimated,20.44,,other,3/17/2025,52-0591612_FrederickHealthHospital_standardcharges.csv
"Frederick Health Hospital, Inc.",52-0591612,00836,CDM,6 FR AMPLATZ ALI,both,,,,gross,42.04,,,3/17/2025,52-0591612_FrederickHealthHospital_standardcharges.csv
"Frederick Health Hospital, Inc.",52-0591612,00836,CDM,6 FR AMPLATZ ALI,both,,,,discounted_cash,41.2,,,3/17/2025,52-0591612_FrederickHealthHospital_standardcharges.csv
"Frederick Health Hospital, Inc.",52-0591612,00836,CDM,6 FR AMPLATZ ALI,both,,,,min,41.2,,,3/17/2025,52-0591612_FrederickHealthHospital_standardcharges.csv
"Frederick Health Hospital, Inc.",52-0591612,00836,CDM,6 FR AMPLATZ ALI,both,,,,max,42.04,,,3/17/2025,52-0591612_FrederickHealthHospital_standardcharges.csv
"Frederick Health Hospital, Inc.",52-0591612,00836,CDM,6 FR AMPLATZ ALI,both,,All Payers,All Plans,estimated,42.04,,other,3/17/2025,52-0591612_FrederickHealthHospital_standardcharges.csv
"Frederick Health Hospital, Inc.",52-0591612,C1730,HCPCS,6 FR AMPLATZ ALI,both,,,,gross,42.04,,,3/17/2025,52-0591612_FrederickHealthHospital_standardcharges.csv
"Frederick Health Hospital, Inc.",52-0591612,C1730,HCPCS,6 FR AMPLATZ ALI,both,,,,discounted_cash,41.2,,,3/17/2025,52-0591612_FrederickHealthHospital_standardcharges.csv
"Frederick Health Hospital, Inc.",52-0591612,C1730,HCPCS,6 FR AMPLATZ ALI,both,,,,min,41.2,,,3/17/2025,52-0591612_FrederickHealthHospital_standardcharges.csv
"Frederick Health Hospital, Inc.",52-0591612,C1730,HCPCS,6 FR AMPLATZ ALI,both,,,,max,42.04,,,3/17/2025,52-0591612_FrederickHealthHospital_standardcharges.csv
"Frederick Health Hospital, Inc.",52-0591612,C1730,HCPCS,6 FR AMPLATZ ALI,both,,All Payers,All Plans,estimated,42.04,,other,3/17/2025,52-0591612_FrederickHealthHospital_standardcharges.csv
"Frederick Health Hospital, Inc.",52-0591612,00834,CDM,6 FR AMPLATZ ARI,both,,,,gross,42.04,,,3/17/2025,52-0591612_FrederickHealthHospital_standardcharges.csv
"Frederick Health Hospital, Inc.",52-0591612,00834,CDM,6 FR AMPLATZ ARI,both,,,,discounted_cash,41.2,,,3/17/2025,52-0591612_FrederickHealthHospital_standardcharges.csv
"Frederick Health Hospital, Inc.",52-0591612,00834,CDM,6 FR AMPLATZ ARI,both,,,,min,41.2,,,3/17/2025,52-0591612_FrederickHealthHospital_standardcharges.csv
"Frederick Health Hospital, Inc.",52-0591612,00834,CDM,6 FR AMPLATZ ARI,both,,,,max,42.04,,,3/17/2025,52-0591612_FrederickHealthHospital_standardcharges.csv
"Frederick Health Hospital, Inc.",52-0591612,00834,CDM,6 FR AMPLATZ ARI,both,,All Payers,All Plans,estimated,42.04,,other,3/17/2025,52-0591612_FrederickHealthHospital_standardcharges.csv
"Frederick Health Hospital, Inc.",52-0591612,C1730,HCPCS,6 FR AMPLATZ ARI,both,,,,gross,42.04,,,3/17/2025,52-0591612_FrederickHealthHospital_standardcharges.csv
"Frederick Health Hospital, Inc.",52-0591612,C1730,HCPCS,6 FR AMPLATZ ARI,both,,,,discounted_cash,41.2,,,3/17/2025,52-0591612_FrederickHealthHospital_standardcharges.csv
"Frederick Health Hospital, Inc.",52-0591612,C1730,HCPCS,6 FR AMPLATZ ARI,both,,,,min,41.2,,,3/17/2025,52-0591612_FrederickHealthHospital_standardcharges.csv
"Frederick Health Hospital, Inc.",52-0591612,C1730,HCPCS,6 FR AMPLATZ ARI,both,,,,max,42.04,,,3/17/2025,52-0591612_FrederickHealthHospital_standardcharges.csv
"Frederick Health Hospital, Inc.",52-0591612,C1730,HCPCS,6 FR AMPLATZ ARI,both,,All Payers,All Plans,estimated,42.04,,other,3/17/2025,52-0591612_FrederickHealthHospital_standardcharges.csv
"Frederick Health Hospital, Inc.",52-0591612,00833,CDM,6 FR MULTIPURPOSE A2,both,,,,gross,42.04,,,3/17/2025,52-0591612_FrederickHealthHospital_standardcharges.csv
"Frederick Health Hospital, Inc.",52-0591612,00833,CDM,6 FR MULTIPURPOSE A2,both,,,,discounted_cash,41.2,,,3/17/2025,52-0591612_FrederickHealthHospital_standardcharges.csv
"Frederick Health Hospital, Inc.",52-0591612,00833,CDM,6 FR MULTIPURPOSE A2,both,,,,min,41.2,,,3/17/2025,52-0591612_FrederickHealthHospital_standardcharges.csv
"Frederick Health Hospital, Inc.",52-0591612,00833,CDM,6 FR MULTIPURPOSE A2,both,,,,max,42.04,,,3/17/2025,52-0591612_FrederickHealthHospital_standardcharges.csv
"Frederick Health Hospital, Inc.",52-0591612,00833,CDM,6 FR MULTIPURPOSE A2,both,,All Payers,All Plans,estimated,42.04,,other,3/17/2025,52-0591612_FrederickHealthHospital_standardcharges.csv
"Frederick Health Hospital, Inc.",52-0591612,C1730,HCPCS,6 FR MULTIPURPOSE A2,both,,,,gross,42.04,,,3/17/2025,52-0591612_FrederickHealthHospital_standardcharges.csv
"Frederick Health Hospital, Inc.",52-0591612,C1730,HCPCS,6 FR MULTIPURPOSE A2,both,,,,discounted_cash,41.2,,,3/17/2025,52-0591612_FrederickHealthHospital_standardcharges.csv
"Frederick Health Hospital, Inc.",52-0591612,C1730,HCPCS,6 FR MULTIPURPOSE A2,both,,,,min,41.2,,,3/17/2025,52-0591612_FrederickHealthHospital_standardcharges.csv
"Frederick Health Hospital, Inc.",52-0591612,C1730,HCPCS,6 FR MULTIPURPOSE A2,both,,,,max,42.04,,,3/17/2025,52-0591612_FrederickHealthHospital_standardcharges.csv
"Frederick Health Hospital, Inc.",52-0591612,C1730,HCPCS,6 FR MULTIPURPOSE A2,both,,All Payers,All Plans,estimated,42.04,,other,3/17/2025,52-0591612_FrederickHealthHospital_standardcharges.csv
"Frederick Health Hospital, Inc.",52-0591612,05509,CDM,6 MIN WALK TEST,both,,,,gross,478.29,,,3/17/2025,52-0591612_FrederickHealthHospital_standardcharges.csv
"Frederick Health Hospital, Inc.",52-0591612,05509,CDM,6 MIN WALK TEST,both,,,,discounted_cash,468.72,,,3/17/2025,52-0591612_FrederickHealthHospital_standardcharges.csv
"Frederick Health Hospital, Inc.",52-0591612,05509,CDM,6 MIN WALK TEST,both,,,,min,468.72,,,3/17/2025,52-0591612_FrederickHealthHospital_standardcharges.csv
"Frederick Health Hospital, Inc.",52-0591612,05509,CDM,6 MIN WALK TEST,both,,,,max,478.29,,,3/17/2025,52-0591612_FrederickHealthHospital_standardcharges.csv
"Frederick Health Hospital, Inc.",52-0591612,05509,CDM,6 MIN WALK TEST,both,,All Payers,All Plans,estimated,478.29,,other,3/17/2025,52-0591612_FrederickHealthHospital_standardcharges.csv
"Frederick Health Hospital, Inc.",52-0591612,94618,CPT,6 MIN WALK TEST,both,,,,gross,478.29,,,3/17/2025,52-0591612_FrederickHealthHospital_standardcharges.csv
"Frederick Health Hospital, Inc.",52-0591612,94618,CPT,6 MIN WALK TEST,both,,,,discounted_cash,468.72,,,3/17/2025,52-0591612_FrederickHealthHospital_standardcharges.csv
"Frederick Health Hospital, Inc.",52-0591612,94618,CPT,6 MIN WALK TEST,both,,,,min,468.72,,,3/17/2025,52-0591612_FrederickHealthHospital_standardcharges.csv
"Frederick Health Hospital, Inc.",52-0591612,94618,CPT,6 MIN WALK TEST,both,,,,max,478.29,,,3/17/2025,52-0591612_FrederickHealthHospital_standardcharges.csv
"Frederick Health Hospital, Inc.",52-0591612,94618,CPT,6 MIN WALK TEST,both,,All Payers,All Plans,estimated,478.29,,other,3/17/2025,52-0591612_FrederickHealthHospital_standardcharges.csv
"Frederick Health Hospital, Inc.",52-0591612,00824,CDM,6F INTERNAL MAMMARY,both,,,,gross,21.01,,,3/17/2025,52-0591612_FrederickHealthHospital_standardcharges.csv
"Frederick Health Hospital, Inc.",52-0591612,00824,CDM,6F INTERNAL MAMMARY,both,,,,discounted_cash,20.59,,,3/17/2025,52-0591612_FrederickHealthHospital_standardcharges.csv
"Frederick Health Hospital, Inc.",52-0591612,00824,CDM,6F INTERNAL MAMMARY,both,,,,min,20.59,,,3/17/2025,52-0591612_FrederickHealthHospital_standardcharges.csv
"Frederick Health Hospital, Inc.",52-0591612,00824,CDM,6F INTERNAL MAMMARY,both,,,,max,21.01,,,3/17/2025,52-0591612_FrederickHealthHospital_standardcharges.csv
"Frederick Health Hospital, Inc.",52-0591612,00824,CDM,6F INTERNAL MAMMARY,both,,All Payers,All Plans,estimated,21.01,,other,3/17/2025,52-0591612_FrederickHealthHospital_standardcharges.csv
"Frederick Health Hospital, Inc.",52-0591612,C1730,HCPCS,6F INTERNAL MAMMARY,both,,,,gross,21.01,,,3/17/2025,52-0591612_FrederickHealthHospital_standardcharges.csv
"Frederick Health Hospital, Inc.",52-0591612,C1730,HCPCS,6F INTERNAL MAMMARY,both,,,,discounted_cash,20.59,,,3/17/2025,52-0591612_FrederickHealthHospital_standardcharges.csv
"Frederick Health Hospital, Inc.",52-0591612,C1730,HCPCS,6F INTERNAL MAMMARY,both,,,,min,20.59,,,3/17/2025,52-0591612_FrederickHealthHospital_standardcharges.csv
"Frederick Health Hospital, Inc.",52-0591612,C1730,HCPCS,6F INTERNAL MAMMARY,both,,,,max,21.01,,,3/17/2025,52-0591612_FrederickHealthHospital_standardcharges.csv
"Frederick Health Hospital, Inc.",52-0591612,C1730,HCPCS,6F INTERNAL MAMMARY,both,,All Payers,All Plans,estimated,21.01,,other,3/17/2025,52-0591612_FrederickHealthHospital_standardcharges.csv
"Frederick Health Hospital, Inc.",52-0591612,00846,CDM,6FR SUPER TORQUE AR MOD,both,,,,gross,65.55,,,3/17/2025,52-0591612_FrederickHealthHospital_standardcharges.csv
"Frederick Health Hospital, Inc.",52-0591612,00846,CDM,6FR SUPER TORQUE AR MOD,both,,,,discounted_cash,64.24,,,3/17/2025,52-0591612_FrederickHealthHospital_standardcharges.csv
"Frederick Health Hospital, Inc.",52-0591612,00846,CDM,6FR SUPER TORQUE AR MOD,both,,,,min,64.24,,,3/17/2025,52-0591612_FrederickHealthHospital_standardcharges.csv
"Frederick Health Hospital, Inc.",52-0591612,00846,CDM,6FR SUPER TORQUE AR MOD,both,,,,max,65.55,,,3/17/2025,52-0591612_FrederickHealthHospital_standardcharges.csv
"Frederick Health Hospital, Inc.",52-0591612,00846,CDM,6FR SUPER TORQUE AR MOD,both,,All Payers,All Plans,estimated,65.55,,other,3/17/2025,52-0591612_FrederickHealthHospital_standardcharges.csv
"Frederick Health Hospital, Inc.",52-0591612,A4649,HCPCS,6FR SUPER TORQUE AR MOD,both,,,,gross,65.55,,,3/17/2025,52-0591612_FrederickHealthHospital_standardcharges.csv
"Frederick Health Hospital, Inc.",52-0591612,A4649,HCPCS,6FR SUPER TORQUE AR MOD,both,,,,discounted_cash,64.24,,,3/17/2025,52-0591612_FrederickHealthHospital_standardcharges.csv
"Frederick Health Hospital, Inc.",52-0591612,A4649,HCPCS,6FR SUPER TORQUE AR MOD,both,,,,min,64.24,,,3/17/2025,52-0591612_FrederickHealthHospital_standardcharges.csv
"Frederick Health Hospital, Inc.",52-0591612,A4649,HCPCS,6FR SUPER TORQUE AR MOD,both,,,,max,65.55,,,3/17/2025,52-0591612_FrederickHealthHospital_standardcharges.csv
"Frederick Health Hospital, Inc.",52-0591612,A4649,HCPCS,6FR SUPER TORQUE AR MOD,both,,All Payers,All Plans,estimated,65.55,,other,3/17/2025,52-0591612_FrederickHealthHospital_standardcharges.csv
"Frederick Health Hospital, Inc.",52-0591612,CB460,CDM,6FR TD CATHETER,both,,,,gross,163.12,,,3/17/2025,52-0591612_FrederickHealthHospital_standardcharges.csv
"Frederick Health Hospital, Inc.",52-0591612,CB460,CDM,6FR TD CATHETER,both,,,,discounted_cash,159.86,,,3/17/2025,52-0591612_FrederickHealthHospital_standardcharges.csv
"Frederick Health Hospital, Inc.",52-0591612,CB460,CDM,6FR TD CATHETER,both,,,,min,159.86,,,3/17/2025,52-0591612_FrederickHealthHospital_standardcharges.csv
"Frederick Health Hospital, Inc.",52-0591612,CB460,CDM,6FR TD CATHETER,both,,,,max,163.12,,,3/17/2025,52-0591612_FrederickHealthHospital_standardcharges.csv
"Frederick Health Hospital, Inc.",52-0591612,CB460,CDM,6FR TD CATHETER,both,,All Payers,All Plans,estimated,163.12,,other,3/17/2025,52-0591612_FrederickHealthHospital_standardcharges.csv
"Frederick Health Hospital, Inc.",52-0591612,CL830,CDM,6FR THERMODILUTION SWAN CATH,both,,,,gross,409.22,,,3/17/2025,52-0591612_FrederickHealthHospital_standardcharges.csv
"Frederick Health Hospital, Inc.",52-0591612,CL830,CDM,6FR THERMODILUTION SWAN CATH,both,,,,discounted_cash,401.04,,,3/17/2025,52-0591612_FrederickHealthHospital_standardcharges.csv
"Frederick Health Hospital, Inc.",52-0591612,CL830,CDM,6FR THERMODILUTION SWAN CATH,both,,,,min,401.04,,,3/17/2025,52-0591612_FrederickHealthHospital_standardcharges.csv
"Frederick Health Hospital, Inc.",52-0591612,CL830,CDM,6FR THERMODILUTION SWAN CATH,both,,,,max,409.22,,,3/17/2025,52-0591612_FrederickHealthHospital_standardcharges.csv
"Frederick Health Hospital, Inc.",52-0591612,CL830,CDM,6FR THERMODILUTION SWAN CATH,both,,All Payers,All Plans,estimated,409.22,,other,3/17/2025,52-0591612_FrederickHealthHospital_standardcharges.csv
"Frederick Health Hospital, Inc.",52-0591612,00665,CDM,7F FAST SWAN CATH,both,,,,gross,202.6,,,3/17/2025,52-0591612_FrederickHealthHospital_standardcharges.csv
"Frederick Health Hospital, Inc.",52-0591612,00665,CDM,7F FAST SWAN CATH,both,,,,discounted_cash,198.55,,,3/17/2025,52-0591612_FrederickHealthHospital_standardcharges.csv
"Frederick Health Hospital, Inc.",52-0591612,00665,CDM,7F FAST SWAN CATH,both,,,,min,198.55,,,3/17/2025,52-0591612_FrederickHealthHospital_standardcharges.csv
"Frederick Health Hospital, Inc.",52-0591612,00665,CDM,7F FAST SWAN CATH,both,,,,max,202.6,,,3/17/2025,52-0591612_FrederickHealthHospital_standardcharges.csv
"Frederick Health Hospital, Inc.",52-0591612,00665,CDM,7F FAST SWAN CATH,both,,All Payers,All Plans,estimated,202.6,,other,3/17/2025,52-0591612_FrederickHealthHospital_standardcharges.csv
"Frederick Health Hospital, Inc.",52-0591612,A4300,HCPCS,7F FAST SWAN CATH,both,,,,gross,202.6,,,3/17/2025,52-0591612_FrederickHealthHospital_standardcharges.csv
"Frederick Health Hospital, Inc.",52-0591612,A4300,HCPCS,7F FAST SWAN CATH,both,,,,discounted_cash,198.55,,,3/17/2025,52-0591612_FrederickHealthHospital_standardcharges.csv
"Frederick Health Hospital, Inc.",52-0591612,A4300,HCPCS,7F FAST SWAN CATH,both,,,,min,198.55,,,3/17/2025,52-0591612_FrederickHealthHospital_standardcharges.csv
"Frederick Health Hospital, Inc.",52-0591612,A4300,HCPCS,7F FAST SWAN CATH,both,,,,max,202.6,,,3/17/2025,52-0591612_FrederickHealthHospital_standardcharges.csv
"Frederick Health Hospital, Inc.",52-0591612,A4300,HCPCS,7F FAST SWAN CATH,both,,All Payers,All Plans,estimated,202.6,,other,3/17/2025,52-0591612_FrederickHealthHospital_standardcharges.csv
"Frederick Health Hospital, Inc.",52-0591612,00456,CDM,7F MULTI-LGTH SILICONE STENT,both,,,,gross,372.12,,,3/17/2025,52-0591612_FrederickHealthHospital_standardcharges.csv
"Frederick Health Hospital, Inc.",52-0591612,00456,CDM,7F MULTI-LGTH SILICONE STENT,both,,,,discounted_cash,364.68,,,3/17/2025,52-0591612_FrederickHealthHospital_standardcharges.csv
"Frederick Health Hospital, Inc.",52-0591612,00456,CDM,7F MULTI-LGTH SILICONE STENT,both,,,,min,364.68,,,3/17/2025,52-0591612_FrederickHealthHospital_standardcharges.csv
"Frederick Health Hospital, Inc.",52-0591612,00456,CDM,7F MULTI-LGTH SILICONE STENT,both,,,,max,372.12,,,3/17/2025,52-0591612_FrederickHealthHospital_standardcharges.csv
"Frederick Health Hospital, Inc.",52-0591612,00456,CDM,7F MULTI-LGTH SILICONE STENT,both,,All Payers,All Plans,estimated,372.12,,other,3/17/2025,52-0591612_FrederickHealthHospital_standardcharges.csv
"Frederick Health Hospital, Inc.",52-0591612,C2625,HCPCS,7F MULTI-LGTH SILICONE STENT,both,,,,gross,372.12,,,3/17/2025,52-0591612_FrederickHealthHospital_standardcharges.csv
"Frederick Health Hospital, Inc.",52-0591612,C2625,HCPCS,7F MULTI-LGTH SILICONE STENT,both,,,,discounted_cash,364.68,,,3/17/2025,52-0591612_FrederickHealthHospital_standardcharges.csv
"Frederick Health Hospital, Inc.",52-0591612,C2625,HCPCS,7F MULTI-LGTH SILICONE STENT,both,,,,min,364.68,,,3/17/2025,52-0591612_FrederickHealthHospital_standardcharges.csv
"Frederick Health Hospital, Inc.",52-0591612,C2625,HCPCS,7F MULTI-LGTH SILICONE STENT,both,,,,max,372.12,,,3/17/2025,52-0591612_FrederickHealthHospital_standardcharges.csv
"Frederick Health Hospital, Inc.",52-0591612,C2625,HCPCS,7F MULTI-LGTH SILICONE STENT,both,,All Payers,All Plans,estimated,372.12,,other,3/17/2025,52-0591612_FrederickHealthHospital_standardcharges.csv
"Frederick Health Hospital, Inc.",52-0591612,A4300,HCPCS,7FR FAST SWAN,both,,,,gross,185.84,,,3/17/2025,52-0591612_FrederickHealthHospital_standardcharges.csv
"Frederick Health Hospital, Inc.",52-0591612,A4300,HCPCS,7FR FAST SWAN,both,,,,discounted_cash,182.12,,,3/17/2025,52-0591612_FrederickHealthHospital_standardcharges.csv
"Frederick Health Hospital, Inc.",52-0591612,A4300,HCPCS,7FR FAST SWAN,both,,,,min,182.12,,,3/17/2025,52-0591612_FrederickHealthHospital_standardcharges.csv
"Frederick Health Hospital, Inc.",52-0591612,A4300,HCPCS,7FR FAST SWAN,both,,,,max,185.84,,,3/17/2025,52-0591612_FrederickHealthHospital_standardcharges.csv
"Frederick Health Hospital, Inc.",52-0591612,A4300,HCPCS,7FR FAST SWAN,both,,All Payers,All Plans,estimated,185.84,,other,3/17/2025,52-0591612_FrederickHealthHospital_standardcharges.csv
"Frederick Health Hospital, Inc.",52-0591612,CC035,CDM,7FR FAST SWAN,both,,,,gross,185.84,,,3/17/2025,52-0591612_FrederickHealthHospital_standardcharges.csv
"Frederick Health Hospital, Inc.",52-0591612,CC035,CDM,7FR FAST SWAN,both,,,,discounted_cash,182.12,,,3/17/2025,52-0591612_FrederickHealthHospital_standardcharges.csv
"Frederick Health Hospital, Inc.",52-0591612,CC035,CDM,7FR FAST SWAN,both,,,,min,182.12,,,3/17/2025,52-0591612_FrederickHealthHospital_standardcharges.csv
"Frederick Health Hospital, Inc.",52-0591612,CC035,CDM,7FR FAST SWAN,both,,,,max,185.84,,,3/17/2025,52-0591612_FrederickHealthHospital_standardcharges.csv
"Frederick Health Hospital, Inc.",52-0591612,CC035,CDM,7FR FAST SWAN,both,,All Payers,All Plans,estimated,185.84,,other,3/17/2025,52-0591612_FrederickHealthHospital_standardcharges.csv
"Frederick Health Hospital, Inc.",52-0591612,C1887,HCPCS,7FR GUIDELINER,both,,,,gross,1465.97,,,3/17/2025,52-0591612_FrederickHealthHospital_standardcharges.csv
"Frederick Health Hospital, Inc.",52-0591612,C1887,HCPCS,7FR GUIDELINER,both,,,,discounted_cash,1436.65,,,3/17/2025,52-0591612_FrederickHealthHospital_standardcharges.csv
"Frederick Health Hospital, Inc.",52-0591612,C1887,HCPCS,7FR GUIDELINER,both,,,,min,1436.65,,,3/17/2025,52-0591612_FrederickHealthHospital_standardcharges.csv
"Frederick Health Hospital, Inc.",52-0591612,C1887,HCPCS,7FR GUIDELINER,both,,,,max,1465.97,,,3/17/2025,52-0591612_FrederickHealthHospital_standardcharges.csv
"Frederick Health Hospital, Inc.",52-0591612,C1887,HCPCS,7FR GUIDELINER,both,,All Payers,All Plans,estimated,1465.97,,other,3/17/2025,52-0591612_FrederickHealthHospital_standardcharges.csv
"Frederick Health Hospital, Inc.",52-0591612,CB462,CDM,7FR GUIDELINER,both,,,,gross,1465.97,,,3/17/2025,52-0591612_FrederickHealthHospital_standardcharges.csv
"Frederick Health Hospital, Inc.",52-0591612,CB462,CDM,7FR GUIDELINER,both,,,,discounted_cash,1436.65,,,3/17/2025,52-0591612_FrederickHealthHospital_standardcharges.csv
"Frederick Health Hospital, Inc.",52-0591612,CB462,CDM,7FR GUIDELINER,both,,,,min,1436.65,,,3/17/2025,52-0591612_FrederickHealthHospital_standardcharges.csv
"Frederick Health Hospital, Inc.",52-0591612,CB462,CDM,7FR GUIDELINER,both,,,,max,1465.97,,,3/17/2025,52-0591612_FrederickHealthHospital_standardcharges.csv
"Frederick Health Hospital, Inc.",52-0591612,CB462,CDM,7FR GUIDELINER,both,,All Payers,All Plans,estimated,1465.97,,other,3/17/2025,52-0591612_FrederickHealthHospital_standardcharges.csv
"Frederick Health Hospital, Inc.",52-0591612,CB447,CDM,7FR SWAN PA CATHETER,both,,,,gross,97.02,,,3/17/2025,52-0591612_FrederickHealthHospital_standardcharges.csv
"Frederick Health Hospital, Inc.",52-0591612,CB447,CDM,7FR SWAN PA CATHETER,both,,,,discounted_cash,95.08,,,3/17/2025,52-0591612_FrederickHealthHospital_standardcharges.csv
"Frederick Health Hospital, Inc.",52-0591612,CB447,CDM,7FR SWAN PA CATHETER,both,,,,min,95.08,,,3/17/2025,52-0591612_FrederickHealthHospital_standardcharges.csv
"Frederick Health Hospital, Inc.",52-0591612,CB447,CDM,7FR SWAN PA CATHETER,both,,,,max,97.02,,,3/17/2025,52-0591612_FrederickHealthHospital_standardcharges.csv
"Frederick Health Hospital, Inc.",52-0591612,CB447,CDM,7FR SWAN PA CATHETER,both,,All Payers,All Plans,estimated,97.02,,other,3/17/2025,52-0591612_FrederickHealthHospital_standardcharges.csv
"Frederick Health Hospital, Inc.",52-0591612,CB461,CDM,7FR TD CATHETER,both,,,,gross,163.12,,,3/17/2025,52-0591612_FrederickHealthHospital_standardcharges.csv
"Frederick Health Hospital, Inc.",52-0591612,CB461,CDM,7FR TD CATHETER,both,,,,discounted_cash,159.86,,,3/17/2025,52-0591612_FrederickHealthHospital_standardcharges.csv
"Frederick Health Hospital, Inc.",52-0591612,CB461,CDM,7FR TD CATHETER,both,,,,min,159.86,,,3/17/2025,52-0591612_FrederickHealthHospital_standardcharges.csv
"Frederick Health Hospital, Inc.",52-0591612,CB461,CDM,7FR TD CATHETER,both,,,,max,163.12,,,3/17/2025,52-0591612_FrederickHealthHospital_standardcharges.csv
"Frederick Health Hospital, Inc.",52-0591612,CB461,CDM,7FR TD CATHETER,both,,All Payers,All Plans,estimated,163.12,,other,3/17/2025,52-0591612_FrederickHealthHospital_standardcharges.csv
"Frederick Health Hospital, Inc.",52-0591612,C1889,HCPCS,7X55MM IFUSE-3D IMPLANT,both,,,,gross,5949.19,,,3/17/2025,52-0591612_FrederickHealthHospital_standardcharges.csv
"Frederick Health Hospital, Inc.",52-0591612,C1889,HCPCS,7X55MM IFUSE-3D IMPLANT,both,,,,discounted_cash,5830.21,,,3/17/2025,52-0591612_FrederickHealthHospital_standardcharges.csv
"Frederick Health Hospital, Inc.",52-0591612,C1889,HCPCS,7X55MM IFUSE-3D IMPLANT,both,,,,min,5830.21,,,3/17/2025,52-0591612_FrederickHealthHospital_standardcharges.csv
"Frederick Health Hospital, Inc.",52-0591612,C1889,HCPCS,7X55MM IFUSE-3D IMPLANT,both,,,,max,5949.19,,,3/17/2025,52-0591612_FrederickHealthHospital_standardcharges.csv
"Frederick Health Hospital, Inc.",52-0591612,C1889,HCPCS,7X55MM IFUSE-3D IMPLANT,both,,All Payers,All Plans,estimated,5949.19,,other,3/17/2025,52-0591612_FrederickHealthHospital_standardcharges.csv
"Frederick Health Hospital, Inc.",52-0591612,P1115,CDM,7X55MM IFUSE-3D IMPLANT,both,,,,gross,5949.19,,,3/17/2025,52-0591612_FrederickHealthHospital_standardcharges.csv
"Frederick Health Hospital, Inc.",52-0591612,P1115,CDM,7X55MM IFUSE-3D IMPLANT,both,,,,discounted_cash,5830.21,,,3/17/2025,52-0591612_FrederickHealthHospital_standardcharges.csv
"Frederick Health Hospital, Inc.",52-0591612,P1115,CDM,7X55MM IFUSE-3D IMPLANT,both,,,,min,5830.21,,,3/17/2025,52-0591612_FrederickHealthHospital_standardcharges.csv
"Frederick Health Hospital, Inc.",52-0591612,P1115,CDM,7X55MM IFUSE-3D IMPLANT,both,,,,max,5949.19,,,3/17/2025,52-0591612_FrederickHealthHospital_standardcharges.csv
"Frederick Health Hospital, Inc.",52-0591612,P1115,CDM,7X55MM IFUSE-3D IMPLANT,both,,All Payers,All Plans,estimated,5949.19,,other,3/17/2025,52-0591612_FrederickHealthHospital_standardcharges.csv
"Frederick Health Hospital, Inc.",52-0591612,C1729,HCPCS,8F APD PIG DRAINAGE CATH,both,,,,gross,292.67,,,3/17/2025,52-0591612_FrederickHealthHospital_standardcharges.csv
"Frederick Health Hospital, Inc.",52-0591612,C1729,HCPCS,8F APD PIG DRAINAGE CATH,both,,,,discounted_cash,286.82,,,3/17/2025,52-0591612_FrederickHealthHospital_standardcharges.csv
"Frederick Health Hospital, Inc.",52-0591612,C1729,HCPCS,8F APD PIG DRAINAGE CATH,both,,,,min,286.82,,,3/17/2025,52-0591612_FrederickHealthHospital_standardcharges.csv
"Frederick Health Hospital, Inc.",52-0591612,C1729,HCPCS,8F APD PIG DRAINAGE CATH,both,,,,max,292.67,,,3/17/2025,52-0591612_FrederickHealthHospital_standardcharges.csv
"Frederick Health Hospital, Inc.",52-0591612,C1729,HCPCS,8F APD PIG DRAINAGE CATH,both,,All Payers,All Plans,estimated,292.67,,other,3/17/2025,52-0591612_FrederickHealthHospital_standardcharges.csv
"Frederick Health Hospital, Inc.",52-0591612,R4056,CDM,8F APD PIG DRAINAGE CATH,both,,,,gross,292.67,,,3/17/2025,52-0591612_FrederickHealthHospital_standardcharges.csv
"Frederick Health Hospital, Inc.",52-0591612,R4056,CDM,8F APD PIG DRAINAGE CATH,both,,,,discounted_cash,286.82,,,3/17/2025,52-0591612_FrederickHealthHospital_standardcharges.csv
"Frederick Health Hospital, Inc.",52-0591612,R4056,CDM,8F APD PIG DRAINAGE CATH,both,,,,min,286.82,,,3/17/2025,52-0591612_FrederickHealthHospital_standardcharges.csv
"Frederick Health Hospital, Inc.",52-0591612,R4056,CDM,8F APD PIG DRAINAGE CATH,both,,,,max,292.67,,,3/17/2025,52-0591612_FrederickHealthHospital_standardcharges.csv
"Frederick Health Hospital, Inc.",52-0591612,R4056,CDM,8F APD PIG DRAINAGE CATH,both,,All Payers,All Plans,estimated,292.67,,other,3/17/2025,52-0591612_FrederickHealthHospital_standardcharges.csv
"Frederick Health Hospital, Inc.",52-0591612,C1887,HCPCS,8FR GUIDELINER,both,,,,gross,1465.97,,,3/17/2025,52-0591612_FrederickHealthHospital_standardcharges.csv
"Frederick Health Hospital, Inc.",52-0591612,C1887,HCPCS,8FR GUIDELINER,both,,,,discounted_cash,1436.65,,,3/17/2025,52-0591612_FrederickHealthHospital_standardcharges.csv
"Frederick Health Hospital, Inc.",52-0591612,C1887,HCPCS,8FR GUIDELINER,both,,,,min,1436.65,,,3/17/2025,52-0591612_FrederickHealthHospital_standardcharges.csv
"Frederick Health Hospital, Inc.",52-0591612,C1887,HCPCS,8FR GUIDELINER,both,,,,max,1465.97,,,3/17/2025,52-0591612_FrederickHealthHospital_standardcharges.csv
"Frederick Health Hospital, Inc.",52-0591612,C1887,HCPCS,8FR GUIDELINER,both,,All Payers,All Plans,estimated,1465.97,,other,3/17/2025,52-0591612_FrederickHealthHospital_standardcharges.csv
"Frederick Health Hospital, Inc.",52-0591612,CB463,CDM,8FR GUIDELINER,both,,,,gross,1465.97,,,3/17/2025,52-0591612_FrederickHealthHospital_standardcharges.csv
"Frederick Health Hospital, Inc.",52-0591612,CB463,CDM,8FR GUIDELINER,both,,,,discounted_cash,1436.65,,,3/17/2025,52-0591612_FrederickHealthHospital_standardcharges.csv
"Frederick Health Hospital, Inc.",52-0591612,CB463,CDM,8FR GUIDELINER,both,,,,min,1436.65,,,3/17/2025,52-0591612_FrederickHealthHospital_standardcharges.csv
"Frederick Health Hospital, Inc.",52-0591612,CB463,CDM,8FR GUIDELINER,both,,,,max,1465.97,,,3/17/2025,52-0591612_FrederickHealthHospital_standardcharges.csv
"Frederick Health Hospital, Inc.",52-0591612,CB463,CDM,8FR GUIDELINER,both,,All Payers,All Plans,estimated,1465.97,,other,3/17/2025,52-0591612_FrederickHealthHospital_standardcharges.csv
"Frederick Health Hospital, Inc.",52-0591612,R1606,CDM,90MM ROD,both,,,,gross,288.23,,,3/17/2025,52-0591612_FrederickHealthHospital_standardcharges.csv
"Frederick Health Hospital, Inc.",52-0591612,R1606,CDM,90MM ROD,both,,,,discounted_cash,282.47,,,3/17/2025,52-0591612_FrederickHealthHospital_standardcharges.csv
"Frederick Health Hospital, Inc.",52-0591612,R1606,CDM,90MM ROD,both,,,,min,282.47,,,3/17/2025,52-0591612_FrederickHealthHospital_standardcharges.csv
"Frederick Health Hospital, Inc.",52-0591612,R1606,CDM,90MM ROD,both,,,,max,288.23,,,3/17/2025,52-0591612_FrederickHealthHospital_standardcharges.csv
"Frederick Health Hospital, Inc.",52-0591612,R1606,CDM,90MM ROD,both,,All Payers,All Plans,estimated,288.23,,other,3/17/2025,52-0591612_FrederickHealthHospital_standardcharges.csv
"Frederick Health Hospital, Inc.",52-0591612,24820,CDM,A PORT DUAL LUMEN,both,,,,gross,622.94,,,3/17/2025,52-0591612_FrederickHealthHospital_standardcharges.csv
"Frederick Health Hospital, Inc.",52-0591612,24820,CDM,A PORT DUAL LUMEN,both,,,,discounted_cash,610.48,,,3/17/2025,52-0591612_FrederickHealthHospital_standardcharges.csv
"Frederick Health Hospital, Inc.",52-0591612,24820,CDM,A PORT DUAL LUMEN,both,,,,min,610.48,,,3/17/2025,52-0591612_FrederickHealthHospital_standardcharges.csv
"Frederick Health Hospital, Inc.",52-0591612,24820,CDM,A PORT DUAL LUMEN,both,,,,max,622.94,,,3/17/2025,52-0591612_FrederickHealthHospital_standardcharges.csv
"Frederick Health Hospital, Inc.",52-0591612,24820,CDM,A PORT DUAL LUMEN,both,,All Payers,All Plans,estimated,622.94,,other,3/17/2025,52-0591612_FrederickHealthHospital_standardcharges.csv
"Frederick Health Hospital, Inc.",52-0591612,C1788,HCPCS,A PORT DUAL LUMEN,both,,,,gross,622.94,,,3/17/2025,52-0591612_FrederickHealthHospital_standardcharges.csv
"Frederick Health Hospital, Inc.",52-0591612,C1788,HCPCS,A PORT DUAL LUMEN,both,,,,discounted_cash,610.48,,,3/17/2025,52-0591612_FrederickHealthHospital_standardcharges.csv
"Frederick Health Hospital, Inc.",52-0591612,C1788,HCPCS,A PORT DUAL LUMEN,both,,,,min,610.48,,,3/17/2025,52-0591612_FrederickHealthHospital_standardcharges.csv
"Frederick Health Hospital, Inc.",52-0591612,C1788,HCPCS,A PORT DUAL LUMEN,both,,,,max,622.94,,,3/17/2025,52-0591612_FrederickHealthHospital_standardcharges.csv
"Frederick Health Hospital, Inc.",52-0591612,C1788,HCPCS,A PORT DUAL LUMEN,both,,All Payers,All Plans,estimated,622.94,,other,3/17/2025,52-0591612_FrederickHealthHospital_standardcharges.csv
"Frederick Health Hospital, Inc.",52-0591612,22103,CDM,A-PORT W/DETACH CATH & INTRO,both,,,,gross,539.21,,,3/17/2025,52-0591612_FrederickHealthHospital_standardcharges.csv
"Frederick Health Hospital, Inc.",52-0591612,22103,CDM,A-PORT W/DETACH CATH & INTRO,both,,,,discounted_cash,528.43,,,3/17/2025,52-0591612_FrederickHealthHospital_standardcharges.csv
"Frederick Health Hospital, Inc.",52-0591612,22103,CDM,A-PORT W/DETACH CATH & INTRO,both,,,,min,528.43,,,3/17/2025,52-0591612_FrederickHealthHospital_standardcharges.csv
"Frederick Health Hospital, Inc.",52-0591612,22103,CDM,A-PORT W/DETACH CATH & INTRO,both,,,,max,539.21,,,3/17/2025,52-0591612_FrederickHealthHospital_standardcharges.csv
"Frederick Health Hospital, Inc.",52-0591612,22103,CDM,A-PORT W/DETACH CATH & INTRO,both,,All Payers,All Plans,estimated,539.21,,other,3/17/2025,52-0591612_FrederickHealthHospital_standardcharges.csv
"Frederick Health Hospital, Inc.",52-0591612,C1788,HCPCS,A-PORT W/DETACH CATH & INTRO,both,,,,gross,539.21,,,3/17/2025,52-0591612_FrederickHealthHospital_standardcharges.csv
"Frederick Health Hospital, Inc.",52-0591612,C1788,HCPCS,A-PORT W/DETACH CATH & INTRO,both,,,,discounted_cash,528.43,,,3/17/2025,52-0591612_FrederickHealthHospital_standardcharges.csv
"Frederick Health Hospital, Inc.",52-0591612,C1788,HCPCS,A-PORT W/DETACH CATH & INTRO,both,,,,min,528.43,,,3/17/2025,52-0591612_FrederickHealthHospital_standardcharges.csv
"Frederick Health Hospital, Inc.",52-0591612,C1788,HCPCS,A-PORT W/DETACH CATH & INTRO,both,,,,max,539.21,,,3/17/2025,52-0591612_FrederickHealthHospital_standardcharges.csv
"Frederick Health Hospital, Inc.",52-0591612,C1788,HCPCS,A-PORT W/DETACH CATH & INTRO,both,,All Payers,All Plans,estimated,539.21,,other,3/17/2025,52-0591612_FrederickHealthHospital_standardcharges.csv
"Frederick Health Hospital, Inc.",52-0591612,00338114403A,NDC,AA 4.25%/D5W/LYTES CALCIUM,both,,,,gross,160.36,,,3/17/2025,52-0591612_FrederickHealthHospital_standardcharges.csv
"Frederick Health Hospital, Inc.",52-0591612,00338114403A,NDC,AA 4.25%/D5W/LYTES CALCIUM,both,,,,discounted_cash,157.15,,,3/17/2025,52-0591612_FrederickHealthHospital_standardcharges.csv
"Frederick Health Hospital, Inc.",52-0591612,00338114403A,NDC,AA 4.25%/D5W/LYTES CALCIUM,both,,,,min,157.15,,,3/17/2025,52-0591612_FrederickHealthHospital_standardcharges.csv
"Frederick Health Hospital, Inc.",52-0591612,00338114403A,NDC,AA 4.25%/D5W/LYTES CALCIUM,both,,,,max,160.36,,,3/17/2025,52-0591612_FrederickHealthHospital_standardcharges.csv
"Frederick Health Hospital, Inc.",52-0591612,00338114403A,NDC,AA 4.25%/D5W/LYTES CALCIUM,both,,All Payers,All Plans,estimated,160.36,,other,3/17/2025,52-0591612_FrederickHealthHospital_standardcharges.csv
"Frederick Health Hospital, Inc.",52-0591612,10000,CDM,AA 4.25%/D5W/LYTES CALCIUM,both,,,,gross,160.36,,,3/17/2025,52-0591612_FrederickHealthHospital_standardcharges.csv
"Frederick Health Hospital, Inc.",52-0591612,10000,CDM,AA 4.25%/D5W/LYTES CALCIUM,both,,,,discounted_cash,157.15,,,3/17/2025,52-0591612_FrederickHealthHospital_standardcharges.csv
"Frederick Health Hospital, Inc.",52-0591612,10000,CDM,AA 4.25%/D5W/LYTES CALCIUM,both,,,,min,157.15,,,3/17/2025,52-0591612_FrederickHealthHospital_standardcharges.csv
"Frederick Health Hospital, Inc.",52-0591612,10000,CDM,AA 4.25%/D5W/LYTES CALCIUM,both,,,,max,160.36,,,3/17/2025,52-0591612_FrederickHealthHospital_standardcharges.csv
"Frederick Health Hospital, Inc.",52-0591612,10000,CDM,AA 4.25%/D5W/LYTES CALCIUM,both,,All Payers,All Plans,estimated,160.36,,other,3/17/2025,52-0591612_FrederickHealthHospital_standardcharges.csv
"Frederick Health Hospital, Inc.",52-0591612,00338114703A,NDC,AA 5%/D15W/ELECTROLYTES CA,both,,,,gross,170.72,,,3/17/2025,52-0591612_FrederickHealthHospital_standardcharges.csv
"Frederick Health Hospital, Inc.",52-0591612,00338114703A,NDC,AA 5%/D15W/ELECTROLYTES CA,both,,,,discounted_cash,167.31,,,3/17/2025,52-0591612_FrederickHealthHospital_standardcharges.csv
"Frederick Health Hospital, Inc.",52-0591612,00338114703A,NDC,AA 5%/D15W/ELECTROLYTES CA,both,,,,min,167.31,,,3/17/2025,52-0591612_FrederickHealthHospital_standardcharges.csv
"Frederick Health Hospital, Inc.",52-0591612,00338114703A,NDC,AA 5%/D15W/ELECTROLYTES CA,both,,,,max,170.72,,,3/17/2025,52-0591612_FrederickHealthHospital_standardcharges.csv
"Frederick Health Hospital, Inc.",52-0591612,00338114703A,NDC,AA 5%/D15W/ELECTROLYTES CA,both,,All Payers,All Plans,estimated,170.72,,other,3/17/2025,52-0591612_FrederickHealthHospital_standardcharges.csv
"Frederick Health Hospital, Inc.",52-0591612,10000,CDM,AA 5%/D15W/ELECTROLYTES CA,both,,,,gross,170.72,,,3/17/2025,52-0591612_FrederickHealthHospital_standardcharges.csv
"Frederick Health Hospital, Inc.",52-0591612,10000,CDM,AA 5%/D15W/ELECTROLYTES CA,both,,,,discounted_cash,167.31,,,3/17/2025,52-0591612_FrederickHealthHospital_standardcharges.csv
"Frederick Health Hospital, Inc.",52-0591612,10000,CDM,AA 5%/D15W/ELECTROLYTES CA,both,,,,min,167.31,,,3/17/2025,52-0591612_FrederickHealthHospital_standardcharges.csv
"Frederick Health Hospital, Inc.",52-0591612,10000,CDM,AA 5%/D15W/ELECTROLYTES CA,both,,,,max,170.72,,,3/17/2025,52-0591612_FrederickHealthHospital_standardcharges.csv
"Frederick Health Hospital, Inc.",52-0591612,10000,CDM,AA 5%/D15W/ELECTROLYTES CA,both,,All Payers,All Plans,estimated,170.72,,other,3/17/2025,52-0591612_FrederickHealthHospital_standardcharges.csv
"Frederick Health Hospital, Inc.",52-0591612,00338020206A,NDC,AA 8 %/D14W/LYTES CALCIUM,both,,,,gross,164.73,,,3/17/2025,52-0591612_FrederickHealthHospital_standardcharges.csv
"Frederick Health Hospital, Inc.",52-0591612,00338020206A,NDC,AA 8 %/D14W/LYTES CALCIUM,both,,,,discounted_cash,161.44,,,3/17/2025,52-0591612_FrederickHealthHospital_standardcharges.csv
"Frederick Health Hospital, Inc.",52-0591612,00338020206A,NDC,AA 8 %/D14W/LYTES CALCIUM,both,,,,min,161.44,,,3/17/2025,52-0591612_FrederickHealthHospital_standardcharges.csv
"Frederick Health Hospital, Inc.",52-0591612,00338020206A,NDC,AA 8 %/D14W/LYTES CALCIUM,both,,,,max,164.73,,,3/17/2025,52-0591612_FrederickHealthHospital_standardcharges.csv
"Frederick Health Hospital, Inc.",52-0591612,00338020206A,NDC,AA 8 %/D14W/LYTES CALCIUM,both,,All Payers,All Plans,estimated,164.73,,other,3/17/2025,52-0591612_FrederickHealthHospital_standardcharges.csv
"Frederick Health Hospital, Inc.",52-0591612,10000,CDM,AA 8 %/D14W/LYTES CALCIUM,both,,,,gross,164.73,,,3/17/2025,52-0591612_FrederickHealthHospital_standardcharges.csv
"Frederick Health Hospital, Inc.",52-0591612,10000,CDM,AA 8 %/D14W/LYTES CALCIUM,both,,,,discounted_cash,161.44,,,3/17/2025,52-0591612_FrederickHealthHospital_standardcharges.csv
"Frederick Health Hospital, Inc.",52-0591612,10000,CDM,AA 8 %/D14W/LYTES CALCIUM,both,,,,min,161.44,,,3/17/2025,52-0591612_FrederickHealthHospital_standardcharges.csv
"Frederick Health Hospital, Inc.",52-0591612,10000,CDM,AA 8 %/D14W/LYTES CALCIUM,both,,,,max,164.73,,,3/17/2025,52-0591612_FrederickHealthHospital_standardcharges.csv
"Frederick Health Hospital, Inc.",52-0591612,10000,CDM,AA 8 %/D14W/LYTES CALCIUM,both,,All Payers,All Plans,estimated,164.73,,other,3/17/2025,52-0591612_FrederickHealthHospital_standardcharges.csv
"Frederick Health Hospital, Inc.",52-0591612,49702023113A,NDC,ABACAVIR/DOLUTEGRAV/LAMIVU *,both,,,,gross,402.93,,,3/17/2025,52-0591612_FrederickHealthHospital_standardcharges.csv
"Frederick Health Hospital, Inc.",52-0591612,49702023113A,NDC,ABACAVIR/DOLUTEGRAV/LAMIVU *,both,,,,discounted_cash,394.87,,,3/17/2025,52-0591612_FrederickHealthHospital_standardcharges.csv
"Frederick Health Hospital, Inc.",52-0591612,49702023113A,NDC,ABACAVIR/DOLUTEGRAV/LAMIVU *,both,,,,min,394.87,,,3/17/2025,52-0591612_FrederickHealthHospital_standardcharges.csv
"Frederick Health Hospital, Inc.",52-0591612,49702023113A,NDC,ABACAVIR/DOLUTEGRAV/LAMIVU *,both,,,,max,402.93,,,3/17/2025,52-0591612_FrederickHealthHospital_standardcharges.csv
"Frederick Health Hospital, Inc.",52-0591612,49702023113A,NDC,ABACAVIR/DOLUTEGRAV/LAMIVU *,both,,All Payers,All Plans,estimated,402.93,,other,3/17/2025,52-0591612_FrederickHealthHospital_standardcharges.csv
"Frederick Health Hospital, Inc.",52-0591612,PHAR001125,CDM,ABACAVIR/DOLUTEGRAV/LAMIVU *,both,,,,gross,402.93,,,3/17/2025,52-0591612_FrederickHealthHospital_standardcharges.csv
"Frederick Health Hospital, Inc.",52-0591612,PHAR001125,CDM,ABACAVIR/DOLUTEGRAV/LAMIVU *,both,,,,discounted_cash,394.87,,,3/17/2025,52-0591612_FrederickHealthHospital_standardcharges.csv
"Frederick Health Hospital, Inc.",52-0591612,PHAR001125,CDM,ABACAVIR/DOLUTEGRAV/LAMIVU *,both,,,,min,394.87,,,3/17/2025,52-0591612_FrederickHealthHospital_standardcharges.csv
"Frederick Health Hospital, Inc.",52-0591612,PHAR001125,CDM,ABACAVIR/DOLUTEGRAV/LAMIVU *,both,,,,max,402.93,,,3/17/2025,52-0591612_FrederickHealthHospital_standardcharges.csv
"Frederick Health Hospital, Inc.",52-0591612,PHAR001125,CDM,ABACAVIR/DOLUTEGRAV/LAMIVU *,both,,All Payers,All Plans,estimated,402.93,,other,3/17/2025,52-0591612_FrederickHealthHospital_standardcharges.csv
"Frederick Health Hospital, Inc.",52-0591612,00003218713A,NDC,ABATACEPT/MALTOSE *,both,,,,gross,3283.22,,,3/17/2025,52-0591612_FrederickHealthHospital_standardcharges.csv
"Frederick Health Hospital, Inc.",52-0591612,00003218713A,NDC,ABATACEPT/MALTOSE *,both,,,,discounted_cash,3217.56,,,3/17/2025,52-0591612_FrederickHealthHospital_standardcharges.csv
"Frederick Health Hospital, Inc.",52-0591612,00003218713A,NDC,ABATACEPT/MALTOSE *,both,,,,min,3217.56,,,3/17/2025,52-0591612_FrederickHealthHospital_standardcharges.csv
"Frederick Health Hospital, Inc.",52-0591612,00003218713A,NDC,ABATACEPT/MALTOSE *,both,,,,max,3283.22,,,3/17/2025,52-0591612_FrederickHealthHospital_standardcharges.csv
"Frederick Health Hospital, Inc.",52-0591612,00003218713A,NDC,ABATACEPT/MALTOSE *,both,,All Payers,All Plans,estimated,3283.22,,other,3/17/2025,52-0591612_FrederickHealthHospital_standardcharges.csv
"Frederick Health Hospital, Inc.",52-0591612,13806,CDM,ABATACEPT/MALTOSE *,both,,,,gross,3283.22,,,3/17/2025,52-0591612_FrederickHealthHospital_standardcharges.csv
"Frederick Health Hospital, Inc.",52-0591612,13806,CDM,ABATACEPT/MALTOSE *,both,,,,discounted_cash,3217.56,,,3/17/2025,52-0591612_FrederickHealthHospital_standardcharges.csv
"Frederick Health Hospital, Inc.",52-0591612,13806,CDM,ABATACEPT/MALTOSE *,both,,,,min,3217.56,,,3/17/2025,52-0591612_FrederickHealthHospital_standardcharges.csv
"Frederick Health Hospital, Inc.",52-0591612,13806,CDM,ABATACEPT/MALTOSE *,both,,,,max,3283.22,,,3/17/2025,52-0591612_FrederickHealthHospital_standardcharges.csv
"Frederick Health Hospital, Inc.",52-0591612,13806,CDM,ABATACEPT/MALTOSE *,both,,All Payers,All Plans,estimated,3283.22,,other,3/17/2025,52-0591612_FrederickHealthHospital_standardcharges.csv
"Frederick Health Hospital, Inc.",52-0591612,15232,CDM,ABDOMINAL BINDER 12IN,both,,,,gross,40.07,,,3/17/2025,52-0591612_FrederickHealthHospital_standardcharges.csv
"Frederick Health Hospital, Inc.",52-0591612,15232,CDM,ABDOMINAL BINDER 12IN,both,,,,discounted_cash,39.27,,,3/17/2025,52-0591612_FrederickHealthHospital_standardcharges.csv
"Frederick Health Hospital, Inc.",52-0591612,15232,CDM,ABDOMINAL BINDER 12IN,both,,,,min,39.27,,,3/17/2025,52-0591612_FrederickHealthHospital_standardcharges.csv
"Frederick Health Hospital, Inc.",52-0591612,15232,CDM,ABDOMINAL BINDER 12IN,both,,,,max,40.07,,,3/17/2025,52-0591612_FrederickHealthHospital_standardcharges.csv
"Frederick Health Hospital, Inc.",52-0591612,15232,CDM,ABDOMINAL BINDER 12IN,both,,All Payers,All Plans,estimated,40.07,,other,3/17/2025,52-0591612_FrederickHealthHospital_standardcharges.csv
"Frederick Health Hospital, Inc.",52-0591612,24255,CDM,ABDOMINAL BINDER LARGE,both,,,,gross,16.33,,,3/17/2025,52-0591612_FrederickHealthHospital_standardcharges.csv
"Frederick Health Hospital, Inc.",52-0591612,24255,CDM,ABDOMINAL BINDER LARGE,both,,,,discounted_cash,16.0,,,3/17/2025,52-0591612_FrederickHealthHospital_standardcharges.csv
"Frederick Health Hospital, Inc.",52-0591612,24255,CDM,ABDOMINAL BINDER LARGE,both,,,,min,16.0,,,3/17/2025,52-0591612_FrederickHealthHospital_standardcharges.csv
"Frederick Health Hospital, Inc.",52-0591612,24255,CDM,ABDOMINAL BINDER LARGE,both,,,,max,16.33,,,3/17/2025,52-0591612_FrederickHealthHospital_standardcharges.csv
"Frederick Health Hospital, Inc.",52-0591612,24255,CDM,ABDOMINAL BINDER LARGE,both,,All Payers,All Plans,estimated,16.33,,other,3/17/2025,52-0591612_FrederickHealthHospital_standardcharges.csv
"Frederick Health Hospital, Inc.",52-0591612,24254,CDM,ABDOMINAL BINDER MEDIUM,both,,,,gross,13.88,,,3/17/2025,52-0591612_FrederickHealthHospital_standardcharges.csv
"Frederick Health Hospital, Inc.",52-0591612,24254,CDM,ABDOMINAL BINDER MEDIUM,both,,,,discounted_cash,13.6,,,3/17/2025,52-0591612_FrederickHealthHospital_standardcharges.csv
"Frederick Health Hospital, Inc.",52-0591612,24254,CDM,ABDOMINAL BINDER MEDIUM,both,,,,min,13.6,,,3/17/2025,52-0591612_FrederickHealthHospital_standardcharges.csv
"Frederick Health Hospital, Inc.",52-0591612,24254,CDM,ABDOMINAL BINDER MEDIUM,both,,,,max,13.88,,,3/17/2025,52-0591612_FrederickHealthHospital_standardcharges.csv
"Frederick Health Hospital, Inc.",52-0591612,24254,CDM,ABDOMINAL BINDER MEDIUM,both,,All Payers,All Plans,estimated,13.88,,other,3/17/2025,52-0591612_FrederickHealthHospital_standardcharges.csv
"Frederick Health Hospital, Inc.",52-0591612,24256,CDM,ABDOMINAL BINDER X-LG,both,,,,gross,15.31,,,3/17/2025,52-0591612_FrederickHealthHospital_standardcharges.csv
"Frederick Health Hospital, Inc.",52-0591612,24256,CDM,ABDOMINAL BINDER X-LG,both,,,,discounted_cash,15.0,,,3/17/2025,52-0591612_FrederickHealthHospital_standardcharges.csv
"Frederick Health Hospital, Inc.",52-0591612,24256,CDM,ABDOMINAL BINDER X-LG,both,,,,min,15.0,,,3/17/2025,52-0591612_FrederickHealthHospital_standardcharges.csv
"Frederick Health Hospital, Inc.",52-0591612,24256,CDM,ABDOMINAL BINDER X-LG,both,,,,max,15.31,,,3/17/2025,52-0591612_FrederickHealthHospital_standardcharges.csv
"Frederick Health Hospital, Inc.",52-0591612,24256,CDM,ABDOMINAL BINDER X-LG,both,,All Payers,All Plans,estimated,15.31,,other,3/17/2025,52-0591612_FrederickHealthHospital_standardcharges.csv
"Frederick Health Hospital, Inc.",52-0591612,15185,CDM,ABDUCTION PILLOW ADULT DISP,both,,,,gross,39.66,,,3/17/2025,52-0591612_FrederickHealthHospital_standardcharges.csv
"Frederick Health Hospital, Inc.",52-0591612,15185,CDM,ABDUCTION PILLOW ADULT DISP,both,,,,discounted_cash,38.87,,,3/17/2025,52-0591612_FrederickHealthHospital_standardcharges.csv
"Frederick Health Hospital, Inc.",52-0591612,15185,CDM,ABDUCTION PILLOW ADULT DISP,both,,,,min,38.87,,,3/17/2025,52-0591612_FrederickHealthHospital_standardcharges.csv
"Frederick Health Hospital, Inc.",52-0591612,15185,CDM,ABDUCTION PILLOW ADULT DISP,both,,,,max,39.66,,,3/17/2025,52-0591612_FrederickHealthHospital_standardcharges.csv
"Frederick Health Hospital, Inc.",52-0591612,15185,CDM,ABDUCTION PILLOW ADULT DISP,both,,All Payers,All Plans,estimated,39.66,,other,3/17/2025,52-0591612_FrederickHealthHospital_standardcharges.csv
"Frederick Health Hospital, Inc.",52-0591612,E0190,HCPCS,ABDUCTION PILLOW ADULT DISP,both,,,,gross,39.66,,,3/17/2025,52-0591612_FrederickHealthHospital_standardcharges.csv
"Frederick Health Hospital, Inc.",52-0591612,E0190,HCPCS,ABDUCTION PILLOW ADULT DISP,both,,,,discounted_cash,38.87,,,3/17/2025,52-0591612_FrederickHealthHospital_standardcharges.csv
"Frederick Health Hospital, Inc.",52-0591612,E0190,HCPCS,ABDUCTION PILLOW ADULT DISP,both,,,,min,38.87,,,3/17/2025,52-0591612_FrederickHealthHospital_standardcharges.csv
"Frederick Health Hospital, Inc.",52-0591612,E0190,HCPCS,ABDUCTION PILLOW ADULT DISP,both,,,,max,39.66,,,3/17/2025,52-0591612_FrederickHealthHospital_standardcharges.csv
"Frederick Health Hospital, Inc.",52-0591612,E0190,HCPCS,ABDUCTION PILLOW ADULT DISP,both,,All Payers,All Plans,estimated,39.66,,other,3/17/2025,52-0591612_FrederickHealthHospital_standardcharges.csv
"Frederick Health Hospital, Inc.",52-0591612,63687,CDM,ABDUCTION PILLOW OR,both,,,,gross,46.58,,,3/17/2025,52-0591612_FrederickHealthHospital_standardcharges.csv
"Frederick Health Hospital, Inc.",52-0591612,63687,CDM,ABDUCTION PILLOW OR,both,,,,discounted_cash,45.65,,,3/17/2025,52-0591612_FrederickHealthHospital_standardcharges.csv
"Frederick Health Hospital, Inc.",52-0591612,63687,CDM,ABDUCTION PILLOW OR,both,,,,min,45.65,,,3/17/2025,52-0591612_FrederickHealthHospital_standardcharges.csv
"Frederick Health Hospital, Inc.",52-0591612,63687,CDM,ABDUCTION PILLOW OR,both,,,,max,46.58,,,3/17/2025,52-0591612_FrederickHealthHospital_standardcharges.csv
"Frederick Health Hospital, Inc.",52-0591612,63687,CDM,ABDUCTION PILLOW OR,both,,All Payers,All Plans,estimated,46.58,,other,3/17/2025,52-0591612_FrederickHealthHospital_standardcharges.csv
"Frederick Health Hospital, Inc.",52-0591612,21860,CDM,ABDUCTION PILLOW SHOULDER,both,,,,gross,51.06,,,3/17/2025,52-0591612_FrederickHealthHospital_standardcharges.csv
"Frederick Health Hospital, Inc.",52-0591612,21860,CDM,ABDUCTION PILLOW SHOULDER,both,,,,discounted_cash,50.04,,,3/17/2025,52-0591612_FrederickHealthHospital_standardcharges.csv
"Frederick Health Hospital, Inc.",52-0591612,21860,CDM,ABDUCTION PILLOW SHOULDER,both,,,,min,50.04,,,3/17/2025,52-0591612_FrederickHealthHospital_standardcharges.csv
"Frederick Health Hospital, Inc.",52-0591612,21860,CDM,ABDUCTION PILLOW SHOULDER,both,,,,max,51.06,,,3/17/2025,52-0591612_FrederickHealthHospital_standardcharges.csv
"Frederick Health Hospital, Inc.",52-0591612,21860,CDM,ABDUCTION PILLOW SHOULDER,both,,All Payers,All Plans,estimated,51.06,,other,3/17/2025,52-0591612_FrederickHealthHospital_standardcharges.csv
"Frederick Health Hospital, Inc.",52-0591612,63615,CDM,ABLATOR ARTHRO APOLLO RF MP50,both,,,,gross,371.01,,,3/17/2025,52-0591612_FrederickHealthHospital_standardcharges.csv
"Frederick Health Hospital, Inc.",52-0591612,63615,CDM,ABLATOR ARTHRO APOLLO RF MP50,both,,,,discounted_cash,363.59,,,3/17/2025,52-0591612_FrederickHealthHospital_standardcharges.csv
"Frederick Health Hospital, Inc.",52-0591612,63615,CDM,ABLATOR ARTHRO APOLLO RF MP50,both,,,,min,363.59,,,3/17/2025,52-0591612_FrederickHealthHospital_standardcharges.csv
"Frederick Health Hospital, Inc.",52-0591612,63615,CDM,ABLATOR ARTHRO APOLLO RF MP50,both,,,,max,371.01,,,3/17/2025,52-0591612_FrederickHealthHospital_standardcharges.csv
"Frederick Health Hospital, Inc.",52-0591612,63615,CDM,ABLATOR ARTHRO APOLLO RF MP50,both,,All Payers,All Plans,estimated,371.01,,other,3/17/2025,52-0591612_FrederickHealthHospital_standardcharges.csv
"Frederick Health Hospital, Inc.",52-0591612,63616,CDM,ABLATOR ARTHRO APOLLO RF MP90,both,,,,gross,371.01,,,3/17/2025,52-0591612_FrederickHealthHospital_standardcharges.csv
"Frederick Health Hospital, Inc.",52-0591612,63616,CDM,ABLATOR ARTHRO APOLLO RF MP90,both,,,,discounted_cash,363.59,,,3/17/2025,52-0591612_FrederickHealthHospital_standardcharges.csv
"Frederick Health Hospital, Inc.",52-0591612,63616,CDM,ABLATOR ARTHRO APOLLO RF MP90,both,,,,min,363.59,,,3/17/2025,52-0591612_FrederickHealthHospital_standardcharges.csv
"Frederick Health Hospital, Inc.",52-0591612,63616,CDM,ABLATOR ARTHRO APOLLO RF MP90,both,,,,max,371.01,,,3/17/2025,52-0591612_FrederickHealthHospital_standardcharges.csv
"Frederick Health Hospital, Inc.",52-0591612,63616,CDM,ABLATOR ARTHRO APOLLO RF MP90,both,,All Payers,All Plans,estimated,371.01,,other,3/17/2025,52-0591612_FrederickHealthHospital_standardcharges.csv
"Frederick Health Hospital, Inc.",52-0591612,63614,CDM,ABLATOR ARTHRO RF XL90,both,,,,gross,371.01,,,3/17/2025,52-0591612_FrederickHealthHospital_standardcharges.csv
"Frederick Health Hospital, Inc.",52-0591612,63614,CDM,ABLATOR ARTHRO RF XL90,both,,,,discounted_cash,363.59,,,3/17/2025,52-0591612_FrederickHealthHospital_standardcharges.csv
"Frederick Health Hospital, Inc.",52-0591612,63614,CDM,ABLATOR ARTHRO RF XL90,both,,,,min,363.59,,,3/17/2025,52-0591612_FrederickHealthHospital_standardcharges.csv
"Frederick Health Hospital, Inc.",52-0591612,63614,CDM,ABLATOR ARTHRO RF XL90,both,,,,max,371.01,,,3/17/2025,52-0591612_FrederickHealthHospital_standardcharges.csv
"Frederick Health Hospital, Inc.",52-0591612,63614,CDM,ABLATOR ARTHRO RF XL90,both,,All Payers,All Plans,estimated,371.01,,other,3/17/2025,52-0591612_FrederickHealthHospital_standardcharges.csv
"Frederick Health Hospital, Inc.",52-0591612,P1657,CDM,ABLATOR EFLEX PROBE,both,,,,gross,1584.42,,,3/17/2025,52-0591612_FrederickHealthHospital_standardcharges.csv
"Frederick Health Hospital, Inc.",52-0591612,P1657,CDM,ABLATOR EFLEX PROBE,both,,,,discounted_cash,1552.73,,,3/17/2025,52-0591612_FrederickHealthHospital_standardcharges.csv
"Frederick Health Hospital, Inc.",52-0591612,P1657,CDM,ABLATOR EFLEX PROBE,both,,,,min,1552.73,,,3/17/2025,52-0591612_FrederickHealthHospital_standardcharges.csv
"Frederick Health Hospital, Inc.",52-0591612,P1657,CDM,ABLATOR EFLEX PROBE,both,,,,max,1584.42,,,3/17/2025,52-0591612_FrederickHealthHospital_standardcharges.csv
"Frederick Health Hospital, Inc.",52-0591612,P1657,CDM,ABLATOR EFLEX PROBE,both,,All Payers,All Plans,estimated,1584.42,,other,3/17/2025,52-0591612_FrederickHealthHospital_standardcharges.csv
"Frederick Health Hospital, Inc.",52-0591612,R2236,CDM,ABLATOR RF ASPIR TOOTHBRUSH 90,both,,,,gross,358.61,,,3/17/2025,52-0591612_FrederickHealthHospital_standardcharges.csv
"Frederick Health Hospital, Inc.",52-0591612,R2236,CDM,ABLATOR RF ASPIR TOOTHBRUSH 90,both,,,,discounted_cash,351.44,,,3/17/2025,52-0591612_FrederickHealthHospital_standardcharges.csv
"Frederick Health Hospital, Inc.",52-0591612,R2236,CDM,ABLATOR RF ASPIR TOOTHBRUSH 90,both,,,,min,351.44,,,3/17/2025,52-0591612_FrederickHealthHospital_standardcharges.csv
"Frederick Health Hospital, Inc.",52-0591612,R2236,CDM,ABLATOR RF ASPIR TOOTHBRUSH 90,both,,,,max,358.61,,,3/17/2025,52-0591612_FrederickHealthHospital_standardcharges.csv
"Frederick Health Hospital, Inc.",52-0591612,R2236,CDM,ABLATOR RF ASPIR TOOTHBRUSH 90,both,,All Payers,All Plans,estimated,358.61,,other,3/17/2025,52-0591612_FrederickHealthHospital_standardcharges.csv
"Frederick Health Hospital, Inc.",52-0591612,R2232,CDM,ABLATOR RF ASPIRATING 50,both,,,,gross,358.61,,,3/17/2025,52-0591612_FrederickHealthHospital_standardcharges.csv
"Frederick Health Hospital, Inc.",52-0591612,R2232,CDM,ABLATOR RF ASPIRATING 50,both,,,,discounted_cash,351.44,,,3/17/2025,52-0591612_FrederickHealthHospital_standardcharges.csv
"Frederick Health Hospital, Inc.",52-0591612,R2232,CDM,ABLATOR RF ASPIRATING 50,both,,,,min,351.44,,,3/17/2025,52-0591612_FrederickHealthHospital_standardcharges.csv
"Frederick Health Hospital, Inc.",52-0591612,R2232,CDM,ABLATOR RF ASPIRATING 50,both,,,,max,358.61,,,3/17/2025,52-0591612_FrederickHealthHospital_standardcharges.csv
"Frederick Health Hospital, Inc.",52-0591612,R2232,CDM,ABLATOR RF ASPIRATING 50,both,,All Payers,All Plans,estimated,358.61,,other,3/17/2025,52-0591612_FrederickHealthHospital_standardcharges.csv
"Frederick Health Hospital, Inc.",52-0591612,R2230,CDM,ABLATOR RF ASPIRATING 90,both,,,,gross,358.61,,,3/17/2025,52-0591612_FrederickHealthHospital_standardcharges.csv
"Frederick Health Hospital, Inc.",52-0591612,R2230,CDM,ABLATOR RF ASPIRATING 90,both,,,,discounted_cash,351.44,,,3/17/2025,52-0591612_FrederickHealthHospital_standardcharges.csv
"Frederick Health Hospital, Inc.",52-0591612,R2230,CDM,ABLATOR RF ASPIRATING 90,both,,,,min,351.44,,,3/17/2025,52-0591612_FrederickHealthHospital_standardcharges.csv
"Frederick Health Hospital, Inc.",52-0591612,R2230,CDM,ABLATOR RF ASPIRATING 90,both,,,,max,358.61,,,3/17/2025,52-0591612_FrederickHealthHospital_standardcharges.csv
"Frederick Health Hospital, Inc.",52-0591612,R2230,CDM,ABLATOR RF ASPIRATING 90,both,,All Payers,All Plans,estimated,358.61,,other,3/17/2025,52-0591612_FrederickHealthHospital_standardcharges.csv
"Frederick Health Hospital, Inc.",52-0591612,R2235,CDM,ABLATOR RF ELECTRODE HOOK 90,both,,,,gross,177.71,,,3/17/2025,52-0591612_FrederickHealthHospital_standardcharges.csv
"Frederick Health Hospital, Inc.",52-0591612,R2235,CDM,ABLATOR RF ELECTRODE HOOK 90,both,,,,discounted_cash,174.16,,,3/17/2025,52-0591612_FrederickHealthHospital_standardcharges.csv
"Frederick Health Hospital, Inc.",52-0591612,R2235,CDM,ABLATOR RF ELECTRODE HOOK 90,both,,,,min,174.16,,,3/17/2025,52-0591612_FrederickHealthHospital_standardcharges.csv
"Frederick Health Hospital, Inc.",52-0591612,R2235,CDM,ABLATOR RF ELECTRODE HOOK 90,both,,,,max,177.71,,,3/17/2025,52-0591612_FrederickHealthHospital_standardcharges.csv
"Frederick Health Hospital, Inc.",52-0591612,R2235,CDM,ABLATOR RF ELECTRODE HOOK 90,both,,All Payers,All Plans,estimated,177.71,,other,3/17/2025,52-0591612_FrederickHealthHospital_standardcharges.csv
"Frederick Health Hospital, Inc.",52-0591612,R2234,CDM,ABLATOR RF MENISCECTOMY,both,,,,gross,283.64,,,3/17/2025,52-0591612_FrederickHealthHospital_standardcharges.csv
"Frederick Health Hospital, Inc.",52-0591612,R2234,CDM,ABLATOR RF MENISCECTOMY,both,,,,discounted_cash,277.97,,,3/17/2025,52-0591612_FrederickHealthHospital_standardcharges.csv
"Frederick Health Hospital, Inc.",52-0591612,R2234,CDM,ABLATOR RF MENISCECTOMY,both,,,,min,277.97,,,3/17/2025,52-0591612_FrederickHealthHospital_standardcharges.csv
"Frederick Health Hospital, Inc.",52-0591612,R2234,CDM,ABLATOR RF MENISCECTOMY,both,,,,max,283.64,,,3/17/2025,52-0591612_FrederickHealthHospital_standardcharges.csv
"Frederick Health Hospital, Inc.",52-0591612,R2234,CDM,ABLATOR RF MENISCECTOMY,both,,All Payers,All Plans,estimated,283.64,,other,3/17/2025,52-0591612_FrederickHealthHospital_standardcharges.csv
"Frederick Health Hospital, Inc.",52-0591612,R2233,CDM,ABLATOR RF MENISCECTOMY 90,both,,,,gross,283.64,,,3/17/2025,52-0591612_FrederickHealthHospital_standardcharges.csv
"Frederick Health Hospital, Inc.",52-0591612,R2233,CDM,ABLATOR RF MENISCECTOMY 90,both,,,,discounted_cash,277.97,,,3/17/2025,52-0591612_FrederickHealthHospital_standardcharges.csv
"Frederick Health Hospital, Inc.",52-0591612,R2233,CDM,ABLATOR RF MENISCECTOMY 90,both,,,,min,277.97,,,3/17/2025,52-0591612_FrederickHealthHospital_standardcharges.csv
"Frederick Health Hospital, Inc.",52-0591612,R2233,CDM,ABLATOR RF MENISCECTOMY 90,both,,,,max,283.64,,,3/17/2025,52-0591612_FrederickHealthHospital_standardcharges.csv
"Frederick Health Hospital, Inc.",52-0591612,R2233,CDM,ABLATOR RF MENISCECTOMY 90,both,,All Payers,All Plans,estimated,283.64,,other,3/17/2025,52-0591612_FrederickHealthHospital_standardcharges.csv
"Frederick Health Hospital, Inc.",52-0591612,C1733,HCPCS,ABLBlazHTD8F5mmLgC/Mdistal,both,,,,gross,2442.15,,,3/17/2025,52-0591612_FrederickHealthHospital_standardcharges.csv
"Frederick Health Hospital, Inc.",52-0591612,C1733,HCPCS,ABLBlazHTD8F5mmLgC/Mdistal,both,,,,discounted_cash,2393.31,,,3/17/2025,52-0591612_FrederickHealthHospital_standardcharges.csv
"Frederick Health Hospital, Inc.",52-0591612,C1733,HCPCS,ABLBlazHTD8F5mmLgC/Mdistal,both,,,,min,2393.31,,,3/17/2025,52-0591612_FrederickHealthHospital_standardcharges.csv
"Frederick Health Hospital, Inc.",52-0591612,C1733,HCPCS,ABLBlazHTD8F5mmLgC/Mdistal,both,,,,max,2442.15,,,3/17/2025,52-0591612_FrederickHealthHospital_standardcharges.csv
"Frederick Health Hospital, Inc.",52-0591612,C1733,HCPCS,ABLBlazHTD8F5mmLgC/Mdistal,both,,All Payers,All Plans,estimated,2442.15,,other,3/17/2025,52-0591612_FrederickHealthHospital_standardcharges.csv
"Frederick Health Hospital, Inc.",52-0591612,CC047,CDM,ABLBlazHTD8F5mmLgC/Mdistal,both,,,,gross,2442.15,,,3/17/2025,52-0591612_FrederickHealthHospital_standardcharges.csv
"Frederick Health Hospital, Inc.",52-0591612,CC047,CDM,ABLBlazHTD8F5mmLgC/Mdistal,both,,,,discounted_cash,2393.31,,,3/17/2025,52-0591612_FrederickHealthHospital_standardcharges.csv
"Frederick Health Hospital, Inc.",52-0591612,CC047,CDM,ABLBlazHTD8F5mmLgC/Mdistal,both,,,,min,2393.31,,,3/17/2025,52-0591612_FrederickHealthHospital_standardcharges.csv
"Frederick Health Hospital, Inc.",52-0591612,CC047,CDM,ABLBlazHTD8F5mmLgC/Mdistal,both,,,,max,2442.15,,,3/17/2025,52-0591612_FrederickHealthHospital_standardcharges.csv
"Frederick Health Hospital, Inc.",52-0591612,CC047,CDM,ABLBlazHTD8F5mmLgC/Mdistal,both,,All Payers,All Plans,estimated,2442.15,,other,3/17/2025,52-0591612_FrederickHealthHospital_standardcharges.csv
"Frederick Health Hospital, Inc.",52-0591612,C1733,HCPCS,ABLBlazHTD8Fr5mmStdC/M Dista,both,,,,gross,2380.98,,,3/17/2025,52-0591612_FrederickHealthHospital_standardcharges.csv
"Frederick Health Hospital, Inc.",52-0591612,C1733,HCPCS,ABLBlazHTD8Fr5mmStdC/M Dista,both,,,,discounted_cash,2333.36,,,3/17/2025,52-0591612_FrederickHealthHospital_standardcharges.csv
"Frederick Health Hospital, Inc.",52-0591612,C1733,HCPCS,ABLBlazHTD8Fr5mmStdC/M Dista,both,,,,min,2333.36,,,3/17/2025,52-0591612_FrederickHealthHospital_standardcharges.csv
"Frederick Health Hospital, Inc.",52-0591612,C1733,HCPCS,ABLBlazHTD8Fr5mmStdC/M Dista,both,,,,max,2380.98,,,3/17/2025,52-0591612_FrederickHealthHospital_standardcharges.csv
"Frederick Health Hospital, Inc.",52-0591612,C1733,HCPCS,ABLBlazHTD8Fr5mmStdC/M Dista,both,,All Payers,All Plans,estimated,2380.98,,other,3/17/2025,52-0591612_FrederickHealthHospital_standardcharges.csv
"Frederick Health Hospital, Inc.",52-0591612,CC046,CDM,ABLBlazHTD8Fr5mmStdC/M Dista,both,,,,gross,2380.98,,,3/17/2025,52-0591612_FrederickHealthHospital_standardcharges.csv
"Frederick Health Hospital, Inc.",52-0591612,CC046,CDM,ABLBlazHTD8Fr5mmStdC/M Dista,both,,,,discounted_cash,2333.36,,,3/17/2025,52-0591612_FrederickHealthHospital_standardcharges.csv
"Frederick Health Hospital, Inc.",52-0591612,CC046,CDM,ABLBlazHTD8Fr5mmStdC/M Dista,both,,,,min,2333.36,,,3/17/2025,52-0591612_FrederickHealthHospital_standardcharges.csv
"Frederick Health Hospital, Inc.",52-0591612,CC046,CDM,ABLBlazHTD8Fr5mmStdC/M Dista,both,,,,max,2380.98,,,3/17/2025,52-0591612_FrederickHealthHospital_standardcharges.csv
"Frederick Health Hospital, Inc.",52-0591612,CC046,CDM,ABLBlazHTD8Fr5mmStdC/M Dista,both,,All Payers,All Plans,estimated,2380.98,,other,3/17/2025,52-0591612_FrederickHealthHospital_standardcharges.csv
"Frederick Health Hospital, Inc.",52-0591612,92650,CPT,ABR INFANT HEARING SCREEN,both,,,,gross,89.3,,,3/17/2025,52-0591612_FrederickHealthHospital_standardcharges.csv
"Frederick Health Hospital, Inc.",52-0591612,92650,CPT,ABR INFANT HEARING SCREEN,both,,,,discounted_cash,87.51,,,3/17/2025,52-0591612_FrederickHealthHospital_standardcharges.csv
"Frederick Health Hospital, Inc.",52-0591612,92650,CPT,ABR INFANT HEARING SCREEN,both,,,,min,87.51,,,3/17/2025,52-0591612_FrederickHealthHospital_standardcharges.csv
"Frederick Health Hospital, Inc.",52-0591612,92650,CPT,ABR INFANT HEARING SCREEN,both,,,,max,89.3,,,3/17/2025,52-0591612_FrederickHealthHospital_standardcharges.csv
"Frederick Health Hospital, Inc.",52-0591612,92650,CPT,ABR INFANT HEARING SCREEN,both,,All Payers,All Plans,estimated,89.3,,other,3/17/2025,52-0591612_FrederickHealthHospital_standardcharges.csv
"Frederick Health Hospital, Inc.",52-0591612,95866,CDM,ABR INFANT HEARING SCREEN,both,,,,gross,89.3,,,3/17/2025,52-0591612_FrederickHealthHospital_standardcharges.csv
"Frederick Health Hospital, Inc.",52-0591612,95866,CDM,ABR INFANT HEARING SCREEN,both,,,,discounted_cash,87.51,,,3/17/2025,52-0591612_FrederickHealthHospital_standardcharges.csv
"Frederick Health Hospital, Inc.",52-0591612,95866,CDM,ABR INFANT HEARING SCREEN,both,,,,min,87.51,,,3/17/2025,52-0591612_FrederickHealthHospital_standardcharges.csv
"Frederick Health Hospital, Inc.",52-0591612,95866,CDM,ABR INFANT HEARING SCREEN,both,,,,max,89.3,,,3/17/2025,52-0591612_FrederickHealthHospital_standardcharges.csv
"Frederick Health Hospital, Inc.",52-0591612,95866,CDM,ABR INFANT HEARING SCREEN,both,,All Payers,All Plans,estimated,89.3,,other,3/17/2025,52-0591612_FrederickHealthHospital_standardcharges.csv
"Frederick Health Hospital, Inc.",52-0591612,15315,CDM,ABSORBENT HEMOSTAT 2 X 3,both,,,,gross,86.0,,,3/17/2025,52-0591612_FrederickHealthHospital_standardcharges.csv
"Frederick Health Hospital, Inc.",52-0591612,15315,CDM,ABSORBENT HEMOSTAT 2 X 3,both,,,,discounted_cash,84.28,,,3/17/2025,52-0591612_FrederickHealthHospital_standardcharges.csv
"Frederick Health Hospital, Inc.",52-0591612,15315,CDM,ABSORBENT HEMOSTAT 2 X 3,both,,,,min,84.28,,,3/17/2025,52-0591612_FrederickHealthHospital_standardcharges.csv
"Frederick Health Hospital, Inc.",52-0591612,15315,CDM,ABSORBENT HEMOSTAT 2 X 3,both,,,,max,86.0,,,3/17/2025,52-0591612_FrederickHealthHospital_standardcharges.csv
"Frederick Health Hospital, Inc.",52-0591612,15315,CDM,ABSORBENT HEMOSTAT 2 X 3,both,,All Payers,All Plans,estimated,86.0,,other,3/17/2025,52-0591612_FrederickHealthHospital_standardcharges.csv
"Frederick Health Hospital, Inc.",52-0591612,15316,CDM,ABSORBENT HEMOSTAT 4 X 8,both,,,,gross,157.02,,,3/17/2025,52-0591612_FrederickHealthHospital_standardcharges.csv
"Frederick Health Hospital, Inc.",52-0591612,15316,CDM,ABSORBENT HEMOSTAT 4 X 8,both,,,,discounted_cash,153.88,,,3/17/2025,52-0591612_FrederickHealthHospital_standardcharges.csv
"Frederick Health Hospital, Inc.",52-0591612,15316,CDM,ABSORBENT HEMOSTAT 4 X 8,both,,,,min,153.88,,,3/17/2025,52-0591612_FrederickHealthHospital_standardcharges.csv
"Frederick Health Hospital, Inc.",52-0591612,15316,CDM,ABSORBENT HEMOSTAT 4 X 8,both,,,,max,157.02,,,3/17/2025,52-0591612_FrederickHealthHospital_standardcharges.csv
"Frederick Health Hospital, Inc.",52-0591612,15316,CDM,ABSORBENT HEMOSTAT 4 X 8,both,,All Payers,All Plans,estimated,157.02,,other,3/17/2025,52-0591612_FrederickHealthHospital_standardcharges.csv
"Frederick Health Hospital, Inc.",52-0591612,31936,CDM,ABTHERA ABD CONTAINER 370620,both,,,,gross,25.62,,,3/17/2025,52-0591612_FrederickHealthHospital_standardcharges.csv
"Frederick Health Hospital, Inc.",52-0591612,31936,CDM,ABTHERA ABD CONTAINER 370620,both,,,,discounted_cash,25.11,,,3/17/2025,52-0591612_FrederickHealthHospital_standardcharges.csv
"Frederick Health Hospital, Inc.",52-0591612,31936,CDM,ABTHERA ABD CONTAINER 370620,both,,,,min,25.11,,,3/17/2025,52-0591612_FrederickHealthHospital_standardcharges.csv
"Frederick Health Hospital, Inc.",52-0591612,31936,CDM,ABTHERA ABD CONTAINER 370620,both,,,,max,25.62,,,3/17/2025,52-0591612_FrederickHealthHospital_standardcharges.csv
"Frederick Health Hospital, Inc.",52-0591612,31936,CDM,ABTHERA ABD CONTAINER 370620,both,,All Payers,All Plans,estimated,25.62,,other,3/17/2025,52-0591612_FrederickHealthHospital_standardcharges.csv
"Frederick Health Hospital, Inc.",52-0591612,31937,CDM,ABTHERA ABD DRESSING 370605,both,,,,gross,927.86,,,3/17/2025,52-0591612_FrederickHealthHospital_standardcharges.csv
"Frederick Health Hospital, Inc.",52-0591612,31937,CDM,ABTHERA ABD DRESSING 370605,both,,,,discounted_cash,909.3,,,3/17/2025,52-0591612_FrederickHealthHospital_standardcharges.csv
"Frederick Health Hospital, Inc.",52-0591612,31937,CDM,ABTHERA ABD DRESSING 370605,both,,,,min,909.3,,,3/17/2025,52-0591612_FrederickHealthHospital_standardcharges.csv
"Frederick Health Hospital, Inc.",52-0591612,31937,CDM,ABTHERA ABD DRESSING 370605,both,,,,max,927.86,,,3/17/2025,52-0591612_FrederickHealthHospital_standardcharges.csv
"Frederick Health Hospital, Inc.",52-0591612,31937,CDM,ABTHERA ABD DRESSING 370605,both,,All Payers,All Plans,estimated,927.86,,other,3/17/2025,52-0591612_FrederickHealthHospital_standardcharges.csv
"Frederick Health Hospital, Inc.",52-0591612,13460,CDM,ACAMPROSATE CALCIUM *,both,,,,gross,8.18,,,3/17/2025,52-0591612_FrederickHealthHospital_standardcharges.csv
"Frederick Health Hospital, Inc.",52-0591612,13460,CDM,ACAMPROSATE CALCIUM *,both,,,,discounted_cash,8.02,,,3/17/2025,52-0591612_FrederickHealthHospital_standardcharges.csv
"Frederick Health Hospital, Inc.",52-0591612,13460,CDM,ACAMPROSATE CALCIUM *,both,,,,min,8.02,,,3/17/2025,52-0591612_FrederickHealthHospital_standardcharges.csv
"Frederick Health Hospital, Inc.",52-0591612,13460,CDM,ACAMPROSATE CALCIUM *,both,,,,max,8.18,,,3/17/2025,52-0591612_FrederickHealthHospital_standardcharges.csv
"Frederick Health Hospital, Inc.",52-0591612,13460,CDM,ACAMPROSATE CALCIUM *,both,,All Payers,All Plans,estimated,8.18,,other,3/17/2025,52-0591612_FrederickHealthHospital_standardcharges.csv
"Frederick Health Hospital, Inc.",52-0591612,68462043518A,NDC,ACAMPROSATE CALCIUM *,both,,,,gross,8.18,,,3/17/2025,52-0591612_FrederickHealthHospital_standardcharges.csv
"Frederick Health Hospital, Inc.",52-0591612,68462043518A,NDC,ACAMPROSATE CALCIUM *,both,,,,discounted_cash,8.02,,,3/17/2025,52-0591612_FrederickHealthHospital_standardcharges.csv
"Frederick Health Hospital, Inc.",52-0591612,68462043518A,NDC,ACAMPROSATE CALCIUM *,both,,,,min,8.02,,,3/17/2025,52-0591612_FrederickHealthHospital_standardcharges.csv
"Frederick Health Hospital, Inc.",52-0591612,68462043518A,NDC,ACAMPROSATE CALCIUM *,both,,,,max,8.18,,,3/17/2025,52-0591612_FrederickHealthHospital_standardcharges.csv
"Frederick Health Hospital, Inc.",52-0591612,68462043518A,NDC,ACAMPROSATE CALCIUM *,both,,All Payers,All Plans,estimated,8.18,,other,3/17/2025,52-0591612_FrederickHealthHospital_standardcharges.csv
"Frederick Health Hospital, Inc.",52-0591612,C1894,HCPCS,ACC INTRDCR VALV FR9.5 7474,both,,,,gross,192.88,,,3/17/2025,52-0591612_FrederickHealthHospital_standardcharges.csv
"Frederick Health Hospital, Inc.",52-0591612,C1894,HCPCS,ACC INTRDCR VALV FR9.5 7474,both,,,,discounted_cash,189.02,,,3/17/2025,52-0591612_FrederickHealthHospital_standardcharges.csv
"Frederick Health Hospital, Inc.",52-0591612,C1894,HCPCS,ACC INTRDCR VALV FR9.5 7474,both,,,,min,189.02,,,3/17/2025,52-0591612_FrederickHealthHospital_standardcharges.csv
"Frederick Health Hospital, Inc.",52-0591612,C1894,HCPCS,ACC INTRDCR VALV FR9.5 7474,both,,,,max,192.88,,,3/17/2025,52-0591612_FrederickHealthHospital_standardcharges.csv
"Frederick Health Hospital, Inc.",52-0591612,C1894,HCPCS,ACC INTRDCR VALV FR9.5 7474,both,,All Payers,All Plans,estimated,192.88,,other,3/17/2025,52-0591612_FrederickHealthHospital_standardcharges.csv
"Frederick Health Hospital, Inc.",52-0591612,CB043,CDM,ACC INTRDCR VALV FR9.5 7474,both,,,,gross,192.88,,,3/17/2025,52-0591612_FrederickHealthHospital_standardcharges.csv
"Frederick Health Hospital, Inc.",52-0591612,CB043,CDM,ACC INTRDCR VALV FR9.5 7474,both,,,,discounted_cash,189.02,,,3/17/2025,52-0591612_FrederickHealthHospital_standardcharges.csv
"Frederick Health Hospital, Inc.",52-0591612,CB043,CDM,ACC INTRDCR VALV FR9.5 7474,both,,,,min,189.02,,,3/17/2025,52-0591612_FrederickHealthHospital_standardcharges.csv
"Frederick Health Hospital, Inc.",52-0591612,CB043,CDM,ACC INTRDCR VALV FR9.5 7474,both,,,,max,192.88,,,3/17/2025,52-0591612_FrederickHealthHospital_standardcharges.csv
"Frederick Health Hospital, Inc.",52-0591612,CB043,CDM,ACC INTRDCR VALV FR9.5 7474,both,,All Payers,All Plans,estimated,192.88,,other,3/17/2025,52-0591612_FrederickHealthHospital_standardcharges.csv
"Frederick Health Hospital, Inc.",52-0591612,0086U,CPT,ACCELERATE PHENO TEST,both,,,,gross,286.12,,,3/17/2025,52-0591612_FrederickHealthHospital_standardcharges.csv
"Frederick Health Hospital, Inc.",52-0591612,0086U,CPT,ACCELERATE PHENO TEST,both,,,,discounted_cash,280.4,,,3/17/2025,52-0591612_FrederickHealthHospital_standardcharges.csv
"Frederick Health Hospital, Inc.",52-0591612,0086U,CPT,ACCELERATE PHENO TEST,both,,,,min,280.4,,,3/17/2025,52-0591612_FrederickHealthHospital_standardcharges.csv
"Frederick Health Hospital, Inc.",52-0591612,0086U,CPT,ACCELERATE PHENO TEST,both,,,,max,286.12,,,3/17/2025,52-0591612_FrederickHealthHospital_standardcharges.csv
"Frederick Health Hospital, Inc.",52-0591612,0086U,CPT,ACCELERATE PHENO TEST,both,,All Payers,All Plans,estimated,286.12,,other,3/17/2025,52-0591612_FrederickHealthHospital_standardcharges.csv
"Frederick Health Hospital, Inc.",52-0591612,93099,CDM,ACCELERATE PHENO TEST,both,,,,gross,286.12,,,3/17/2025,52-0591612_FrederickHealthHospital_standardcharges.csv
"Frederick Health Hospital, Inc.",52-0591612,93099,CDM,ACCELERATE PHENO TEST,both,,,,discounted_cash,280.4,,,3/17/2025,52-0591612_FrederickHealthHospital_standardcharges.csv
"Frederick Health Hospital, Inc.",52-0591612,93099,CDM,ACCELERATE PHENO TEST,both,,,,min,280.4,,,3/17/2025,52-0591612_FrederickHealthHospital_standardcharges.csv
"Frederick Health Hospital, Inc.",52-0591612,93099,CDM,ACCELERATE PHENO TEST,both,,,,max,286.12,,,3/17/2025,52-0591612_FrederickHealthHospital_standardcharges.csv
"Frederick Health Hospital, Inc.",52-0591612,93099,CDM,ACCELERATE PHENO TEST,both,,All Payers,All Plans,estimated,286.12,,other,3/17/2025,52-0591612_FrederickHealthHospital_standardcharges.csv
"Frederick Health Hospital, Inc.",52-0591612,69440,CDM,ACCESS KIT,both,,,,gross,1151.38,,,3/17/2025,52-0591612_FrederickHealthHospital_standardcharges.csv
"Frederick Health Hospital, Inc.",52-0591612,69440,CDM,ACCESS KIT,both,,,,discounted_cash,1128.35,,,3/17/2025,52-0591612_FrederickHealthHospital_standardcharges.csv
"Frederick Health Hospital, Inc.",52-0591612,69440,CDM,ACCESS KIT,both,,,,min,1128.35,,,3/17/2025,52-0591612_FrederickHealthHospital_standardcharges.csv
"Frederick Health Hospital, Inc.",52-0591612,69440,CDM,ACCESS KIT,both,,,,max,1151.38,,,3/17/2025,52-0591612_FrederickHealthHospital_standardcharges.csv
"Frederick Health Hospital, Inc.",52-0591612,69440,CDM,ACCESS KIT,both,,All Payers,All Plans,estimated,1151.38,,other,3/17/2025,52-0591612_FrederickHealthHospital_standardcharges.csv
"Frederick Health Hospital, Inc.",52-0591612,C1894,HCPCS,ACCESS PLATEFORM GELPOINT MINI,both,,,,gross,1730.51,,,3/17/2025,52-0591612_FrederickHealthHospital_standardcharges.csv
"Frederick Health Hospital, Inc.",52-0591612,C1894,HCPCS,ACCESS PLATEFORM GELPOINT MINI,both,,,,discounted_cash,1695.9,,,3/17/2025,52-0591612_FrederickHealthHospital_standardcharges.csv
"Frederick Health Hospital, Inc.",52-0591612,C1894,HCPCS,ACCESS PLATEFORM GELPOINT MINI,both,,,,min,1695.9,,,3/17/2025,52-0591612_FrederickHealthHospital_standardcharges.csv
"Frederick Health Hospital, Inc.",52-0591612,C1894,HCPCS,ACCESS PLATEFORM GELPOINT MINI,both,,,,max,1730.51,,,3/17/2025,52-0591612_FrederickHealthHospital_standardcharges.csv
"Frederick Health Hospital, Inc.",52-0591612,C1894,HCPCS,ACCESS PLATEFORM GELPOINT MINI,both,,All Payers,All Plans,estimated,1730.51,,other,3/17/2025,52-0591612_FrederickHealthHospital_standardcharges.csv
"Frederick Health Hospital, Inc.",52-0591612,R8317,CDM,ACCESS PLATEFORM GELPOINT MINI,both,,,,gross,1730.51,,,3/17/2025,52-0591612_FrederickHealthHospital_standardcharges.csv
"Frederick Health Hospital, Inc.",52-0591612,R8317,CDM,ACCESS PLATEFORM GELPOINT MINI,both,,,,discounted_cash,1695.9,,,3/17/2025,52-0591612_FrederickHealthHospital_standardcharges.csv
"Frederick Health Hospital, Inc.",52-0591612,R8317,CDM,ACCESS PLATEFORM GELPOINT MINI,both,,,,min,1695.9,,,3/17/2025,52-0591612_FrederickHealthHospital_standardcharges.csv
"Frederick Health Hospital, Inc.",52-0591612,R8317,CDM,ACCESS PLATEFORM GELPOINT MINI,both,,,,max,1730.51,,,3/17/2025,52-0591612_FrederickHealthHospital_standardcharges.csv
"Frederick Health Hospital, Inc.",52-0591612,R8317,CDM,ACCESS PLATEFORM GELPOINT MINI,both,,All Payers,All Plans,estimated,1730.51,,other,3/17/2025,52-0591612_FrederickHealthHospital_standardcharges.csv
"Frederick Health Hospital, Inc.",52-0591612,69555,CDM,ACCESS PORT RAPID EZ STANDARD,both,,,,gross,2110.87,,,3/17/2025,52-0591612_FrederickHealthHospital_standardcharges.csv
"Frederick Health Hospital, Inc.",52-0591612,69555,CDM,ACCESS PORT RAPID EZ STANDARD,both,,,,discounted_cash,2068.65,,,3/17/2025,52-0591612_FrederickHealthHospital_standardcharges.csv
"Frederick Health Hospital, Inc.",52-0591612,69555,CDM,ACCESS PORT RAPID EZ STANDARD,both,,,,min,2068.65,,,3/17/2025,52-0591612_FrederickHealthHospital_standardcharges.csv
"Frederick Health Hospital, Inc.",52-0591612,69555,CDM,ACCESS PORT RAPID EZ STANDARD,both,,,,max,2110.87,,,3/17/2025,52-0591612_FrederickHealthHospital_standardcharges.csv
"Frederick Health Hospital, Inc.",52-0591612,69555,CDM,ACCESS PORT RAPID EZ STANDARD,both,,All Payers,All Plans,estimated,2110.87,,other,3/17/2025,52-0591612_FrederickHealthHospital_standardcharges.csv
"Frederick Health Hospital, Inc.",52-0591612,C1713,HCPCS,ACCESS SCREW 14MM,both,,,,gross,1320.12,,,3/17/2025,52-0591612_FrederickHealthHospital_standardcharges.csv
"Frederick Health Hospital, Inc.",52-0591612,C1713,HCPCS,ACCESS SCREW 14MM,both,,,,discounted_cash,1293.72,,,3/17/2025,52-0591612_FrederickHealthHospital_standardcharges.csv
"Frederick Health Hospital, Inc.",52-0591612,C1713,HCPCS,ACCESS SCREW 14MM,both,,,,min,1293.72,,,3/17/2025,52-0591612_FrederickHealthHospital_standardcharges.csv
"Frederick Health Hospital, Inc.",52-0591612,C1713,HCPCS,ACCESS SCREW 14MM,both,,,,max,1320.12,,,3/17/2025,52-0591612_FrederickHealthHospital_standardcharges.csv
"Frederick Health Hospital, Inc.",52-0591612,C1713,HCPCS,ACCESS SCREW 14MM,both,,All Payers,All Plans,estimated,1320.12,,other,3/17/2025,52-0591612_FrederickHealthHospital_standardcharges.csv
"Frederick Health Hospital, Inc.",52-0591612,P1870,CDM,ACCESS SCREW 14MM,both,,,,gross,1320.12,,,3/17/2025,52-0591612_FrederickHealthHospital_standardcharges.csv
"Frederick Health Hospital, Inc.",52-0591612,P1870,CDM,ACCESS SCREW 14MM,both,,,,discounted_cash,1293.72,,,3/17/2025,52-0591612_FrederickHealthHospital_standardcharges.csv
"Frederick Health Hospital, Inc.",52-0591612,P1870,CDM,ACCESS SCREW 14MM,both,,,,min,1293.72,,,3/17/2025,52-0591612_FrederickHealthHospital_standardcharges.csv
"Frederick Health Hospital, Inc.",52-0591612,P1870,CDM,ACCESS SCREW 14MM,both,,,,max,1320.12,,,3/17/2025,52-0591612_FrederickHealthHospital_standardcharges.csv
"Frederick Health Hospital, Inc.",52-0591612,P1870,CDM,ACCESS SCREW 14MM,both,,All Payers,All Plans,estimated,1320.12,,other,3/17/2025,52-0591612_FrederickHealthHospital_standardcharges.csv
"Frederick Health Hospital, Inc.",52-0591612,CA790,CDM,ACCESS STYLET KIT 45CM,both,,,,gross,139.27,,,3/17/2025,52-0591612_FrederickHealthHospital_standardcharges.csv
"Frederick Health Hospital, Inc.",52-0591612,CA790,CDM,ACCESS STYLET KIT 45CM,both,,,,discounted_cash,136.48,,,3/17/2025,52-0591612_FrederickHealthHospital_standardcharges.csv
"Frederick Health Hospital, Inc.",52-0591612,CA790,CDM,ACCESS STYLET KIT 45CM,both,,,,min,136.48,,,3/17/2025,52-0591612_FrederickHealthHospital_standardcharges.csv
"Frederick Health Hospital, Inc.",52-0591612,CA790,CDM,ACCESS STYLET KIT 45CM,both,,,,max,139.27,,,3/17/2025,52-0591612_FrederickHealthHospital_standardcharges.csv
"Frederick Health Hospital, Inc.",52-0591612,CA790,CDM,ACCESS STYLET KIT 45CM,both,,All Payers,All Plans,estimated,139.27,,other,3/17/2025,52-0591612_FrederickHealthHospital_standardcharges.csv
"Frederick Health Hospital, Inc.",52-0591612,EP021,CDM,ACCESSORY BVCS6180,both,,,,gross,424.16,,,3/17/2025,52-0591612_FrederickHealthHospital_standardcharges.csv
"Frederick Health Hospital, Inc.",52-0591612,EP021,CDM,ACCESSORY BVCS6180,both,,,,discounted_cash,415.68,,,3/17/2025,52-0591612_FrederickHealthHospital_standardcharges.csv
"Frederick Health Hospital, Inc.",52-0591612,EP021,CDM,ACCESSORY BVCS6180,both,,,,min,415.68,,,3/17/2025,52-0591612_FrederickHealthHospital_standardcharges.csv
"Frederick Health Hospital, Inc.",52-0591612,EP021,CDM,ACCESSORY BVCS6180,both,,,,max,424.16,,,3/17/2025,52-0591612_FrederickHealthHospital_standardcharges.csv
"Frederick Health Hospital, Inc.",52-0591612,EP021,CDM,ACCESSORY BVCS6180,both,,All Payers,All Plans,estimated,424.16,,other,3/17/2025,52-0591612_FrederickHealthHospital_standardcharges.csv
"Frederick Health Hospital, Inc.",52-0591612,C1750,HCPCS,ACCESSORY COMPONET KIT,both,,,,gross,1056.84,,,3/17/2025,52-0591612_FrederickHealthHospital_standardcharges.csv
"Frederick Health Hospital, Inc.",52-0591612,C1750,HCPCS,ACCESSORY COMPONET KIT,both,,,,discounted_cash,1035.7,,,3/17/2025,52-0591612_FrederickHealthHospital_standardcharges.csv
"Frederick Health Hospital, Inc.",52-0591612,C1750,HCPCS,ACCESSORY COMPONET KIT,both,,,,min,1035.7,,,3/17/2025,52-0591612_FrederickHealthHospital_standardcharges.csv
"Frederick Health Hospital, Inc.",52-0591612,C1750,HCPCS,ACCESSORY COMPONET KIT,both,,,,max,1056.84,,,3/17/2025,52-0591612_FrederickHealthHospital_standardcharges.csv
"Frederick Health Hospital, Inc.",52-0591612,C1750,HCPCS,ACCESSORY COMPONET KIT,both,,All Payers,All Plans,estimated,1056.84,,other,3/17/2025,52-0591612_FrederickHealthHospital_standardcharges.csv
"Frederick Health Hospital, Inc.",52-0591612,R2647,CDM,ACCESSORY COMPONET KIT,both,,,,gross,1056.84,,,3/17/2025,52-0591612_FrederickHealthHospital_standardcharges.csv
"Frederick Health Hospital, Inc.",52-0591612,R2647,CDM,ACCESSORY COMPONET KIT,both,,,,discounted_cash,1035.7,,,3/17/2025,52-0591612_FrederickHealthHospital_standardcharges.csv
"Frederick Health Hospital, Inc.",52-0591612,R2647,CDM,ACCESSORY COMPONET KIT,both,,,,min,1035.7,,,3/17/2025,52-0591612_FrederickHealthHospital_standardcharges.csv
"Frederick Health Hospital, Inc.",52-0591612,R2647,CDM,ACCESSORY COMPONET KIT,both,,,,max,1056.84,,,3/17/2025,52-0591612_FrederickHealthHospital_standardcharges.csv
"Frederick Health Hospital, Inc.",52-0591612,R2647,CDM,ACCESSORY COMPONET KIT,both,,All Payers,All Plans,estimated,1056.84,,other,3/17/2025,52-0591612_FrederickHealthHospital_standardcharges.csv
"Frederick Health Hospital, Inc.",52-0591612,CA896,CDM,ACCESSORY KITDS06003 / 52cm,both,,,,gross,273.91,,,3/17/2025,52-0591612_FrederickHealthHospital_standardcharges.csv
"Frederick Health Hospital, Inc.",52-0591612,CA896,CDM,ACCESSORY KITDS06003 / 52cm,both,,,,discounted_cash,268.43,,,3/17/2025,52-0591612_FrederickHealthHospital_standardcharges.csv
"Frederick Health Hospital, Inc.",52-0591612,CA896,CDM,ACCESSORY KITDS06003 / 52cm,both,,,,min,268.43,,,3/17/2025,52-0591612_FrederickHealthHospital_standardcharges.csv
"Frederick Health Hospital, Inc.",52-0591612,CA896,CDM,ACCESSORY KITDS06003 / 52cm,both,,,,max,273.91,,,3/17/2025,52-0591612_FrederickHealthHospital_standardcharges.csv
"Frederick Health Hospital, Inc.",52-0591612,CA896,CDM,ACCESSORY KITDS06003 / 52cm,both,,All Payers,All Plans,estimated,273.91,,other,3/17/2025,52-0591612_FrederickHealthHospital_standardcharges.csv
"Frederick Health Hospital, Inc.",52-0591612,C1785,HCPCS,ACCOLADE MRI DR EL,both,,,,gross,7091.81,,,3/17/2025,52-0591612_FrederickHealthHospital_standardcharges.csv
"Frederick Health Hospital, Inc.",52-0591612,C1785,HCPCS,ACCOLADE MRI DR EL,both,,,,discounted_cash,6949.97,,,3/17/2025,52-0591612_FrederickHealthHospital_standardcharges.csv
"Frederick Health Hospital, Inc.",52-0591612,C1785,HCPCS,ACCOLADE MRI DR EL,both,,,,min,6949.97,,,3/17/2025,52-0591612_FrederickHealthHospital_standardcharges.csv
"Frederick Health Hospital, Inc.",52-0591612,C1785,HCPCS,ACCOLADE MRI DR EL,both,,,,max,7091.81,,,3/17/2025,52-0591612_FrederickHealthHospital_standardcharges.csv
"Frederick Health Hospital, Inc.",52-0591612,C1785,HCPCS,ACCOLADE MRI DR EL,both,,All Payers,All Plans,estimated,7091.81,,other,3/17/2025,52-0591612_FrederickHealthHospital_standardcharges.csv
"Frederick Health Hospital, Inc.",52-0591612,CB196,CDM,ACCOLADE MRI DR EL,both,,,,gross,7091.81,,,3/17/2025,52-0591612_FrederickHealthHospital_standardcharges.csv
"Frederick Health Hospital, Inc.",52-0591612,CB196,CDM,ACCOLADE MRI DR EL,both,,,,discounted_cash,6949.97,,,3/17/2025,52-0591612_FrederickHealthHospital_standardcharges.csv
"Frederick Health Hospital, Inc.",52-0591612,CB196,CDM,ACCOLADE MRI DR EL,both,,,,min,6949.97,,,3/17/2025,52-0591612_FrederickHealthHospital_standardcharges.csv
"Frederick Health Hospital, Inc.",52-0591612,CB196,CDM,ACCOLADE MRI DR EL,both,,,,max,7091.81,,,3/17/2025,52-0591612_FrederickHealthHospital_standardcharges.csv
"Frederick Health Hospital, Inc.",52-0591612,CB196,CDM,ACCOLADE MRI DR EL,both,,All Payers,All Plans,estimated,7091.81,,other,3/17/2025,52-0591612_FrederickHealthHospital_standardcharges.csv
"Frederick Health Hospital, Inc.",52-0591612,P1661,CDM,ACCU-PASS DIR CRESCENT XL,both,,,,gross,1095.82,,,3/17/2025,52-0591612_FrederickHealthHospital_standardcharges.csv
"Frederick Health Hospital, Inc.",52-0591612,P1661,CDM,ACCU-PASS DIR CRESCENT XL,both,,,,discounted_cash,1073.9,,,3/17/2025,52-0591612_FrederickHealthHospital_standardcharges.csv
"Frederick Health Hospital, Inc.",52-0591612,P1661,CDM,ACCU-PASS DIR CRESCENT XL,both,,,,min,1073.9,,,3/17/2025,52-0591612_FrederickHealthHospital_standardcharges.csv
"Frederick Health Hospital, Inc.",52-0591612,P1661,CDM,ACCU-PASS DIR CRESCENT XL,both,,,,max,1095.82,,,3/17/2025,52-0591612_FrederickHealthHospital_standardcharges.csv
"Frederick Health Hospital, Inc.",52-0591612,P1661,CDM,ACCU-PASS DIR CRESCENT XL,both,,All Payers,All Plans,estimated,1095.82,,other,3/17/2025,52-0591612_FrederickHealthHospital_standardcharges.csv
"Frederick Health Hospital, Inc.",52-0591612,C1900,HCPCS,Accuity X4 4671,both,,,,gross,4427.29,,,3/17/2025,52-0591612_FrederickHealthHospital_standardcharges.csv
"Frederick Health Hospital, Inc.",52-0591612,C1900,HCPCS,Accuity X4 4671,both,,,,discounted_cash,4338.74,,,3/17/2025,52-0591612_FrederickHealthHospital_standardcharges.csv
"Frederick Health Hospital, Inc.",52-0591612,C1900,HCPCS,Accuity X4 4671,both,,,,min,4338.74,,,3/17/2025,52-0591612_FrederickHealthHospital_standardcharges.csv
"Frederick Health Hospital, Inc.",52-0591612,C1900,HCPCS,Accuity X4 4671,both,,,,max,4427.29,,,3/17/2025,52-0591612_FrederickHealthHospital_standardcharges.csv
"Frederick Health Hospital, Inc.",52-0591612,C1900,HCPCS,Accuity X4 4671,both,,All Payers,All Plans,estimated,4427.29,,other,3/17/2025,52-0591612_FrederickHealthHospital_standardcharges.csv
"Frederick Health Hospital, Inc.",52-0591612,EP147,CDM,Accuity X4 4671,both,,,,gross,4427.29,,,3/17/2025,52-0591612_FrederickHealthHospital_standardcharges.csv
"Frederick Health Hospital, Inc.",52-0591612,EP147,CDM,Accuity X4 4671,both,,,,discounted_cash,4338.74,,,3/17/2025,52-0591612_FrederickHealthHospital_standardcharges.csv
"Frederick Health Hospital, Inc.",52-0591612,EP147,CDM,Accuity X4 4671,both,,,,min,4338.74,,,3/17/2025,52-0591612_FrederickHealthHospital_standardcharges.csv
"Frederick Health Hospital, Inc.",52-0591612,EP147,CDM,Accuity X4 4671,both,,,,max,4427.29,,,3/17/2025,52-0591612_FrederickHealthHospital_standardcharges.csv
"Frederick Health Hospital, Inc.",52-0591612,EP147,CDM,Accuity X4 4671,both,,All Payers,All Plans,estimated,4427.29,,other,3/17/2025,52-0591612_FrederickHealthHospital_standardcharges.csv
"Frederick Health Hospital, Inc.",52-0591612,C1900,HCPCS,Accuity X4 4672,both,,,,gross,4427.29,,,3/17/2025,52-0591612_FrederickHealthHospital_standardcharges.csv
"Frederick Health Hospital, Inc.",52-0591612,C1900,HCPCS,Accuity X4 4672,both,,,,discounted_cash,4338.74,,,3/17/2025,52-0591612_FrederickHealthHospital_standardcharges.csv
"Frederick Health Hospital, Inc.",52-0591612,C1900,HCPCS,Accuity X4 4672,both,,,,min,4338.74,,,3/17/2025,52-0591612_FrederickHealthHospital_standardcharges.csv
"Frederick Health Hospital, Inc.",52-0591612,C1900,HCPCS,Accuity X4 4672,both,,,,max,4427.29,,,3/17/2025,52-0591612_FrederickHealthHospital_standardcharges.csv
"Frederick Health Hospital, Inc.",52-0591612,C1900,HCPCS,Accuity X4 4672,both,,All Payers,All Plans,estimated,4427.29,,other,3/17/2025,52-0591612_FrederickHealthHospital_standardcharges.csv
"Frederick Health Hospital, Inc.",52-0591612,EP148,CDM,Accuity X4 4672,both,,,,gross,4427.29,,,3/17/2025,52-0591612_FrederickHealthHospital_standardcharges.csv
"Frederick Health Hospital, Inc.",52-0591612,EP148,CDM,Accuity X4 4672,both,,,,discounted_cash,4338.74,,,3/17/2025,52-0591612_FrederickHealthHospital_standardcharges.csv
"Frederick Health Hospital, Inc.",52-0591612,EP148,CDM,Accuity X4 4672,both,,,,min,4338.74,,,3/17/2025,52-0591612_FrederickHealthHospital_standardcharges.csv
"Frederick Health Hospital, Inc.",52-0591612,EP148,CDM,Accuity X4 4672,both,,,,max,4427.29,,,3/17/2025,52-0591612_FrederickHealthHospital_standardcharges.csv
"Frederick Health Hospital, Inc.",52-0591612,EP148,CDM,Accuity X4 4672,both,,All Payers,All Plans,estimated,4427.29,,other,3/17/2025,52-0591612_FrederickHealthHospital_standardcharges.csv
"Frederick Health Hospital, Inc.",52-0591612,C1900,HCPCS,Accuity X4 4674,both,,,,gross,4427.29,,,3/17/2025,52-0591612_FrederickHealthHospital_standardcharges.csv
"Frederick Health Hospital, Inc.",52-0591612,C1900,HCPCS,Accuity X4 4674,both,,,,discounted_cash,4338.74,,,3/17/2025,52-0591612_FrederickHealthHospital_standardcharges.csv
"Frederick Health Hospital, Inc.",52-0591612,C1900,HCPCS,Accuity X4 4674,both,,,,min,4338.74,,,3/17/2025,52-0591612_FrederickHealthHospital_standardcharges.csv
"Frederick Health Hospital, Inc.",52-0591612,C1900,HCPCS,Accuity X4 4674,both,,,,max,4427.29,,,3/17/2025,52-0591612_FrederickHealthHospital_standardcharges.csv
"Frederick Health Hospital, Inc.",52-0591612,C1900,HCPCS,Accuity X4 4674,both,,All Payers,All Plans,estimated,4427.29,,other,3/17/2025,52-0591612_FrederickHealthHospital_standardcharges.csv
"Frederick Health Hospital, Inc.",52-0591612,EP149,CDM,Accuity X4 4674,both,,,,gross,4427.29,,,3/17/2025,52-0591612_FrederickHealthHospital_standardcharges.csv
"Frederick Health Hospital, Inc.",52-0591612,EP149,CDM,Accuity X4 4674,both,,,,discounted_cash,4338.74,,,3/17/2025,52-0591612_FrederickHealthHospital_standardcharges.csv
"Frederick Health Hospital, Inc.",52-0591612,EP149,CDM,Accuity X4 4674,both,,,,min,4338.74,,,3/17/2025,52-0591612_FrederickHealthHospital_standardcharges.csv
"Frederick Health Hospital, Inc.",52-0591612,EP149,CDM,Accuity X4 4674,both,,,,max,4427.29,,,3/17/2025,52-0591612_FrederickHealthHospital_standardcharges.csv
"Frederick Health Hospital, Inc.",52-0591612,EP149,CDM,Accuity X4 4674,both,,All Payers,All Plans,estimated,4427.29,,other,3/17/2025,52-0591612_FrederickHealthHospital_standardcharges.csv
"Frederick Health Hospital, Inc.",52-0591612,C1900,HCPCS,Accuity X4 4675,both,,,,gross,4427.29,,,3/17/2025,52-0591612_FrederickHealthHospital_standardcharges.csv
"Frederick Health Hospital, Inc.",52-0591612,C1900,HCPCS,Accuity X4 4675,both,,,,discounted_cash,4338.74,,,3/17/2025,52-0591612_FrederickHealthHospital_standardcharges.csv
"Frederick Health Hospital, Inc.",52-0591612,C1900,HCPCS,Accuity X4 4675,both,,,,min,4338.74,,,3/17/2025,52-0591612_FrederickHealthHospital_standardcharges.csv
"Frederick Health Hospital, Inc.",52-0591612,C1900,HCPCS,Accuity X4 4675,both,,,,max,4427.29,,,3/17/2025,52-0591612_FrederickHealthHospital_standardcharges.csv
"Frederick Health Hospital, Inc.",52-0591612,C1900,HCPCS,Accuity X4 4675,both,,All Payers,All Plans,estimated,4427.29,,other,3/17/2025,52-0591612_FrederickHealthHospital_standardcharges.csv
"Frederick Health Hospital, Inc.",52-0591612,EP150,CDM,Accuity X4 4675,both,,,,gross,4427.29,,,3/17/2025,52-0591612_FrederickHealthHospital_standardcharges.csv
"Frederick Health Hospital, Inc.",52-0591612,EP150,CDM,Accuity X4 4675,both,,,,discounted_cash,4338.74,,,3/17/2025,52-0591612_FrederickHealthHospital_standardcharges.csv
"Frederick Health Hospital, Inc.",52-0591612,EP150,CDM,Accuity X4 4675,both,,,,min,4338.74,,,3/17/2025,52-0591612_FrederickHealthHospital_standardcharges.csv
"Frederick Health Hospital, Inc.",52-0591612,EP150,CDM,Accuity X4 4675,both,,,,max,4427.29,,,3/17/2025,52-0591612_FrederickHealthHospital_standardcharges.csv
"Frederick Health Hospital, Inc.",52-0591612,EP150,CDM,Accuity X4 4675,both,,All Payers,All Plans,estimated,4427.29,,other,3/17/2025,52-0591612_FrederickHealthHospital_standardcharges.csv
"Frederick Health Hospital, Inc.",52-0591612,C1900,HCPCS,Accuity X4 4677,both,,,,gross,4427.29,,,3/17/2025,52-0591612_FrederickHealthHospital_standardcharges.csv
"Frederick Health Hospital, Inc.",52-0591612,C1900,HCPCS,Accuity X4 4677,both,,,,discounted_cash,4338.74,,,3/17/2025,52-0591612_FrederickHealthHospital_standardcharges.csv
"Frederick Health Hospital, Inc.",52-0591612,C1900,HCPCS,Accuity X4 4677,both,,,,min,4338.74,,,3/17/2025,52-0591612_FrederickHealthHospital_standardcharges.csv
"Frederick Health Hospital, Inc.",52-0591612,C1900,HCPCS,Accuity X4 4677,both,,,,max,4427.29,,,3/17/2025,52-0591612_FrederickHealthHospital_standardcharges.csv
"Frederick Health Hospital, Inc.",52-0591612,C1900,HCPCS,Accuity X4 4677,both,,All Payers,All Plans,estimated,4427.29,,other,3/17/2025,52-0591612_FrederickHealthHospital_standardcharges.csv
"Frederick Health Hospital, Inc.",52-0591612,EP151,CDM,Accuity X4 4677,both,,,,gross,4427.29,,,3/17/2025,52-0591612_FrederickHealthHospital_standardcharges.csv
"Frederick Health Hospital, Inc.",52-0591612,EP151,CDM,Accuity X4 4677,both,,,,discounted_cash,4338.74,,,3/17/2025,52-0591612_FrederickHealthHospital_standardcharges.csv
"Frederick Health Hospital, Inc.",52-0591612,EP151,CDM,Accuity X4 4677,both,,,,min,4338.74,,,3/17/2025,52-0591612_FrederickHealthHospital_standardcharges.csv
"Frederick Health Hospital, Inc.",52-0591612,EP151,CDM,Accuity X4 4677,both,,,,max,4427.29,,,3/17/2025,52-0591612_FrederickHealthHospital_standardcharges.csv
"Frederick Health Hospital, Inc.",52-0591612,EP151,CDM,Accuity X4 4677,both,,All Payers,All Plans,estimated,4427.29,,other,3/17/2025,52-0591612_FrederickHealthHospital_standardcharges.csv
"Frederick Health Hospital, Inc.",52-0591612,C1900,HCPCS,Accuity X4 4678,both,,,,gross,4427.29,,,3/17/2025,52-0591612_FrederickHealthHospital_standardcharges.csv
"Frederick Health Hospital, Inc.",52-0591612,C1900,HCPCS,Accuity X4 4678,both,,,,discounted_cash,4338.74,,,3/17/2025,52-0591612_FrederickHealthHospital_standardcharges.csv
"Frederick Health Hospital, Inc.",52-0591612,C1900,HCPCS,Accuity X4 4678,both,,,,min,4338.74,,,3/17/2025,52-0591612_FrederickHealthHospital_standardcharges.csv
"Frederick Health Hospital, Inc.",52-0591612,C1900,HCPCS,Accuity X4 4678,both,,,,max,4427.29,,,3/17/2025,52-0591612_FrederickHealthHospital_standardcharges.csv
"Frederick Health Hospital, Inc.",52-0591612,C1900,HCPCS,Accuity X4 4678,both,,All Payers,All Plans,estimated,4427.29,,other,3/17/2025,52-0591612_FrederickHealthHospital_standardcharges.csv
"Frederick Health Hospital, Inc.",52-0591612,EP152,CDM,Accuity X4 4678,both,,,,gross,4427.29,,,3/17/2025,52-0591612_FrederickHealthHospital_standardcharges.csv
"Frederick Health Hospital, Inc.",52-0591612,EP152,CDM,Accuity X4 4678,both,,,,discounted_cash,4338.74,,,3/17/2025,52-0591612_FrederickHealthHospital_standardcharges.csv
"Frederick Health Hospital, Inc.",52-0591612,EP152,CDM,Accuity X4 4678,both,,,,min,4338.74,,,3/17/2025,52-0591612_FrederickHealthHospital_standardcharges.csv
"Frederick Health Hospital, Inc.",52-0591612,EP152,CDM,Accuity X4 4678,both,,,,max,4427.29,,,3/17/2025,52-0591612_FrederickHealthHospital_standardcharges.csv
"Frederick Health Hospital, Inc.",52-0591612,EP152,CDM,Accuity X4 4678,both,,All Payers,All Plans,estimated,4427.29,,other,3/17/2025,52-0591612_FrederickHealthHospital_standardcharges.csv
"Frederick Health Hospital, Inc.",52-0591612,00511,CDM,ACCUSTICK INTRODUCER,both,,,,gross,285.89,,,3/17/2025,52-0591612_FrederickHealthHospital_standardcharges.csv
"Frederick Health Hospital, Inc.",52-0591612,00511,CDM,ACCUSTICK INTRODUCER,both,,,,discounted_cash,280.17,,,3/17/2025,52-0591612_FrederickHealthHospital_standardcharges.csv
"Frederick Health Hospital, Inc.",52-0591612,00511,CDM,ACCUSTICK INTRODUCER,both,,,,min,280.17,,,3/17/2025,52-0591612_FrederickHealthHospital_standardcharges.csv
"Frederick Health Hospital, Inc.",52-0591612,00511,CDM,ACCUSTICK INTRODUCER,both,,,,max,285.89,,,3/17/2025,52-0591612_FrederickHealthHospital_standardcharges.csv
"Frederick Health Hospital, Inc.",52-0591612,00511,CDM,ACCUSTICK INTRODUCER,both,,All Payers,All Plans,estimated,285.89,,other,3/17/2025,52-0591612_FrederickHealthHospital_standardcharges.csv
"Frederick Health Hospital, Inc.",52-0591612,C1894,HCPCS,ACCUSTICK INTRODUCER,both,,,,gross,285.89,,,3/17/2025,52-0591612_FrederickHealthHospital_standardcharges.csv
"Frederick Health Hospital, Inc.",52-0591612,C1894,HCPCS,ACCUSTICK INTRODUCER,both,,,,discounted_cash,280.17,,,3/17/2025,52-0591612_FrederickHealthHospital_standardcharges.csv
"Frederick Health Hospital, Inc.",52-0591612,C1894,HCPCS,ACCUSTICK INTRODUCER,both,,,,min,280.17,,,3/17/2025,52-0591612_FrederickHealthHospital_standardcharges.csv
"Frederick Health Hospital, Inc.",52-0591612,C1894,HCPCS,ACCUSTICK INTRODUCER,both,,,,max,285.89,,,3/17/2025,52-0591612_FrederickHealthHospital_standardcharges.csv
"Frederick Health Hospital, Inc.",52-0591612,C1894,HCPCS,ACCUSTICK INTRODUCER,both,,All Payers,All Plans,estimated,285.89,,other,3/17/2025,52-0591612_FrederickHealthHospital_standardcharges.csv
"Frederick Health Hospital, Inc.",52-0591612,64412,CDM,ACESSA PROVU GROUNDING PAD,both,,,,gross,8738.0,,,3/17/2025,52-0591612_FrederickHealthHospital_standardcharges.csv
"Frederick Health Hospital, Inc.",52-0591612,64412,CDM,ACESSA PROVU GROUNDING PAD,both,,,,discounted_cash,8563.24,,,3/17/2025,52-0591612_FrederickHealthHospital_standardcharges.csv
"Frederick Health Hospital, Inc.",52-0591612,64412,CDM,ACESSA PROVU GROUNDING PAD,both,,,,min,8563.24,,,3/17/2025,52-0591612_FrederickHealthHospital_standardcharges.csv
"Frederick Health Hospital, Inc.",52-0591612,64412,CDM,ACESSA PROVU GROUNDING PAD,both,,,,max,8738.0,,,3/17/2025,52-0591612_FrederickHealthHospital_standardcharges.csv
"Frederick Health Hospital, Inc.",52-0591612,64412,CDM,ACESSA PROVU GROUNDING PAD,both,,All Payers,All Plans,estimated,8738.0,,other,3/17/2025,52-0591612_FrederickHealthHospital_standardcharges.csv
"Frederick Health Hospital, Inc.",52-0591612,69276,CDM,ACET RESTRICTOR TM 38MM,both,,,,gross,2406.55,,,3/17/2025,52-0591612_FrederickHealthHospital_standardcharges.csv
"Frederick Health Hospital, Inc.",52-0591612,69276,CDM,ACET RESTRICTOR TM 38MM,both,,,,discounted_cash,2358.42,,,3/17/2025,52-0591612_FrederickHealthHospital_standardcharges.csv
"Frederick Health Hospital, Inc.",52-0591612,69276,CDM,ACET RESTRICTOR TM 38MM,both,,,,min,2358.42,,,3/17/2025,52-0591612_FrederickHealthHospital_standardcharges.csv
"Frederick Health Hospital, Inc.",52-0591612,69276,CDM,ACET RESTRICTOR TM 38MM,both,,,,max,2406.55,,,3/17/2025,52-0591612_FrederickHealthHospital_standardcharges.csv
"Frederick Health Hospital, Inc.",52-0591612,69276,CDM,ACET RESTRICTOR TM 38MM,both,,All Payers,All Plans,estimated,2406.55,,other,3/17/2025,52-0591612_FrederickHealthHospital_standardcharges.csv
"Frederick Health Hospital, Inc.",52-0591612,62755,CDM,ACETAB AUGMENT 70X15MM,both,,,,gross,4389.26,,,3/17/2025,52-0591612_FrederickHealthHospital_standardcharges.csv
"Frederick Health Hospital, Inc.",52-0591612,62755,CDM,ACETAB AUGMENT 70X15MM,both,,,,discounted_cash,4301.47,,,3/17/2025,52-0591612_FrederickHealthHospital_standardcharges.csv
"Frederick Health Hospital, Inc.",52-0591612,62755,CDM,ACETAB AUGMENT 70X15MM,both,,,,min,4301.47,,,3/17/2025,52-0591612_FrederickHealthHospital_standardcharges.csv
"Frederick Health Hospital, Inc.",52-0591612,62755,CDM,ACETAB AUGMENT 70X15MM,both,,,,max,4389.26,,,3/17/2025,52-0591612_FrederickHealthHospital_standardcharges.csv
"Frederick Health Hospital, Inc.",52-0591612,62755,CDM,ACETAB AUGMENT 70X15MM,both,,All Payers,All Plans,estimated,4389.26,,other,3/17/2025,52-0591612_FrederickHealthHospital_standardcharges.csv
"Frederick Health Hospital, Inc.",52-0591612,C1776,HCPCS,ACETAB AUGMENT 70X15MM,both,,,,gross,4389.26,,,3/17/2025,52-0591612_FrederickHealthHospital_standardcharges.csv
"Frederick Health Hospital, Inc.",52-0591612,C1776,HCPCS,ACETAB AUGMENT 70X15MM,both,,,,discounted_cash,4301.47,,,3/17/2025,52-0591612_FrederickHealthHospital_standardcharges.csv
"Frederick Health Hospital, Inc.",52-0591612,C1776,HCPCS,ACETAB AUGMENT 70X15MM,both,,,,min,4301.47,,,3/17/2025,52-0591612_FrederickHealthHospital_standardcharges.csv
"Frederick Health Hospital, Inc.",52-0591612,C1776,HCPCS,ACETAB AUGMENT 70X15MM,both,,,,max,4389.26,,,3/17/2025,52-0591612_FrederickHealthHospital_standardcharges.csv
"Frederick Health Hospital, Inc.",52-0591612,C1776,HCPCS,ACETAB AUGMENT 70X15MM,both,,All Payers,All Plans,estimated,4389.26,,other,3/17/2025,52-0591612_FrederickHealthHospital_standardcharges.csv
"Frederick Health Hospital, Inc.",52-0591612,C1776,HCPCS,ACETABULAR AUGMENT REV 10MM,both,,,,gross,4131.03,,,3/17/2025,52-0591612_FrederickHealthHospital_standardcharges.csv
"Frederick Health Hospital, Inc.",52-0591612,C1776,HCPCS,ACETABULAR AUGMENT REV 10MM,both,,,,discounted_cash,4048.41,,,3/17/2025,52-0591612_FrederickHealthHospital_standardcharges.csv
"Frederick Health Hospital, Inc.",52-0591612,C1776,HCPCS,ACETABULAR AUGMENT REV 10MM,both,,,,min,4048.41,,,3/17/2025,52-0591612_FrederickHealthHospital_standardcharges.csv
"Frederick Health Hospital, Inc.",52-0591612,C1776,HCPCS,ACETABULAR AUGMENT REV 10MM,both,,,,max,4131.03,,,3/17/2025,52-0591612_FrederickHealthHospital_standardcharges.csv
"Frederick Health Hospital, Inc.",52-0591612,C1776,HCPCS,ACETABULAR AUGMENT REV 10MM,both,,All Payers,All Plans,estimated,4131.03,,other,3/17/2025,52-0591612_FrederickHealthHospital_standardcharges.csv
"Frederick Health Hospital, Inc.",52-0591612,R7654,CDM,ACETABULAR AUGMENT REV 10MM,both,,,,gross,4131.03,,,3/17/2025,52-0591612_FrederickHealthHospital_standardcharges.csv
"Frederick Health Hospital, Inc.",52-0591612,R7654,CDM,ACETABULAR AUGMENT REV 10MM,both,,,,discounted_cash,4048.41,,,3/17/2025,52-0591612_FrederickHealthHospital_standardcharges.csv
"Frederick Health Hospital, Inc.",52-0591612,R7654,CDM,ACETABULAR AUGMENT REV 10MM,both,,,,min,4048.41,,,3/17/2025,52-0591612_FrederickHealthHospital_standardcharges.csv
"Frederick Health Hospital, Inc.",52-0591612,R7654,CDM,ACETABULAR AUGMENT REV 10MM,both,,,,max,4131.03,,,3/17/2025,52-0591612_FrederickHealthHospital_standardcharges.csv
"Frederick Health Hospital, Inc.",52-0591612,R7654,CDM,ACETABULAR AUGMENT REV 10MM,both,,All Payers,All Plans,estimated,4131.03,,other,3/17/2025,52-0591612_FrederickHealthHospital_standardcharges.csv
"Frederick Health Hospital, Inc.",52-0591612,C1776,HCPCS,ACETABULAR AUGMENT REV 15MM,both,,,,gross,3557.73,,,3/17/2025,52-0591612_FrederickHealthHospital_standardcharges.csv
"Frederick Health Hospital, Inc.",52-0591612,C1776,HCPCS,ACETABULAR AUGMENT REV 15MM,both,,,,discounted_cash,3486.58,,,3/17/2025,52-0591612_FrederickHealthHospital_standardcharges.csv
"Frederick Health Hospital, Inc.",52-0591612,C1776,HCPCS,ACETABULAR AUGMENT REV 15MM,both,,,,min,3486.58,,,3/17/2025,52-0591612_FrederickHealthHospital_standardcharges.csv
"Frederick Health Hospital, Inc.",52-0591612,C1776,HCPCS,ACETABULAR AUGMENT REV 15MM,both,,,,max,3557.73,,,3/17/2025,52-0591612_FrederickHealthHospital_standardcharges.csv
"Frederick Health Hospital, Inc.",52-0591612,C1776,HCPCS,ACETABULAR AUGMENT REV 15MM,both,,All Payers,All Plans,estimated,3557.73,,other,3/17/2025,52-0591612_FrederickHealthHospital_standardcharges.csv
"Frederick Health Hospital, Inc.",52-0591612,R7653,CDM,ACETABULAR AUGMENT REV 15MM,both,,,,gross,3557.73,,,3/17/2025,52-0591612_FrederickHealthHospital_standardcharges.csv
"Frederick Health Hospital, Inc.",52-0591612,R7653,CDM,ACETABULAR AUGMENT REV 15MM,both,,,,discounted_cash,3486.58,,,3/17/2025,52-0591612_FrederickHealthHospital_standardcharges.csv
"Frederick Health Hospital, Inc.",52-0591612,R7653,CDM,ACETABULAR AUGMENT REV 15MM,both,,,,min,3486.58,,,3/17/2025,52-0591612_FrederickHealthHospital_standardcharges.csv
"Frederick Health Hospital, Inc.",52-0591612,R7653,CDM,ACETABULAR AUGMENT REV 15MM,both,,,,max,3557.73,,,3/17/2025,52-0591612_FrederickHealthHospital_standardcharges.csv
"Frederick Health Hospital, Inc.",52-0591612,R7653,CDM,ACETABULAR AUGMENT REV 15MM,both,,All Payers,All Plans,estimated,3557.73,,other,3/17/2025,52-0591612_FrederickHealthHospital_standardcharges.csv
"Frederick Health Hospital, Inc.",52-0591612,62753,CDM,ACETABULAR RESTRICTOR 26MM,both,,,,gross,1533.37,,,3/17/2025,52-0591612_FrederickHealthHospital_standardcharges.csv
"Frederick Health Hospital, Inc.",52-0591612,62753,CDM,ACETABULAR RESTRICTOR 26MM,both,,,,discounted_cash,1502.7,,,3/17/2025,52-0591612_FrederickHealthHospital_standardcharges.csv
"Frederick Health Hospital, Inc.",52-0591612,62753,CDM,ACETABULAR RESTRICTOR 26MM,both,,,,min,1502.7,,,3/17/2025,52-0591612_FrederickHealthHospital_standardcharges.csv
"Frederick Health Hospital, Inc.",52-0591612,62753,CDM,ACETABULAR RESTRICTOR 26MM,both,,,,max,1533.37,,,3/17/2025,52-0591612_FrederickHealthHospital_standardcharges.csv
"Frederick Health Hospital, Inc.",52-0591612,62753,CDM,ACETABULAR RESTRICTOR 26MM,both,,All Payers,All Plans,estimated,1533.37,,other,3/17/2025,52-0591612_FrederickHealthHospital_standardcharges.csv
"Frederick Health Hospital, Inc.",52-0591612,80143,CPT,ACETAMINOPHEN,both,,,,gross,30.66,,,3/17/2025,52-0591612_FrederickHealthHospital_standardcharges.csv
"Frederick Health Hospital, Inc.",52-0591612,80143,CPT,ACETAMINOPHEN,both,,,,discounted_cash,30.05,,,3/17/2025,52-0591612_FrederickHealthHospital_standardcharges.csv
"Frederick Health Hospital, Inc.",52-0591612,80143,CPT,ACETAMINOPHEN,both,,,,min,30.05,,,3/17/2025,52-0591612_FrederickHealthHospital_standardcharges.csv
"Frederick Health Hospital, Inc.",52-0591612,80143,CPT,ACETAMINOPHEN,both,,,,max,30.66,,,3/17/2025,52-0591612_FrederickHealthHospital_standardcharges.csv
"Frederick Health Hospital, Inc.",52-0591612,80143,CPT,ACETAMINOPHEN,both,,All Payers,All Plans,estimated,30.66,,other,3/17/2025,52-0591612_FrederickHealthHospital_standardcharges.csv
"Frederick Health Hospital, Inc.",52-0591612,82115,CDM,ACETAMINOPHEN,both,,,,gross,30.66,,,3/17/2025,52-0591612_FrederickHealthHospital_standardcharges.csv
"Frederick Health Hospital, Inc.",52-0591612,82115,CDM,ACETAMINOPHEN,both,,,,discounted_cash,30.05,,,3/17/2025,52-0591612_FrederickHealthHospital_standardcharges.csv
"Frederick Health Hospital, Inc.",52-0591612,82115,CDM,ACETAMINOPHEN,both,,,,min,30.05,,,3/17/2025,52-0591612_FrederickHealthHospital_standardcharges.csv
"Frederick Health Hospital, Inc.",52-0591612,82115,CDM,ACETAMINOPHEN,both,,,,max,30.66,,,3/17/2025,52-0591612_FrederickHealthHospital_standardcharges.csv
"Frederick Health Hospital, Inc.",52-0591612,82115,CDM,ACETAMINOPHEN,both,,All Payers,All Plans,estimated,30.66,,other,3/17/2025,52-0591612_FrederickHealthHospital_standardcharges.csv
"Frederick Health Hospital, Inc.",52-0591612,G0480,HCPCS,ACETAMINOPHEN,both,,,,gross,30.66,,,3/17/2025,52-0591612_FrederickHealthHospital_standardcharges.csv
"Frederick Health Hospital, Inc.",52-0591612,G0480,HCPCS,ACETAMINOPHEN,both,,,,discounted_cash,30.05,,,3/17/2025,52-0591612_FrederickHealthHospital_standardcharges.csv
"Frederick Health Hospital, Inc.",52-0591612,G0480,HCPCS,ACETAMINOPHEN,both,,,,min,30.05,,,3/17/2025,52-0591612_FrederickHealthHospital_standardcharges.csv
"Frederick Health Hospital, Inc.",52-0591612,G0480,HCPCS,ACETAMINOPHEN,both,,,,max,30.66,,,3/17/2025,52-0591612_FrederickHealthHospital_standardcharges.csv
"Frederick Health Hospital, Inc.",52-0591612,G0480,HCPCS,ACETAMINOPHEN,both,,All Payers,All Plans,estimated,30.66,,other,3/17/2025,52-0591612_FrederickHealthHospital_standardcharges.csv
"Frederick Health Hospital, Inc.",52-0591612,00781315695A,NDC,"ACETAMINOPHEN 1,000 MG VIAL *",both,,,,gross,53.22,,,3/17/2025,52-0591612_FrederickHealthHospital_standardcharges.csv
"Frederick Health Hospital, Inc.",52-0591612,00781315695A,NDC,"ACETAMINOPHEN 1,000 MG VIAL *",both,,,,discounted_cash,52.16,,,3/17/2025,52-0591612_FrederickHealthHospital_standardcharges.csv
"Frederick Health Hospital, Inc.",52-0591612,00781315695A,NDC,"ACETAMINOPHEN 1,000 MG VIAL *",both,,,,min,52.16,,,3/17/2025,52-0591612_FrederickHealthHospital_standardcharges.csv
"Frederick Health Hospital, Inc.",52-0591612,00781315695A,NDC,"ACETAMINOPHEN 1,000 MG VIAL *",both,,,,max,53.22,,,3/17/2025,52-0591612_FrederickHealthHospital_standardcharges.csv
"Frederick Health Hospital, Inc.",52-0591612,00781315695A,NDC,"ACETAMINOPHEN 1,000 MG VIAL *",both,,All Payers,All Plans,estimated,53.22,,other,3/17/2025,52-0591612_FrederickHealthHospital_standardcharges.csv
"Frederick Health Hospital, Inc.",52-0591612,PHAR000362,CDM,"ACETAMINOPHEN 1,000 MG VIAL *",both,,,,gross,53.22,,,3/17/2025,52-0591612_FrederickHealthHospital_standardcharges.csv
"Frederick Health Hospital, Inc.",52-0591612,PHAR000362,CDM,"ACETAMINOPHEN 1,000 MG VIAL *",both,,,,discounted_cash,52.16,,,3/17/2025,52-0591612_FrederickHealthHospital_standardcharges.csv
"Frederick Health Hospital, Inc.",52-0591612,PHAR000362,CDM,"ACETAMINOPHEN 1,000 MG VIAL *",both,,,,min,52.16,,,3/17/2025,52-0591612_FrederickHealthHospital_standardcharges.csv
"Frederick Health Hospital, Inc.",52-0591612,PHAR000362,CDM,"ACETAMINOPHEN 1,000 MG VIAL *",both,,,,max,53.22,,,3/17/2025,52-0591612_FrederickHealthHospital_standardcharges.csv
"Frederick Health Hospital, Inc.",52-0591612,PHAR000362,CDM,"ACETAMINOPHEN 1,000 MG VIAL *",both,,All Payers,All Plans,estimated,53.22,,other,3/17/2025,52-0591612_FrederickHealthHospital_standardcharges.csv
"Frederick Health Hospital, Inc.",52-0591612,00121197100A,NDC,ACETAMINOPHEN ELIXIR *,both,,,,gross,7.06,,,3/17/2025,52-0591612_FrederickHealthHospital_standardcharges.csv
"Frederick Health Hospital, Inc.",52-0591612,00121197100A,NDC,ACETAMINOPHEN ELIXIR *,both,,,,discounted_cash,6.92,,,3/17/2025,52-0591612_FrederickHealthHospital_standardcharges.csv
"Frederick Health Hospital, Inc.",52-0591612,00121197100A,NDC,ACETAMINOPHEN ELIXIR *,both,,,,min,6.92,,,3/17/2025,52-0591612_FrederickHealthHospital_standardcharges.csv
"Frederick Health Hospital, Inc.",52-0591612,00121197100A,NDC,ACETAMINOPHEN ELIXIR *,both,,,,max,7.06,,,3/17/2025,52-0591612_FrederickHealthHospital_standardcharges.csv
"Frederick Health Hospital, Inc.",52-0591612,00121197100A,NDC,ACETAMINOPHEN ELIXIR *,both,,All Payers,All Plans,estimated,7.06,,other,3/17/2025,52-0591612_FrederickHealthHospital_standardcharges.csv
"Frederick Health Hospital, Inc.",52-0591612,10224,CDM,ACETAMINOPHEN ELIXIR *,both,,,,gross,7.06,,,3/17/2025,52-0591612_FrederickHealthHospital_standardcharges.csv
"Frederick Health Hospital, Inc.",52-0591612,10224,CDM,ACETAMINOPHEN ELIXIR *,both,,,,discounted_cash,6.92,,,3/17/2025,52-0591612_FrederickHealthHospital_standardcharges.csv
"Frederick Health Hospital, Inc.",52-0591612,10224,CDM,ACETAMINOPHEN ELIXIR *,both,,,,min,6.92,,,3/17/2025,52-0591612_FrederickHealthHospital_standardcharges.csv
"Frederick Health Hospital, Inc.",52-0591612,10224,CDM,ACETAMINOPHEN ELIXIR *,both,,,,max,7.06,,,3/17/2025,52-0591612_FrederickHealthHospital_standardcharges.csv
"Frederick Health Hospital, Inc.",52-0591612,10224,CDM,ACETAMINOPHEN ELIXIR *,both,,All Payers,All Plans,estimated,7.06,,other,3/17/2025,52-0591612_FrederickHealthHospital_standardcharges.csv
"Frederick Health Hospital, Inc.",52-0591612,52959000310A,NDC,ACETAMINOPHEN WITH CODEINE *,both,,,,gross,6.0,,,3/17/2025,52-0591612_FrederickHealthHospital_standardcharges.csv
"Frederick Health Hospital, Inc.",52-0591612,52959000310A,NDC,ACETAMINOPHEN WITH CODEINE *,both,,,,discounted_cash,5.88,,,3/17/2025,52-0591612_FrederickHealthHospital_standardcharges.csv
"Frederick Health Hospital, Inc.",52-0591612,52959000310A,NDC,ACETAMINOPHEN WITH CODEINE *,both,,,,min,5.88,,,3/17/2025,52-0591612_FrederickHealthHospital_standardcharges.csv
"Frederick Health Hospital, Inc.",52-0591612,52959000310A,NDC,ACETAMINOPHEN WITH CODEINE *,both,,,,max,6.0,,,3/17/2025,52-0591612_FrederickHealthHospital_standardcharges.csv
"Frederick Health Hospital, Inc.",52-0591612,52959000310A,NDC,ACETAMINOPHEN WITH CODEINE *,both,,All Payers,All Plans,estimated,6.0,,other,3/17/2025,52-0591612_FrederickHealthHospital_standardcharges.csv
"Frederick Health Hospital, Inc.",52-0591612,PHAR000303,CDM,ACETAMINOPHEN WITH CODEINE *,both,,,,gross,6.0,,,3/17/2025,52-0591612_FrederickHealthHospital_standardcharges.csv
"Frederick Health Hospital, Inc.",52-0591612,PHAR000303,CDM,ACETAMINOPHEN WITH CODEINE *,both,,,,discounted_cash,5.88,,,3/17/2025,52-0591612_FrederickHealthHospital_standardcharges.csv
"Frederick Health Hospital, Inc.",52-0591612,PHAR000303,CDM,ACETAMINOPHEN WITH CODEINE *,both,,,,min,5.88,,,3/17/2025,52-0591612_FrederickHealthHospital_standardcharges.csv
"Frederick Health Hospital, Inc.",52-0591612,PHAR000303,CDM,ACETAMINOPHEN WITH CODEINE *,both,,,,max,6.0,,,3/17/2025,52-0591612_FrederickHealthHospital_standardcharges.csv
"Frederick Health Hospital, Inc.",52-0591612,PHAR000303,CDM,ACETAMINOPHEN WITH CODEINE *,both,,All Payers,All Plans,estimated,6.0,,other,3/17/2025,52-0591612_FrederickHealthHospital_standardcharges.csv
"Frederick Health Hospital, Inc.",52-0591612,10008,CDM,acetaZOLAMIDE *,both,,,,gross,9.92,,,3/17/2025,52-0591612_FrederickHealthHospital_standardcharges.csv
"Frederick Health Hospital, Inc.",52-0591612,10008,CDM,acetaZOLAMIDE *,both,,,,discounted_cash,9.72,,,3/17/2025,52-0591612_FrederickHealthHospital_standardcharges.csv
"Frederick Health Hospital, Inc.",52-0591612,10008,CDM,acetaZOLAMIDE *,both,,,,min,9.72,,,3/17/2025,52-0591612_FrederickHealthHospital_standardcharges.csv
"Frederick Health Hospital, Inc.",52-0591612,10008,CDM,acetaZOLAMIDE *,both,,,,max,9.92,,,3/17/2025,52-0591612_FrederickHealthHospital_standardcharges.csv
"Frederick Health Hospital, Inc.",52-0591612,10008,CDM,acetaZOLAMIDE *,both,,All Payers,All Plans,estimated,9.92,,other,3/17/2025,52-0591612_FrederickHealthHospital_standardcharges.csv
"Frederick Health Hospital, Inc.",52-0591612,10018,CDM,acetaZOLAMIDE *,both,,,,gross,42.42,,,3/17/2025,52-0591612_FrederickHealthHospital_standardcharges.csv
"Frederick Health Hospital, Inc.",52-0591612,10018,CDM,acetaZOLAMIDE *,both,,,,discounted_cash,41.57,,,3/17/2025,52-0591612_FrederickHealthHospital_standardcharges.csv
"Frederick Health Hospital, Inc.",52-0591612,10018,CDM,acetaZOLAMIDE *,both,,,,min,41.57,,,3/17/2025,52-0591612_FrederickHealthHospital_standardcharges.csv
"Frederick Health Hospital, Inc.",52-0591612,10018,CDM,acetaZOLAMIDE *,both,,,,max,42.42,,,3/17/2025,52-0591612_FrederickHealthHospital_standardcharges.csv
"Frederick Health Hospital, Inc.",52-0591612,10018,CDM,acetaZOLAMIDE *,both,,All Payers,All Plans,estimated,42.42,,other,3/17/2025,52-0591612_FrederickHealthHospital_standardcharges.csv
"Frederick Health Hospital, Inc.",52-0591612,39822019001A,NDC,acetaZOLAMIDE *,both,,,,gross,42.42,,,3/17/2025,52-0591612_FrederickHealthHospital_standardcharges.csv
"Frederick Health Hospital, Inc.",52-0591612,39822019001A,NDC,acetaZOLAMIDE *,both,,,,discounted_cash,41.57,,,3/17/2025,52-0591612_FrederickHealthHospital_standardcharges.csv
"Frederick Health Hospital, Inc.",52-0591612,39822019001A,NDC,acetaZOLAMIDE *,both,,,,min,41.57,,,3/17/2025,52-0591612_FrederickHealthHospital_standardcharges.csv
"Frederick Health Hospital, Inc.",52-0591612,39822019001A,NDC,acetaZOLAMIDE *,both,,,,max,42.42,,,3/17/2025,52-0591612_FrederickHealthHospital_standardcharges.csv
"Frederick Health Hospital, Inc.",52-0591612,39822019001A,NDC,acetaZOLAMIDE *,both,,All Payers,All Plans,estimated,42.42,,other,3/17/2025,52-0591612_FrederickHealthHospital_standardcharges.csv
"Frederick Health Hospital, Inc.",52-0591612,51672402301,NDC,acetaZOLAMIDE *,both,,,,gross,9.92,,,3/17/2025,52-0591612_FrederickHealthHospital_standardcharges.csv
"Frederick Health Hospital, Inc.",52-0591612,51672402301,NDC,acetaZOLAMIDE *,both,,,,discounted_cash,9.72,,,3/17/2025,52-0591612_FrederickHealthHospital_standardcharges.csv
"Frederick Health Hospital, Inc.",52-0591612,51672402301,NDC,acetaZOLAMIDE *,both,,,,min,9.72,,,3/17/2025,52-0591612_FrederickHealthHospital_standardcharges.csv
"Frederick Health Hospital, Inc.",52-0591612,51672402301,NDC,acetaZOLAMIDE *,both,,,,max,9.92,,,3/17/2025,52-0591612_FrederickHealthHospital_standardcharges.csv
"Frederick Health Hospital, Inc.",52-0591612,51672402301,NDC,acetaZOLAMIDE *,both,,All Payers,All Plans,estimated,9.92,,other,3/17/2025,52-0591612_FrederickHealthHospital_standardcharges.csv
"Frederick Health Hospital, Inc.",52-0591612,10012,CDM,ACETIC ACID *,both,,,,gross,58.86,,,3/17/2025,52-0591612_FrederickHealthHospital_standardcharges.csv
"Frederick Health Hospital, Inc.",52-0591612,10012,CDM,ACETIC ACID *,both,,,,discounted_cash,57.68,,,3/17/2025,52-0591612_FrederickHealthHospital_standardcharges.csv
"Frederick Health Hospital, Inc.",52-0591612,10012,CDM,ACETIC ACID *,both,,,,min,57.68,,,3/17/2025,52-0591612_FrederickHealthHospital_standardcharges.csv
"Frederick Health Hospital, Inc.",52-0591612,10012,CDM,ACETIC ACID *,both,,,,max,58.86,,,3/17/2025,52-0591612_FrederickHealthHospital_standardcharges.csv
"Frederick Health Hospital, Inc.",52-0591612,10012,CDM,ACETIC ACID *,both,,All Payers,All Plans,estimated,58.86,,other,3/17/2025,52-0591612_FrederickHealthHospital_standardcharges.csv
"Frederick Health Hospital, Inc.",52-0591612,62135080151A,NDC,ACETIC ACID *,both,,,,gross,58.86,,,3/17/2025,52-0591612_FrederickHealthHospital_standardcharges.csv
"Frederick Health Hospital, Inc.",52-0591612,62135080151A,NDC,ACETIC ACID *,both,,,,discounted_cash,57.68,,,3/17/2025,52-0591612_FrederickHealthHospital_standardcharges.csv
"Frederick Health Hospital, Inc.",52-0591612,62135080151A,NDC,ACETIC ACID *,both,,,,min,57.68,,,3/17/2025,52-0591612_FrederickHealthHospital_standardcharges.csv
"Frederick Health Hospital, Inc.",52-0591612,62135080151A,NDC,ACETIC ACID *,both,,,,max,58.86,,,3/17/2025,52-0591612_FrederickHealthHospital_standardcharges.csv
"Frederick Health Hospital, Inc.",52-0591612,62135080151A,NDC,ACETIC ACID *,both,,All Payers,All Plans,estimated,58.86,,other,3/17/2025,52-0591612_FrederickHealthHospital_standardcharges.csv
"Frederick Health Hospital, Inc.",52-0591612,00264230400,NDC,ACETIC ACID 0.25% *,both,,,,gross,33.61,,,3/17/2025,52-0591612_FrederickHealthHospital_standardcharges.csv
"Frederick Health Hospital, Inc.",52-0591612,00264230400,NDC,ACETIC ACID 0.25% *,both,,,,discounted_cash,32.94,,,3/17/2025,52-0591612_FrederickHealthHospital_standardcharges.csv
"Frederick Health Hospital, Inc.",52-0591612,00264230400,NDC,ACETIC ACID 0.25% *,both,,,,min,32.94,,,3/17/2025,52-0591612_FrederickHealthHospital_standardcharges.csv
"Frederick Health Hospital, Inc.",52-0591612,00264230400,NDC,ACETIC ACID 0.25% *,both,,,,max,33.61,,,3/17/2025,52-0591612_FrederickHealthHospital_standardcharges.csv
"Frederick Health Hospital, Inc.",52-0591612,00264230400,NDC,ACETIC ACID 0.25% *,both,,All Payers,All Plans,estimated,33.61,,other,3/17/2025,52-0591612_FrederickHealthHospital_standardcharges.csv
"Frederick Health Hospital, Inc.",52-0591612,10024,CDM,ACETIC ACID 0.25% *,both,,,,gross,33.61,,,3/17/2025,52-0591612_FrederickHealthHospital_standardcharges.csv
"Frederick Health Hospital, Inc.",52-0591612,10024,CDM,ACETIC ACID 0.25% *,both,,,,discounted_cash,32.94,,,3/17/2025,52-0591612_FrederickHealthHospital_standardcharges.csv
"Frederick Health Hospital, Inc.",52-0591612,10024,CDM,ACETIC ACID 0.25% *,both,,,,min,32.94,,,3/17/2025,52-0591612_FrederickHealthHospital_standardcharges.csv
"Frederick Health Hospital, Inc.",52-0591612,10024,CDM,ACETIC ACID 0.25% *,both,,,,max,33.61,,,3/17/2025,52-0591612_FrederickHealthHospital_standardcharges.csv
"Frederick Health Hospital, Inc.",52-0591612,10024,CDM,ACETIC ACID 0.25% *,both,,All Payers,All Plans,estimated,33.61,,other,3/17/2025,52-0591612_FrederickHealthHospital_standardcharges.csv
"Frederick Health Hospital, Inc.",52-0591612,38779058208A,NDC,ACETIC ACID 3% *,both,,,,gross,60.66,,,3/17/2025,52-0591612_FrederickHealthHospital_standardcharges.csv
"Frederick Health Hospital, Inc.",52-0591612,38779058208A,NDC,ACETIC ACID 3% *,both,,,,discounted_cash,59.45,,,3/17/2025,52-0591612_FrederickHealthHospital_standardcharges.csv
"Frederick Health Hospital, Inc.",52-0591612,38779058208A,NDC,ACETIC ACID 3% *,both,,,,min,59.45,,,3/17/2025,52-0591612_FrederickHealthHospital_standardcharges.csv
"Frederick Health Hospital, Inc.",52-0591612,38779058208A,NDC,ACETIC ACID 3% *,both,,,,max,60.66,,,3/17/2025,52-0591612_FrederickHealthHospital_standardcharges.csv
"Frederick Health Hospital, Inc.",52-0591612,38779058208A,NDC,ACETIC ACID 3% *,both,,All Payers,All Plans,estimated,60.66,,other,3/17/2025,52-0591612_FrederickHealthHospital_standardcharges.csv
"Frederick Health Hospital, Inc.",52-0591612,PHAR000121,CDM,ACETIC ACID 3% *,both,,,,gross,60.66,,,3/17/2025,52-0591612_FrederickHealthHospital_standardcharges.csv
"Frederick Health Hospital, Inc.",52-0591612,PHAR000121,CDM,ACETIC ACID 3% *,both,,,,discounted_cash,59.45,,,3/17/2025,52-0591612_FrederickHealthHospital_standardcharges.csv
"Frederick Health Hospital, Inc.",52-0591612,PHAR000121,CDM,ACETIC ACID 3% *,both,,,,min,59.45,,,3/17/2025,52-0591612_FrederickHealthHospital_standardcharges.csv
"Frederick Health Hospital, Inc.",52-0591612,PHAR000121,CDM,ACETIC ACID 3% *,both,,,,max,60.66,,,3/17/2025,52-0591612_FrederickHealthHospital_standardcharges.csv
"Frederick Health Hospital, Inc.",52-0591612,PHAR000121,CDM,ACETIC ACID 3% *,both,,All Payers,All Plans,estimated,60.66,,other,3/17/2025,52-0591612_FrederickHealthHospital_standardcharges.csv
"Frederick Health Hospital, Inc.",52-0591612,10016,CDM,ACETIC ACID/ALUMINUM ACETATE *,both,,,,gross,197.36,,,3/17/2025,52-0591612_FrederickHealthHospital_standardcharges.csv
"Frederick Health Hospital, Inc.",52-0591612,10016,CDM,ACETIC ACID/ALUMINUM ACETATE *,both,,,,discounted_cash,193.41,,,3/17/2025,52-0591612_FrederickHealthHospital_standardcharges.csv
"Frederick Health Hospital, Inc.",52-0591612,10016,CDM,ACETIC ACID/ALUMINUM ACETATE *,both,,,,min,193.41,,,3/17/2025,52-0591612_FrederickHealthHospital_standardcharges.csv
"Frederick Health Hospital, Inc.",52-0591612,10016,CDM,ACETIC ACID/ALUMINUM ACETATE *,both,,,,max,197.36,,,3/17/2025,52-0591612_FrederickHealthHospital_standardcharges.csv
"Frederick Health Hospital, Inc.",52-0591612,10016,CDM,ACETIC ACID/ALUMINUM ACETATE *,both,,All Payers,All Plans,estimated,197.36,,other,3/17/2025,52-0591612_FrederickHealthHospital_standardcharges.csv
"Frederick Health Hospital, Inc.",52-0591612,24208061577,NDC,ACETIC ACID/ALUMINUM ACETATE *,both,,,,gross,197.36,,,3/17/2025,52-0591612_FrederickHealthHospital_standardcharges.csv
"Frederick Health Hospital, Inc.",52-0591612,24208061577,NDC,ACETIC ACID/ALUMINUM ACETATE *,both,,,,discounted_cash,193.41,,,3/17/2025,52-0591612_FrederickHealthHospital_standardcharges.csv
"Frederick Health Hospital, Inc.",52-0591612,24208061577,NDC,ACETIC ACID/ALUMINUM ACETATE *,both,,,,min,193.41,,,3/17/2025,52-0591612_FrederickHealthHospital_standardcharges.csv
"Frederick Health Hospital, Inc.",52-0591612,24208061577,NDC,ACETIC ACID/ALUMINUM ACETATE *,both,,,,max,197.36,,,3/17/2025,52-0591612_FrederickHealthHospital_standardcharges.csv
"Frederick Health Hospital, Inc.",52-0591612,24208061577,NDC,ACETIC ACID/ALUMINUM ACETATE *,both,,All Payers,All Plans,estimated,197.36,,other,3/17/2025,52-0591612_FrederickHealthHospital_standardcharges.csv
"Frederick Health Hospital, Inc.",52-0591612,10026,CDM,ACETYLCHOLINE CHLORIDE *,both,,,,gross,275.37,,,3/17/2025,52-0591612_FrederickHealthHospital_standardcharges.csv
"Frederick Health Hospital, Inc.",52-0591612,10026,CDM,ACETYLCHOLINE CHLORIDE *,both,,,,discounted_cash,269.86,,,3/17/2025,52-0591612_FrederickHealthHospital_standardcharges.csv
"Frederick Health Hospital, Inc.",52-0591612,10026,CDM,ACETYLCHOLINE CHLORIDE *,both,,,,min,269.86,,,3/17/2025,52-0591612_FrederickHealthHospital_standardcharges.csv
"Frederick Health Hospital, Inc.",52-0591612,10026,CDM,ACETYLCHOLINE CHLORIDE *,both,,,,max,275.37,,,3/17/2025,52-0591612_FrederickHealthHospital_standardcharges.csv
"Frederick Health Hospital, Inc.",52-0591612,10026,CDM,ACETYLCHOLINE CHLORIDE *,both,,All Payers,All Plans,estimated,275.37,,other,3/17/2025,52-0591612_FrederickHealthHospital_standardcharges.csv
"Frederick Health Hospital, Inc.",52-0591612,24208053920,NDC,ACETYLCHOLINE CHLORIDE *,both,,,,gross,275.37,,,3/17/2025,52-0591612_FrederickHealthHospital_standardcharges.csv
"Frederick Health Hospital, Inc.",52-0591612,24208053920,NDC,ACETYLCHOLINE CHLORIDE *,both,,,,discounted_cash,269.86,,,3/17/2025,52-0591612_FrederickHealthHospital_standardcharges.csv
"Frederick Health Hospital, Inc.",52-0591612,24208053920,NDC,ACETYLCHOLINE CHLORIDE *,both,,,,min,269.86,,,3/17/2025,52-0591612_FrederickHealthHospital_standardcharges.csv
"Frederick Health Hospital, Inc.",52-0591612,24208053920,NDC,ACETYLCHOLINE CHLORIDE *,both,,,,max,275.37,,,3/17/2025,52-0591612_FrederickHealthHospital_standardcharges.csv
"Frederick Health Hospital, Inc.",52-0591612,24208053920,NDC,ACETYLCHOLINE CHLORIDE *,both,,All Payers,All Plans,estimated,275.37,,other,3/17/2025,52-0591612_FrederickHealthHospital_standardcharges.csv
"Frederick Health Hospital, Inc.",52-0591612,86041,CPT,ACETYLCHOLINE RCPTR BNDNG AB,both,,,,gross,51.09,,,3/17/2025,52-0591612_FrederickHealthHospital_standardcharges.csv
"Frederick Health Hospital, Inc.",52-0591612,86041,CPT,ACETYLCHOLINE RCPTR BNDNG AB,both,,,,discounted_cash,50.07,,,3/17/2025,52-0591612_FrederickHealthHospital_standardcharges.csv
"Frederick Health Hospital, Inc.",52-0591612,86041,CPT,ACETYLCHOLINE RCPTR BNDNG AB,both,,,,min,50.07,,,3/17/2025,52-0591612_FrederickHealthHospital_standardcharges.csv
"Frederick Health Hospital, Inc.",52-0591612,86041,CPT,ACETYLCHOLINE RCPTR BNDNG AB,both,,,,max,51.09,,,3/17/2025,52-0591612_FrederickHealthHospital_standardcharges.csv
"Frederick Health Hospital, Inc.",52-0591612,86041,CPT,ACETYLCHOLINE RCPTR BNDNG AB,both,,All Payers,All Plans,estimated,51.09,,other,3/17/2025,52-0591612_FrederickHealthHospital_standardcharges.csv
"Frederick Health Hospital, Inc.",52-0591612,90219,CDM,ACETYLCHOLINE RCPTR BNDNG AB,both,,,,gross,51.09,,,3/17/2025,52-0591612_FrederickHealthHospital_standardcharges.csv
"Frederick Health Hospital, Inc.",52-0591612,90219,CDM,ACETYLCHOLINE RCPTR BNDNG AB,both,,,,discounted_cash,50.07,,,3/17/2025,52-0591612_FrederickHealthHospital_standardcharges.csv
"Frederick Health Hospital, Inc.",52-0591612,90219,CDM,ACETYLCHOLINE RCPTR BNDNG AB,both,,,,min,50.07,,,3/17/2025,52-0591612_FrederickHealthHospital_standardcharges.csv
"Frederick Health Hospital, Inc.",52-0591612,90219,CDM,ACETYLCHOLINE RCPTR BNDNG AB,both,,,,max,51.09,,,3/17/2025,52-0591612_FrederickHealthHospital_standardcharges.csv
"Frederick Health Hospital, Inc.",52-0591612,90219,CDM,ACETYLCHOLINE RCPTR BNDNG AB,both,,All Payers,All Plans,estimated,51.09,,other,3/17/2025,52-0591612_FrederickHealthHospital_standardcharges.csv
"Frederick Health Hospital, Inc.",52-0591612,82387,CDM,ACETYLCHOLINE RECEPTOR BLKG,both,,,,gross,51.09,,,3/17/2025,52-0591612_FrederickHealthHospital_standardcharges.csv
"Frederick Health Hospital, Inc.",52-0591612,82387,CDM,ACETYLCHOLINE RECEPTOR BLKG,both,,,,discounted_cash,50.07,,,3/17/2025,52-0591612_FrederickHealthHospital_standardcharges.csv
"Frederick Health Hospital, Inc.",52-0591612,82387,CDM,ACETYLCHOLINE RECEPTOR BLKG,both,,,,min,50.07,,,3/17/2025,52-0591612_FrederickHealthHospital_standardcharges.csv
"Frederick Health Hospital, Inc.",52-0591612,82387,CDM,ACETYLCHOLINE RECEPTOR BLKG,both,,,,max,51.09,,,3/17/2025,52-0591612_FrederickHealthHospital_standardcharges.csv
"Frederick Health Hospital, Inc.",52-0591612,82387,CDM,ACETYLCHOLINE RECEPTOR BLKG,both,,All Payers,All Plans,estimated,51.09,,other,3/17/2025,52-0591612_FrederickHealthHospital_standardcharges.csv
"Frederick Health Hospital, Inc.",52-0591612,86042,CPT,ACETYLCHOLINE RECEPTOR BLKG,both,,,,gross,51.09,,,3/17/2025,52-0591612_FrederickHealthHospital_standardcharges.csv
"Frederick Health Hospital, Inc.",52-0591612,86042,CPT,ACETYLCHOLINE RECEPTOR BLKG,both,,,,discounted_cash,50.07,,,3/17/2025,52-0591612_FrederickHealthHospital_standardcharges.csv
"Frederick Health Hospital, Inc.",52-0591612,86042,CPT,ACETYLCHOLINE RECEPTOR BLKG,both,,,,min,50.07,,,3/17/2025,52-0591612_FrederickHealthHospital_standardcharges.csv
"Frederick Health Hospital, Inc.",52-0591612,86042,CPT,ACETYLCHOLINE RECEPTOR BLKG,both,,,,max,51.09,,,3/17/2025,52-0591612_FrederickHealthHospital_standardcharges.csv
"Frederick Health Hospital, Inc.",52-0591612,86042,CPT,ACETYLCHOLINE RECEPTOR BLKG,both,,All Payers,All Plans,estimated,51.09,,other,3/17/2025,52-0591612_FrederickHealthHospital_standardcharges.csv
"Frederick Health Hospital, Inc.",52-0591612,82664,CPT,ACETYLCHOLINESTERASE QUAL,both,,,,gross,51.09,,,3/17/2025,52-0591612_FrederickHealthHospital_standardcharges.csv
"Frederick Health Hospital, Inc.",52-0591612,82664,CPT,ACETYLCHOLINESTERASE QUAL,both,,,,discounted_cash,50.07,,,3/17/2025,52-0591612_FrederickHealthHospital_standardcharges.csv
"Frederick Health Hospital, Inc.",52-0591612,82664,CPT,ACETYLCHOLINESTERASE QUAL,both,,,,min,50.07,,,3/17/2025,52-0591612_FrederickHealthHospital_standardcharges.csv
"Frederick Health Hospital, Inc.",52-0591612,82664,CPT,ACETYLCHOLINESTERASE QUAL,both,,,,max,51.09,,,3/17/2025,52-0591612_FrederickHealthHospital_standardcharges.csv
"Frederick Health Hospital, Inc.",52-0591612,82664,CPT,ACETYLCHOLINESTERASE QUAL,both,,All Payers,All Plans,estimated,51.09,,other,3/17/2025,52-0591612_FrederickHealthHospital_standardcharges.csv
"Frederick Health Hospital, Inc.",52-0591612,91447,CDM,ACETYLCHOLINESTERASE QUAL,both,,,,gross,51.09,,,3/17/2025,52-0591612_FrederickHealthHospital_standardcharges.csv
"Frederick Health Hospital, Inc.",52-0591612,91447,CDM,ACETYLCHOLINESTERASE QUAL,both,,,,discounted_cash,50.07,,,3/17/2025,52-0591612_FrederickHealthHospital_standardcharges.csv
"Frederick Health Hospital, Inc.",52-0591612,91447,CDM,ACETYLCHOLINESTERASE QUAL,both,,,,min,50.07,,,3/17/2025,52-0591612_FrederickHealthHospital_standardcharges.csv
"Frederick Health Hospital, Inc.",52-0591612,91447,CDM,ACETYLCHOLINESTERASE QUAL,both,,,,max,51.09,,,3/17/2025,52-0591612_FrederickHealthHospital_standardcharges.csv
"Frederick Health Hospital, Inc.",52-0591612,91447,CDM,ACETYLCHOLINESTERASE QUAL,both,,All Payers,All Plans,estimated,51.09,,other,3/17/2025,52-0591612_FrederickHealthHospital_standardcharges.csv
"Frederick Health Hospital, Inc.",52-0591612,00409330703A,NDC,ACETYLCYSTEINE *,both,,,,gross,7.23,,,3/17/2025,52-0591612_FrederickHealthHospital_standardcharges.csv
"Frederick Health Hospital, Inc.",52-0591612,00409330703A,NDC,ACETYLCYSTEINE *,both,,,,discounted_cash,7.09,,,3/17/2025,52-0591612_FrederickHealthHospital_standardcharges.csv
"Frederick Health Hospital, Inc.",52-0591612,00409330703A,NDC,ACETYLCYSTEINE *,both,,,,min,7.09,,,3/17/2025,52-0591612_FrederickHealthHospital_standardcharges.csv
"Frederick Health Hospital, Inc.",52-0591612,00409330703A,NDC,ACETYLCYSTEINE *,both,,,,max,7.23,,,3/17/2025,52-0591612_FrederickHealthHospital_standardcharges.csv
"Frederick Health Hospital, Inc.",52-0591612,00409330703A,NDC,ACETYLCYSTEINE *,both,,All Payers,All Plans,estimated,7.23,,other,3/17/2025,52-0591612_FrederickHealthHospital_standardcharges.csv
"Frederick Health Hospital, Inc.",52-0591612,00409330703B,NDC,ACETYLCYSTEINE *,both,,,,gross,81.34,,,3/17/2025,52-0591612_FrederickHealthHospital_standardcharges.csv
"Frederick Health Hospital, Inc.",52-0591612,00409330703B,NDC,ACETYLCYSTEINE *,both,,,,discounted_cash,79.71,,,3/17/2025,52-0591612_FrederickHealthHospital_standardcharges.csv
"Frederick Health Hospital, Inc.",52-0591612,00409330703B,NDC,ACETYLCYSTEINE *,both,,,,min,79.71,,,3/17/2025,52-0591612_FrederickHealthHospital_standardcharges.csv
"Frederick Health Hospital, Inc.",52-0591612,00409330703B,NDC,ACETYLCYSTEINE *,both,,,,max,81.34,,,3/17/2025,52-0591612_FrederickHealthHospital_standardcharges.csv
"Frederick Health Hospital, Inc.",52-0591612,00409330703B,NDC,ACETYLCYSTEINE *,both,,All Payers,All Plans,estimated,81.34,,other,3/17/2025,52-0591612_FrederickHealthHospital_standardcharges.csv
"Frederick Health Hospital, Inc.",52-0591612,00517760425,NDC,ACETYLCYSTEINE *,both,,,,gross,15.74,,,3/17/2025,52-0591612_FrederickHealthHospital_standardcharges.csv
"Frederick Health Hospital, Inc.",52-0591612,00517760425,NDC,ACETYLCYSTEINE *,both,,,,discounted_cash,15.43,,,3/17/2025,52-0591612_FrederickHealthHospital_standardcharges.csv
"Frederick Health Hospital, Inc.",52-0591612,00517760425,NDC,ACETYLCYSTEINE *,both,,,,min,15.43,,,3/17/2025,52-0591612_FrederickHealthHospital_standardcharges.csv
"Frederick Health Hospital, Inc.",52-0591612,00517760425,NDC,ACETYLCYSTEINE *,both,,,,max,15.74,,,3/17/2025,52-0591612_FrederickHealthHospital_standardcharges.csv
"Frederick Health Hospital, Inc.",52-0591612,00517760425,NDC,ACETYLCYSTEINE *,both,,All Payers,All Plans,estimated,15.74,,other,3/17/2025,52-0591612_FrederickHealthHospital_standardcharges.csv
"Frederick Health Hospital, Inc.",52-0591612,10021,CDM,ACETYLCYSTEINE *,both,,,,gross,15.74,,,3/17/2025,52-0591612_FrederickHealthHospital_standardcharges.csv
"Frederick Health Hospital, Inc.",52-0591612,10021,CDM,ACETYLCYSTEINE *,both,,,,discounted_cash,15.43,,,3/17/2025,52-0591612_FrederickHealthHospital_standardcharges.csv
"Frederick Health Hospital, Inc.",52-0591612,10021,CDM,ACETYLCYSTEINE *,both,,,,min,15.43,,,3/17/2025,52-0591612_FrederickHealthHospital_standardcharges.csv
"Frederick Health Hospital, Inc.",52-0591612,10021,CDM,ACETYLCYSTEINE *,both,,,,max,15.74,,,3/17/2025,52-0591612_FrederickHealthHospital_standardcharges.csv
"Frederick Health Hospital, Inc.",52-0591612,10021,CDM,ACETYLCYSTEINE *,both,,All Payers,All Plans,estimated,15.74,,other,3/17/2025,52-0591612_FrederickHealthHospital_standardcharges.csv
"Frederick Health Hospital, Inc.",52-0591612,10022,CDM,ACETYLCYSTEINE *,both,,,,gross,133.92,,,3/17/2025,52-0591612_FrederickHealthHospital_standardcharges.csv
"Frederick Health Hospital, Inc.",52-0591612,10022,CDM,ACETYLCYSTEINE *,both,,,,discounted_cash,131.24,,,3/17/2025,52-0591612_FrederickHealthHospital_standardcharges.csv
"Frederick Health Hospital, Inc.",52-0591612,10022,CDM,ACETYLCYSTEINE *,both,,,,min,131.24,,,3/17/2025,52-0591612_FrederickHealthHospital_standardcharges.csv
"Frederick Health Hospital, Inc.",52-0591612,10022,CDM,ACETYLCYSTEINE *,both,,,,max,133.92,,,3/17/2025,52-0591612_FrederickHealthHospital_standardcharges.csv
"Frederick Health Hospital, Inc.",52-0591612,10022,CDM,ACETYLCYSTEINE *,both,,All Payers,All Plans,estimated,133.92,,other,3/17/2025,52-0591612_FrederickHealthHospital_standardcharges.csv
"Frederick Health Hospital, Inc.",52-0591612,13374,CDM,ACETYLCYSTEINE *,both,,,,gross,172.18,,,3/17/2025,52-0591612_FrederickHealthHospital_standardcharges.csv
"Frederick Health Hospital, Inc.",52-0591612,13374,CDM,ACETYLCYSTEINE *,both,,,,discounted_cash,168.74,,,3/17/2025,52-0591612_FrederickHealthHospital_standardcharges.csv
"Frederick Health Hospital, Inc.",52-0591612,13374,CDM,ACETYLCYSTEINE *,both,,,,min,168.74,,,3/17/2025,52-0591612_FrederickHealthHospital_standardcharges.csv
"Frederick Health Hospital, Inc.",52-0591612,13374,CDM,ACETYLCYSTEINE *,both,,,,max,172.18,,,3/17/2025,52-0591612_FrederickHealthHospital_standardcharges.csv
"Frederick Health Hospital, Inc.",52-0591612,13374,CDM,ACETYLCYSTEINE *,both,,All Payers,All Plans,estimated,172.18,,other,3/17/2025,52-0591612_FrederickHealthHospital_standardcharges.csv
"Frederick Health Hospital, Inc.",52-0591612,63323069030A,NDC,ACETYLCYSTEINE *,both,,,,gross,133.92,,,3/17/2025,52-0591612_FrederickHealthHospital_standardcharges.csv
"Frederick Health Hospital, Inc.",52-0591612,63323069030A,NDC,ACETYLCYSTEINE *,both,,,,discounted_cash,131.24,,,3/17/2025,52-0591612_FrederickHealthHospital_standardcharges.csv
"Frederick Health Hospital, Inc.",52-0591612,63323069030A,NDC,ACETYLCYSTEINE *,both,,,,min,131.24,,,3/17/2025,52-0591612_FrederickHealthHospital_standardcharges.csv
"Frederick Health Hospital, Inc.",52-0591612,63323069030A,NDC,ACETYLCYSTEINE *,both,,,,max,133.92,,,3/17/2025,52-0591612_FrederickHealthHospital_standardcharges.csv
"Frederick Health Hospital, Inc.",52-0591612,63323069030A,NDC,ACETYLCYSTEINE *,both,,All Payers,All Plans,estimated,133.92,,other,3/17/2025,52-0591612_FrederickHealthHospital_standardcharges.csv
"Frederick Health Hospital, Inc.",52-0591612,63323069210A,NDC,ACETYLCYSTEINE *,both,,,,gross,27.36,,,3/17/2025,52-0591612_FrederickHealthHospital_standardcharges.csv
"Frederick Health Hospital, Inc.",52-0591612,63323069210A,NDC,ACETYLCYSTEINE *,both,,,,discounted_cash,26.81,,,3/17/2025,52-0591612_FrederickHealthHospital_standardcharges.csv
"Frederick Health Hospital, Inc.",52-0591612,63323069210A,NDC,ACETYLCYSTEINE *,both,,,,min,26.81,,,3/17/2025,52-0591612_FrederickHealthHospital_standardcharges.csv
"Frederick Health Hospital, Inc.",52-0591612,63323069210A,NDC,ACETYLCYSTEINE *,both,,,,max,27.36,,,3/17/2025,52-0591612_FrederickHealthHospital_standardcharges.csv
"Frederick Health Hospital, Inc.",52-0591612,63323069210A,NDC,ACETYLCYSTEINE *,both,,All Payers,All Plans,estimated,27.36,,other,3/17/2025,52-0591612_FrederickHealthHospital_standardcharges.csv
"Frederick Health Hospital, Inc.",52-0591612,63323069310A,NDC,ACETYLCYSTEINE *,both,,,,gross,35.96,,,3/17/2025,52-0591612_FrederickHealthHospital_standardcharges.csv
"Frederick Health Hospital, Inc.",52-0591612,63323069310A,NDC,ACETYLCYSTEINE *,both,,,,discounted_cash,35.24,,,3/17/2025,52-0591612_FrederickHealthHospital_standardcharges.csv
"Frederick Health Hospital, Inc.",52-0591612,63323069310A,NDC,ACETYLCYSTEINE *,both,,,,min,35.24,,,3/17/2025,52-0591612_FrederickHealthHospital_standardcharges.csv
"Frederick Health Hospital, Inc.",52-0591612,63323069310A,NDC,ACETYLCYSTEINE *,both,,,,max,35.96,,,3/17/2025,52-0591612_FrederickHealthHospital_standardcharges.csv
"Frederick Health Hospital, Inc.",52-0591612,63323069310A,NDC,ACETYLCYSTEINE *,both,,All Payers,All Plans,estimated,35.96,,other,3/17/2025,52-0591612_FrederickHealthHospital_standardcharges.csv
"Frederick Health Hospital, Inc.",52-0591612,63323096330A,NDC,ACETYLCYSTEINE *,both,,,,gross,172.18,,,3/17/2025,52-0591612_FrederickHealthHospital_standardcharges.csv
"Frederick Health Hospital, Inc.",52-0591612,63323096330A,NDC,ACETYLCYSTEINE *,both,,,,discounted_cash,168.74,,,3/17/2025,52-0591612_FrederickHealthHospital_standardcharges.csv
"Frederick Health Hospital, Inc.",52-0591612,63323096330A,NDC,ACETYLCYSTEINE *,both,,,,min,168.74,,,3/17/2025,52-0591612_FrederickHealthHospital_standardcharges.csv
"Frederick Health Hospital, Inc.",52-0591612,63323096330A,NDC,ACETYLCYSTEINE *,both,,,,max,172.18,,,3/17/2025,52-0591612_FrederickHealthHospital_standardcharges.csv
"Frederick Health Hospital, Inc.",52-0591612,63323096330A,NDC,ACETYLCYSTEINE *,both,,All Payers,All Plans,estimated,172.18,,other,3/17/2025,52-0591612_FrederickHealthHospital_standardcharges.csv
"Frederick Health Hospital, Inc.",52-0591612,PHAR000383,CDM,ACETYLCYSTEINE *,both,,,,gross,35.96,,,3/17/2025,52-0591612_FrederickHealthHospital_standardcharges.csv
"Frederick Health Hospital, Inc.",52-0591612,PHAR000383,CDM,ACETYLCYSTEINE *,both,,,,discounted_cash,35.24,,,3/17/2025,52-0591612_FrederickHealthHospital_standardcharges.csv
"Frederick Health Hospital, Inc.",52-0591612,PHAR000383,CDM,ACETYLCYSTEINE *,both,,,,min,35.24,,,3/17/2025,52-0591612_FrederickHealthHospital_standardcharges.csv
"Frederick Health Hospital, Inc.",52-0591612,PHAR000383,CDM,ACETYLCYSTEINE *,both,,,,max,35.96,,,3/17/2025,52-0591612_FrederickHealthHospital_standardcharges.csv
"Frederick Health Hospital, Inc.",52-0591612,PHAR000383,CDM,ACETYLCYSTEINE *,both,,All Payers,All Plans,estimated,35.96,,other,3/17/2025,52-0591612_FrederickHealthHospital_standardcharges.csv
"Frederick Health Hospital, Inc.",52-0591612,PHAR000384,CDM,ACETYLCYSTEINE *,both,,,,gross,27.36,,,3/17/2025,52-0591612_FrederickHealthHospital_standardcharges.csv
"Frederick Health Hospital, Inc.",52-0591612,PHAR000384,CDM,ACETYLCYSTEINE *,both,,,,discounted_cash,26.81,,,3/17/2025,52-0591612_FrederickHealthHospital_standardcharges.csv
"Frederick Health Hospital, Inc.",52-0591612,PHAR000384,CDM,ACETYLCYSTEINE *,both,,,,min,26.81,,,3/17/2025,52-0591612_FrederickHealthHospital_standardcharges.csv
"Frederick Health Hospital, Inc.",52-0591612,PHAR000384,CDM,ACETYLCYSTEINE *,both,,,,max,27.36,,,3/17/2025,52-0591612_FrederickHealthHospital_standardcharges.csv
"Frederick Health Hospital, Inc.",52-0591612,PHAR000384,CDM,ACETYLCYSTEINE *,both,,All Payers,All Plans,estimated,27.36,,other,3/17/2025,52-0591612_FrederickHealthHospital_standardcharges.csv
"Frederick Health Hospital, Inc.",52-0591612,PHAR000386,CDM,ACETYLCYSTEINE *,both,,,,gross,81.34,,,3/17/2025,52-0591612_FrederickHealthHospital_standardcharges.csv
"Frederick Health Hospital, Inc.",52-0591612,PHAR000386,CDM,ACETYLCYSTEINE *,both,,,,discounted_cash,79.71,,,3/17/2025,52-0591612_FrederickHealthHospital_standardcharges.csv
"Frederick Health Hospital, Inc.",52-0591612,PHAR000386,CDM,ACETYLCYSTEINE *,both,,,,min,79.71,,,3/17/2025,52-0591612_FrederickHealthHospital_standardcharges.csv
"Frederick Health Hospital, Inc.",52-0591612,PHAR000386,CDM,ACETYLCYSTEINE *,both,,,,max,81.34,,,3/17/2025,52-0591612_FrederickHealthHospital_standardcharges.csv
"Frederick Health Hospital, Inc.",52-0591612,PHAR000386,CDM,ACETYLCYSTEINE *,both,,All Payers,All Plans,estimated,81.34,,other,3/17/2025,52-0591612_FrederickHealthHospital_standardcharges.csv
"Frederick Health Hospital, Inc.",52-0591612,PHAR000409,CDM,ACETYLCYSTEINE *,both,,,,gross,7.23,,,3/17/2025,52-0591612_FrederickHealthHospital_standardcharges.csv
"Frederick Health Hospital, Inc.",52-0591612,PHAR000409,CDM,ACETYLCYSTEINE *,both,,,,discounted_cash,7.09,,,3/17/2025,52-0591612_FrederickHealthHospital_standardcharges.csv
"Frederick Health Hospital, Inc.",52-0591612,PHAR000409,CDM,ACETYLCYSTEINE *,both,,,,min,7.09,,,3/17/2025,52-0591612_FrederickHealthHospital_standardcharges.csv
"Frederick Health Hospital, Inc.",52-0591612,PHAR000409,CDM,ACETYLCYSTEINE *,both,,,,max,7.23,,,3/17/2025,52-0591612_FrederickHealthHospital_standardcharges.csv
"Frederick Health Hospital, Inc.",52-0591612,PHAR000409,CDM,ACETYLCYSTEINE *,both,,All Payers,All Plans,estimated,7.23,,other,3/17/2025,52-0591612_FrederickHealthHospital_standardcharges.csv
"Frederick Health Hospital, Inc.",52-0591612,27101,CDM,ACHEIVE BIOPSY NEEDLE A16/15,both,,,,gross,133.43,,,3/17/2025,52-0591612_FrederickHealthHospital_standardcharges.csv
"Frederick Health Hospital, Inc.",52-0591612,27101,CDM,ACHEIVE BIOPSY NEEDLE A16/15,both,,,,discounted_cash,130.76,,,3/17/2025,52-0591612_FrederickHealthHospital_standardcharges.csv
"Frederick Health Hospital, Inc.",52-0591612,27101,CDM,ACHEIVE BIOPSY NEEDLE A16/15,both,,,,min,130.76,,,3/17/2025,52-0591612_FrederickHealthHospital_standardcharges.csv
"Frederick Health Hospital, Inc.",52-0591612,27101,CDM,ACHEIVE BIOPSY NEEDLE A16/15,both,,,,max,133.43,,,3/17/2025,52-0591612_FrederickHealthHospital_standardcharges.csv
"Frederick Health Hospital, Inc.",52-0591612,27101,CDM,ACHEIVE BIOPSY NEEDLE A16/15,both,,All Payers,All Plans,estimated,133.43,,other,3/17/2025,52-0591612_FrederickHealthHospital_standardcharges.csv
"Frederick Health Hospital, Inc.",52-0591612,00916,CDM,ACHIEVE BIOPSY DEVICE A1415,both,,,,gross,69.54,,,3/17/2025,52-0591612_FrederickHealthHospital_standardcharges.csv
"Frederick Health Hospital, Inc.",52-0591612,00916,CDM,ACHIEVE BIOPSY DEVICE A1415,both,,,,discounted_cash,68.15,,,3/17/2025,52-0591612_FrederickHealthHospital_standardcharges.csv
"Frederick Health Hospital, Inc.",52-0591612,00916,CDM,ACHIEVE BIOPSY DEVICE A1415,both,,,,min,68.15,,,3/17/2025,52-0591612_FrederickHealthHospital_standardcharges.csv
"Frederick Health Hospital, Inc.",52-0591612,00916,CDM,ACHIEVE BIOPSY DEVICE A1415,both,,,,max,69.54,,,3/17/2025,52-0591612_FrederickHealthHospital_standardcharges.csv
"Frederick Health Hospital, Inc.",52-0591612,00916,CDM,ACHIEVE BIOPSY DEVICE A1415,both,,All Payers,All Plans,estimated,69.54,,other,3/17/2025,52-0591612_FrederickHealthHospital_standardcharges.csv
"Frederick Health Hospital, Inc.",52-0591612,82388,CDM,ACHR MODULATING ANTIBODY,both,,,,gross,51.09,,,3/17/2025,52-0591612_FrederickHealthHospital_standardcharges.csv
"Frederick Health Hospital, Inc.",52-0591612,82388,CDM,ACHR MODULATING ANTIBODY,both,,,,discounted_cash,50.07,,,3/17/2025,52-0591612_FrederickHealthHospital_standardcharges.csv
"Frederick Health Hospital, Inc.",52-0591612,82388,CDM,ACHR MODULATING ANTIBODY,both,,,,min,50.07,,,3/17/2025,52-0591612_FrederickHealthHospital_standardcharges.csv
"Frederick Health Hospital, Inc.",52-0591612,82388,CDM,ACHR MODULATING ANTIBODY,both,,,,max,51.09,,,3/17/2025,52-0591612_FrederickHealthHospital_standardcharges.csv
"Frederick Health Hospital, Inc.",52-0591612,82388,CDM,ACHR MODULATING ANTIBODY,both,,All Payers,All Plans,estimated,51.09,,other,3/17/2025,52-0591612_FrederickHealthHospital_standardcharges.csv
"Frederick Health Hospital, Inc.",52-0591612,86043,CPT,ACHR MODULATING ANTIBODY,both,,,,gross,51.09,,,3/17/2025,52-0591612_FrederickHealthHospital_standardcharges.csv
"Frederick Health Hospital, Inc.",52-0591612,86043,CPT,ACHR MODULATING ANTIBODY,both,,,,discounted_cash,50.07,,,3/17/2025,52-0591612_FrederickHealthHospital_standardcharges.csv
"Frederick Health Hospital, Inc.",52-0591612,86043,CPT,ACHR MODULATING ANTIBODY,both,,,,min,50.07,,,3/17/2025,52-0591612_FrederickHealthHospital_standardcharges.csv
"Frederick Health Hospital, Inc.",52-0591612,86043,CPT,ACHR MODULATING ANTIBODY,both,,,,max,51.09,,,3/17/2025,52-0591612_FrederickHealthHospital_standardcharges.csv
"Frederick Health Hospital, Inc.",52-0591612,86043,CPT,ACHR MODULATING ANTIBODY,both,,All Payers,All Plans,estimated,51.09,,other,3/17/2025,52-0591612_FrederickHealthHospital_standardcharges.csv
"Frederick Health Hospital, Inc.",52-0591612,B9026,CDM,ACI CORT SCREW 3.5X24,both,,,,gross,147.6,,,3/17/2025,52-0591612_FrederickHealthHospital_standardcharges.csv
"Frederick Health Hospital, Inc.",52-0591612,B9026,CDM,ACI CORT SCREW 3.5X24,both,,,,discounted_cash,144.65,,,3/17/2025,52-0591612_FrederickHealthHospital_standardcharges.csv
"Frederick Health Hospital, Inc.",52-0591612,B9026,CDM,ACI CORT SCREW 3.5X24,both,,,,min,144.65,,,3/17/2025,52-0591612_FrederickHealthHospital_standardcharges.csv
"Frederick Health Hospital, Inc.",52-0591612,B9026,CDM,ACI CORT SCREW 3.5X24,both,,,,max,147.6,,,3/17/2025,52-0591612_FrederickHealthHospital_standardcharges.csv
"Frederick Health Hospital, Inc.",52-0591612,B9026,CDM,ACI CORT SCREW 3.5X24,both,,All Payers,All Plans,estimated,147.6,,other,3/17/2025,52-0591612_FrederickHealthHospital_standardcharges.csv
"Frederick Health Hospital, Inc.",52-0591612,C1713,HCPCS,ACI CORT SCREW 3.5X24,both,,,,gross,147.6,,,3/17/2025,52-0591612_FrederickHealthHospital_standardcharges.csv
"Frederick Health Hospital, Inc.",52-0591612,C1713,HCPCS,ACI CORT SCREW 3.5X24,both,,,,discounted_cash,144.65,,,3/17/2025,52-0591612_FrederickHealthHospital_standardcharges.csv
"Frederick Health Hospital, Inc.",52-0591612,C1713,HCPCS,ACI CORT SCREW 3.5X24,both,,,,min,144.65,,,3/17/2025,52-0591612_FrederickHealthHospital_standardcharges.csv
"Frederick Health Hospital, Inc.",52-0591612,C1713,HCPCS,ACI CORT SCREW 3.5X24,both,,,,max,147.6,,,3/17/2025,52-0591612_FrederickHealthHospital_standardcharges.csv
"Frederick Health Hospital, Inc.",52-0591612,C1713,HCPCS,ACI CORT SCREW 3.5X24,both,,All Payers,All Plans,estimated,147.6,,other,3/17/2025,52-0591612_FrederickHealthHospital_standardcharges.csv
"Frederick Health Hospital, Inc.",52-0591612,87116,CPT,ACID FAST BACTERIA CULTURE,both,,,,gross,122.62,,,3/17/2025,52-0591612_FrederickHealthHospital_standardcharges.csv
"Frederick Health Hospital, Inc.",52-0591612,87116,CPT,ACID FAST BACTERIA CULTURE,both,,,,discounted_cash,120.17,,,3/17/2025,52-0591612_FrederickHealthHospital_standardcharges.csv
"Frederick Health Hospital, Inc.",52-0591612,87116,CPT,ACID FAST BACTERIA CULTURE,both,,,,min,120.17,,,3/17/2025,52-0591612_FrederickHealthHospital_standardcharges.csv
"Frederick Health Hospital, Inc.",52-0591612,87116,CPT,ACID FAST BACTERIA CULTURE,both,,,,max,122.62,,,3/17/2025,52-0591612_FrederickHealthHospital_standardcharges.csv
"Frederick Health Hospital, Inc.",52-0591612,87116,CPT,ACID FAST BACTERIA CULTURE,both,,All Payers,All Plans,estimated,122.62,,other,3/17/2025,52-0591612_FrederickHealthHospital_standardcharges.csv
"Frederick Health Hospital, Inc.",52-0591612,92043,CDM,ACID FAST BACTERIA CULTURE,both,,,,gross,122.62,,,3/17/2025,52-0591612_FrederickHealthHospital_standardcharges.csv
"Frederick Health Hospital, Inc.",52-0591612,92043,CDM,ACID FAST BACTERIA CULTURE,both,,,,discounted_cash,120.17,,,3/17/2025,52-0591612_FrederickHealthHospital_standardcharges.csv
"Frederick Health Hospital, Inc.",52-0591612,92043,CDM,ACID FAST BACTERIA CULTURE,both,,,,min,120.17,,,3/17/2025,52-0591612_FrederickHealthHospital_standardcharges.csv
"Frederick Health Hospital, Inc.",52-0591612,92043,CDM,ACID FAST BACTERIA CULTURE,both,,,,max,122.62,,,3/17/2025,52-0591612_FrederickHealthHospital_standardcharges.csv
"Frederick Health Hospital, Inc.",52-0591612,92043,CDM,ACID FAST BACTERIA CULTURE,both,,All Payers,All Plans,estimated,122.62,,other,3/17/2025,52-0591612_FrederickHealthHospital_standardcharges.csv
"Frederick Health Hospital, Inc.",52-0591612,87206,CPT,ACID FAST BACTERIA STAIN,both,,,,gross,40.87,,,3/17/2025,52-0591612_FrederickHealthHospital_standardcharges.csv
"Frederick Health Hospital, Inc.",52-0591612,87206,CPT,ACID FAST BACTERIA STAIN,both,,,,discounted_cash,40.05,,,3/17/2025,52-0591612_FrederickHealthHospital_standardcharges.csv
"Frederick Health Hospital, Inc.",52-0591612,87206,CPT,ACID FAST BACTERIA STAIN,both,,,,min,40.05,,,3/17/2025,52-0591612_FrederickHealthHospital_standardcharges.csv
"Frederick Health Hospital, Inc.",52-0591612,87206,CPT,ACID FAST BACTERIA STAIN,both,,,,max,40.87,,,3/17/2025,52-0591612_FrederickHealthHospital_standardcharges.csv
"Frederick Health Hospital, Inc.",52-0591612,87206,CPT,ACID FAST BACTERIA STAIN,both,,All Payers,All Plans,estimated,40.87,,other,3/17/2025,52-0591612_FrederickHealthHospital_standardcharges.csv
"Frederick Health Hospital, Inc.",52-0591612,90611,CDM,ACID FAST BACTERIA STAIN,both,,,,gross,40.87,,,3/17/2025,52-0591612_FrederickHealthHospital_standardcharges.csv
"Frederick Health Hospital, Inc.",52-0591612,90611,CDM,ACID FAST BACTERIA STAIN,both,,,,discounted_cash,40.05,,,3/17/2025,52-0591612_FrederickHealthHospital_standardcharges.csv
"Frederick Health Hospital, Inc.",52-0591612,90611,CDM,ACID FAST BACTERIA STAIN,both,,,,min,40.05,,,3/17/2025,52-0591612_FrederickHealthHospital_standardcharges.csv
"Frederick Health Hospital, Inc.",52-0591612,90611,CDM,ACID FAST BACTERIA STAIN,both,,,,max,40.87,,,3/17/2025,52-0591612_FrederickHealthHospital_standardcharges.csv
"Frederick Health Hospital, Inc.",52-0591612,90611,CDM,ACID FAST BACTERIA STAIN,both,,All Payers,All Plans,estimated,40.87,,other,3/17/2025,52-0591612_FrederickHealthHospital_standardcharges.csv
"Frederick Health Hospital, Inc.",52-0591612,88312,CPT,ACID FAST BACTERIA-FITES,both,,,,gross,30.66,,,3/17/2025,52-0591612_FrederickHealthHospital_standardcharges.csv
"Frederick Health Hospital, Inc.",52-0591612,88312,CPT,ACID FAST BACTERIA-FITES,both,,,,discounted_cash,30.05,,,3/17/2025,52-0591612_FrederickHealthHospital_standardcharges.csv
"Frederick Health Hospital, Inc.",52-0591612,88312,CPT,ACID FAST BACTERIA-FITES,both,,,,min,30.05,,,3/17/2025,52-0591612_FrederickHealthHospital_standardcharges.csv
"Frederick Health Hospital, Inc.",52-0591612,88312,CPT,ACID FAST BACTERIA-FITES,both,,,,max,30.66,,,3/17/2025,52-0591612_FrederickHealthHospital_standardcharges.csv
"Frederick Health Hospital, Inc.",52-0591612,88312,CPT,ACID FAST BACTERIA-FITES,both,,All Payers,All Plans,estimated,30.66,,other,3/17/2025,52-0591612_FrederickHealthHospital_standardcharges.csv
"Frederick Health Hospital, Inc.",52-0591612,92133,CDM,ACID FAST BACTERIA-FITES,both,,,,gross,30.66,,,3/17/2025,52-0591612_FrederickHealthHospital_standardcharges.csv
"Frederick Health Hospital, Inc.",52-0591612,92133,CDM,ACID FAST BACTERIA-FITES,both,,,,discounted_cash,30.05,,,3/17/2025,52-0591612_FrederickHealthHospital_standardcharges.csv
"Frederick Health Hospital, Inc.",52-0591612,92133,CDM,ACID FAST BACTERIA-FITES,both,,,,min,30.05,,,3/17/2025,52-0591612_FrederickHealthHospital_standardcharges.csv
"Frederick Health Hospital, Inc.",52-0591612,92133,CDM,ACID FAST BACTERIA-FITES,both,,,,max,30.66,,,3/17/2025,52-0591612_FrederickHealthHospital_standardcharges.csv
"Frederick Health Hospital, Inc.",52-0591612,92133,CDM,ACID FAST BACTERIA-FITES,both,,All Payers,All Plans,estimated,30.66,,other,3/17/2025,52-0591612_FrederickHealthHospital_standardcharges.csv
"Frederick Health Hospital, Inc.",52-0591612,88312,CPT,ACID FAST STAIN,both,,,,gross,30.66,,,3/17/2025,52-0591612_FrederickHealthHospital_standardcharges.csv
"Frederick Health Hospital, Inc.",52-0591612,88312,CPT,ACID FAST STAIN,both,,,,discounted_cash,30.05,,,3/17/2025,52-0591612_FrederickHealthHospital_standardcharges.csv
"Frederick Health Hospital, Inc.",52-0591612,88312,CPT,ACID FAST STAIN,both,,,,min,30.05,,,3/17/2025,52-0591612_FrederickHealthHospital_standardcharges.csv
"Frederick Health Hospital, Inc.",52-0591612,88312,CPT,ACID FAST STAIN,both,,,,max,30.66,,,3/17/2025,52-0591612_FrederickHealthHospital_standardcharges.csv
"Frederick Health Hospital, Inc.",52-0591612,88312,CPT,ACID FAST STAIN,both,,All Payers,All Plans,estimated,30.66,,other,3/17/2025,52-0591612_FrederickHealthHospital_standardcharges.csv
"Frederick Health Hospital, Inc.",52-0591612,92132,CDM,ACID FAST STAIN,both,,,,gross,30.66,,,3/17/2025,52-0591612_FrederickHealthHospital_standardcharges.csv
"Frederick Health Hospital, Inc.",52-0591612,92132,CDM,ACID FAST STAIN,both,,,,discounted_cash,30.05,,,3/17/2025,52-0591612_FrederickHealthHospital_standardcharges.csv
"Frederick Health Hospital, Inc.",52-0591612,92132,CDM,ACID FAST STAIN,both,,,,min,30.05,,,3/17/2025,52-0591612_FrederickHealthHospital_standardcharges.csv
"Frederick Health Hospital, Inc.",52-0591612,92132,CDM,ACID FAST STAIN,both,,,,max,30.66,,,3/17/2025,52-0591612_FrederickHealthHospital_standardcharges.csv
"Frederick Health Hospital, Inc.",52-0591612,92132,CDM,ACID FAST STAIN,both,,All Payers,All Plans,estimated,30.66,,other,3/17/2025,52-0591612_FrederickHealthHospital_standardcharges.csv
"Frederick Health Hospital, Inc.",52-0591612,84066,CPT,ACID PHOSPHATASE PROSTATIC,both,,,,gross,30.66,,,3/17/2025,52-0591612_FrederickHealthHospital_standardcharges.csv
"Frederick Health Hospital, Inc.",52-0591612,84066,CPT,ACID PHOSPHATASE PROSTATIC,both,,,,discounted_cash,30.05,,,3/17/2025,52-0591612_FrederickHealthHospital_standardcharges.csv
"Frederick Health Hospital, Inc.",52-0591612,84066,CPT,ACID PHOSPHATASE PROSTATIC,both,,,,min,30.05,,,3/17/2025,52-0591612_FrederickHealthHospital_standardcharges.csv
"Frederick Health Hospital, Inc.",52-0591612,84066,CPT,ACID PHOSPHATASE PROSTATIC,both,,,,max,30.66,,,3/17/2025,52-0591612_FrederickHealthHospital_standardcharges.csv
"Frederick Health Hospital, Inc.",52-0591612,84066,CPT,ACID PHOSPHATASE PROSTATIC,both,,All Payers,All Plans,estimated,30.66,,other,3/17/2025,52-0591612_FrederickHealthHospital_standardcharges.csv
"Frederick Health Hospital, Inc.",52-0591612,91669,CDM,ACID PHOSPHATASE PROSTATIC,both,,,,gross,30.66,,,3/17/2025,52-0591612_FrederickHealthHospital_standardcharges.csv
"Frederick Health Hospital, Inc.",52-0591612,91669,CDM,ACID PHOSPHATASE PROSTATIC,both,,,,discounted_cash,30.05,,,3/17/2025,52-0591612_FrederickHealthHospital_standardcharges.csv
"Frederick Health Hospital, Inc.",52-0591612,91669,CDM,ACID PHOSPHATASE PROSTATIC,both,,,,min,30.05,,,3/17/2025,52-0591612_FrederickHealthHospital_standardcharges.csv
"Frederick Health Hospital, Inc.",52-0591612,91669,CDM,ACID PHOSPHATASE PROSTATIC,both,,,,max,30.66,,,3/17/2025,52-0591612_FrederickHealthHospital_standardcharges.csv
"Frederick Health Hospital, Inc.",52-0591612,91669,CDM,ACID PHOSPHATASE PROSTATIC,both,,All Payers,All Plans,estimated,30.66,,other,3/17/2025,52-0591612_FrederickHealthHospital_standardcharges.csv
"Frederick Health Hospital, Inc.",52-0591612,24088,CDM,ACL TRANSTIBIAL KIT ARTHREX,both,,,,gross,277.92,,,3/17/2025,52-0591612_FrederickHealthHospital_standardcharges.csv
"Frederick Health Hospital, Inc.",52-0591612,24088,CDM,ACL TRANSTIBIAL KIT ARTHREX,both,,,,discounted_cash,272.36,,,3/17/2025,52-0591612_FrederickHealthHospital_standardcharges.csv
"Frederick Health Hospital, Inc.",52-0591612,24088,CDM,ACL TRANSTIBIAL KIT ARTHREX,both,,,,min,272.36,,,3/17/2025,52-0591612_FrederickHealthHospital_standardcharges.csv
"Frederick Health Hospital, Inc.",52-0591612,24088,CDM,ACL TRANSTIBIAL KIT ARTHREX,both,,,,max,277.92,,,3/17/2025,52-0591612_FrederickHealthHospital_standardcharges.csv
"Frederick Health Hospital, Inc.",52-0591612,24088,CDM,ACL TRANSTIBIAL KIT ARTHREX,both,,All Payers,All Plans,estimated,277.92,,other,3/17/2025,52-0591612_FrederickHealthHospital_standardcharges.csv
"Frederick Health Hospital, Inc.",52-0591612,C1713,HCPCS,ACL TRANSTIBIAL KIT ARTHREX,both,,,,gross,277.92,,,3/17/2025,52-0591612_FrederickHealthHospital_standardcharges.csv
"Frederick Health Hospital, Inc.",52-0591612,C1713,HCPCS,ACL TRANSTIBIAL KIT ARTHREX,both,,,,discounted_cash,272.36,,,3/17/2025,52-0591612_FrederickHealthHospital_standardcharges.csv
"Frederick Health Hospital, Inc.",52-0591612,C1713,HCPCS,ACL TRANSTIBIAL KIT ARTHREX,both,,,,min,272.36,,,3/17/2025,52-0591612_FrederickHealthHospital_standardcharges.csv
"Frederick Health Hospital, Inc.",52-0591612,C1713,HCPCS,ACL TRANSTIBIAL KIT ARTHREX,both,,,,max,277.92,,,3/17/2025,52-0591612_FrederickHealthHospital_standardcharges.csv
"Frederick Health Hospital, Inc.",52-0591612,C1713,HCPCS,ACL TRANSTIBIAL KIT ARTHREX,both,,All Payers,All Plans,estimated,277.92,,other,3/17/2025,52-0591612_FrederickHealthHospital_standardcharges.csv
"Frederick Health Hospital, Inc.",52-0591612,62880,CDM,ACROS CON SZ B HI 60MM,both,,,,gross,10794.9,,,3/17/2025,52-0591612_FrederickHealthHospital_standardcharges.csv
"Frederick Health Hospital, Inc.",52-0591612,62880,CDM,ACROS CON SZ B HI 60MM,both,,,,discounted_cash,10579.0,,,3/17/2025,52-0591612_FrederickHealthHospital_standardcharges.csv
"Frederick Health Hospital, Inc.",52-0591612,62880,CDM,ACROS CON SZ B HI 60MM,both,,,,min,10579.0,,,3/17/2025,52-0591612_FrederickHealthHospital_standardcharges.csv
"Frederick Health Hospital, Inc.",52-0591612,62880,CDM,ACROS CON SZ B HI 60MM,both,,,,max,10794.9,,,3/17/2025,52-0591612_FrederickHealthHospital_standardcharges.csv
"Frederick Health Hospital, Inc.",52-0591612,62880,CDM,ACROS CON SZ B HI 60MM,both,,All Payers,All Plans,estimated,10794.9,,other,3/17/2025,52-0591612_FrederickHealthHospital_standardcharges.csv
"Frederick Health Hospital, Inc.",52-0591612,C1776,HCPCS,ACROS CON SZ B HI 60MM,both,,,,gross,10794.9,,,3/17/2025,52-0591612_FrederickHealthHospital_standardcharges.csv
"Frederick Health Hospital, Inc.",52-0591612,C1776,HCPCS,ACROS CON SZ B HI 60MM,both,,,,discounted_cash,10579.0,,,3/17/2025,52-0591612_FrederickHealthHospital_standardcharges.csv
"Frederick Health Hospital, Inc.",52-0591612,C1776,HCPCS,ACROS CON SZ B HI 60MM,both,,,,min,10579.0,,,3/17/2025,52-0591612_FrederickHealthHospital_standardcharges.csv
"Frederick Health Hospital, Inc.",52-0591612,C1776,HCPCS,ACROS CON SZ B HI 60MM,both,,,,max,10794.9,,,3/17/2025,52-0591612_FrederickHealthHospital_standardcharges.csv
"Frederick Health Hospital, Inc.",52-0591612,C1776,HCPCS,ACROS CON SZ B HI 60MM,both,,All Payers,All Plans,estimated,10794.9,,other,3/17/2025,52-0591612_FrederickHealthHospital_standardcharges.csv
"Frederick Health Hospital, Inc.",52-0591612,C1776,HCPCS,ACROS SPL TPR 14X250MM,both,,,,gross,7273.37,,,3/17/2025,52-0591612_FrederickHealthHospital_standardcharges.csv
"Frederick Health Hospital, Inc.",52-0591612,C1776,HCPCS,ACROS SPL TPR 14X250MM,both,,,,discounted_cash,7127.9,,,3/17/2025,52-0591612_FrederickHealthHospital_standardcharges.csv
"Frederick Health Hospital, Inc.",52-0591612,C1776,HCPCS,ACROS SPL TPR 14X250MM,both,,,,min,7127.9,,,3/17/2025,52-0591612_FrederickHealthHospital_standardcharges.csv
"Frederick Health Hospital, Inc.",52-0591612,C1776,HCPCS,ACROS SPL TPR 14X250MM,both,,,,max,7273.37,,,3/17/2025,52-0591612_FrederickHealthHospital_standardcharges.csv
"Frederick Health Hospital, Inc.",52-0591612,C1776,HCPCS,ACROS SPL TPR 14X250MM,both,,All Payers,All Plans,estimated,7273.37,,other,3/17/2025,52-0591612_FrederickHealthHospital_standardcharges.csv
"Frederick Health Hospital, Inc.",52-0591612,P0462,CDM,ACROS SPL TPR 14X250MM,both,,,,gross,7273.37,,,3/17/2025,52-0591612_FrederickHealthHospital_standardcharges.csv
"Frederick Health Hospital, Inc.",52-0591612,P0462,CDM,ACROS SPL TPR 14X250MM,both,,,,discounted_cash,7127.9,,,3/17/2025,52-0591612_FrederickHealthHospital_standardcharges.csv
"Frederick Health Hospital, Inc.",52-0591612,P0462,CDM,ACROS SPL TPR 14X250MM,both,,,,min,7127.9,,,3/17/2025,52-0591612_FrederickHealthHospital_standardcharges.csv
"Frederick Health Hospital, Inc.",52-0591612,P0462,CDM,ACROS SPL TPR 14X250MM,both,,,,max,7273.37,,,3/17/2025,52-0591612_FrederickHealthHospital_standardcharges.csv
"Frederick Health Hospital, Inc.",52-0591612,P0462,CDM,ACROS SPL TPR 14X250MM,both,,All Payers,All Plans,estimated,7273.37,,other,3/17/2025,52-0591612_FrederickHealthHospital_standardcharges.csv
"Frederick Health Hospital, Inc.",52-0591612,62187,CDM,ACROS SPL TPR DIST 250MM,both,,,,gross,7274.58,,,3/17/2025,52-0591612_FrederickHealthHospital_standardcharges.csv
"Frederick Health Hospital, Inc.",52-0591612,62187,CDM,ACROS SPL TPR DIST 250MM,both,,,,discounted_cash,7129.09,,,3/17/2025,52-0591612_FrederickHealthHospital_standardcharges.csv
"Frederick Health Hospital, Inc.",52-0591612,62187,CDM,ACROS SPL TPR DIST 250MM,both,,,,min,7129.09,,,3/17/2025,52-0591612_FrederickHealthHospital_standardcharges.csv
"Frederick Health Hospital, Inc.",52-0591612,62187,CDM,ACROS SPL TPR DIST 250MM,both,,,,max,7274.58,,,3/17/2025,52-0591612_FrederickHealthHospital_standardcharges.csv
"Frederick Health Hospital, Inc.",52-0591612,62187,CDM,ACROS SPL TPR DIST 250MM,both,,All Payers,All Plans,estimated,7274.58,,other,3/17/2025,52-0591612_FrederickHealthHospital_standardcharges.csv
"Frederick Health Hospital, Inc.",52-0591612,62304,CDM,ACROS SPL TPR DIST 250MM,both,,,,gross,7274.58,,,3/17/2025,52-0591612_FrederickHealthHospital_standardcharges.csv
"Frederick Health Hospital, Inc.",52-0591612,62304,CDM,ACROS SPL TPR DIST 250MM,both,,,,discounted_cash,7129.09,,,3/17/2025,52-0591612_FrederickHealthHospital_standardcharges.csv
"Frederick Health Hospital, Inc.",52-0591612,62304,CDM,ACROS SPL TPR DIST 250MM,both,,,,min,7129.09,,,3/17/2025,52-0591612_FrederickHealthHospital_standardcharges.csv
"Frederick Health Hospital, Inc.",52-0591612,62304,CDM,ACROS SPL TPR DIST 250MM,both,,,,max,7274.58,,,3/17/2025,52-0591612_FrederickHealthHospital_standardcharges.csv
"Frederick Health Hospital, Inc.",52-0591612,62304,CDM,ACROS SPL TPR DIST 250MM,both,,All Payers,All Plans,estimated,7274.58,,other,3/17/2025,52-0591612_FrederickHealthHospital_standardcharges.csv
"Frederick Health Hospital, Inc.",52-0591612,C1776,HCPCS,ACROS SPL TPR DIST 250MM,both,,,,gross,7274.58,,,3/17/2025,52-0591612_FrederickHealthHospital_standardcharges.csv
"Frederick Health Hospital, Inc.",52-0591612,C1776,HCPCS,ACROS SPL TPR DIST 250MM,both,,,,discounted_cash,7129.09,,,3/17/2025,52-0591612_FrederickHealthHospital_standardcharges.csv
"Frederick Health Hospital, Inc.",52-0591612,C1776,HCPCS,ACROS SPL TPR DIST 250MM,both,,,,min,7129.09,,,3/17/2025,52-0591612_FrederickHealthHospital_standardcharges.csv
"Frederick Health Hospital, Inc.",52-0591612,C1776,HCPCS,ACROS SPL TPR DIST 250MM,both,,,,max,7274.58,,,3/17/2025,52-0591612_FrederickHealthHospital_standardcharges.csv
"Frederick Health Hospital, Inc.",52-0591612,C1776,HCPCS,ACROS SPL TPR DIST 250MM,both,,All Payers,All Plans,estimated,7274.58,,other,3/17/2025,52-0591612_FrederickHealthHospital_standardcharges.csv
"Frederick Health Hospital, Inc.",52-0591612,00500,CDM,ACS-HI-TORQUE WIRE GUIDE .01,both,,,,gross,347.41,,,3/17/2025,52-0591612_FrederickHealthHospital_standardcharges.csv
"Frederick Health Hospital, Inc.",52-0591612,00500,CDM,ACS-HI-TORQUE WIRE GUIDE .01,both,,,,discounted_cash,340.46,,,3/17/2025,52-0591612_FrederickHealthHospital_standardcharges.csv
"Frederick Health Hospital, Inc.",52-0591612,00500,CDM,ACS-HI-TORQUE WIRE GUIDE .01,both,,,,min,340.46,,,3/17/2025,52-0591612_FrederickHealthHospital_standardcharges.csv
"Frederick Health Hospital, Inc.",52-0591612,00500,CDM,ACS-HI-TORQUE WIRE GUIDE .01,both,,,,max,347.41,,,3/17/2025,52-0591612_FrederickHealthHospital_standardcharges.csv
"Frederick Health Hospital, Inc.",52-0591612,00500,CDM,ACS-HI-TORQUE WIRE GUIDE .01,both,,All Payers,All Plans,estimated,347.41,,other,3/17/2025,52-0591612_FrederickHealthHospital_standardcharges.csv
"Frederick Health Hospital, Inc.",52-0591612,C1769,HCPCS,ACS-HI-TORQUE WIRE GUIDE .01,both,,,,gross,347.41,,,3/17/2025,52-0591612_FrederickHealthHospital_standardcharges.csv
"Frederick Health Hospital, Inc.",52-0591612,C1769,HCPCS,ACS-HI-TORQUE WIRE GUIDE .01,both,,,,discounted_cash,340.46,,,3/17/2025,52-0591612_FrederickHealthHospital_standardcharges.csv
"Frederick Health Hospital, Inc.",52-0591612,C1769,HCPCS,ACS-HI-TORQUE WIRE GUIDE .01,both,,,,min,340.46,,,3/17/2025,52-0591612_FrederickHealthHospital_standardcharges.csv
"Frederick Health Hospital, Inc.",52-0591612,C1769,HCPCS,ACS-HI-TORQUE WIRE GUIDE .01,both,,,,max,347.41,,,3/17/2025,52-0591612_FrederickHealthHospital_standardcharges.csv
"Frederick Health Hospital, Inc.",52-0591612,C1769,HCPCS,ACS-HI-TORQUE WIRE GUIDE .01,both,,All Payers,All Plans,estimated,347.41,,other,3/17/2025,52-0591612_FrederickHealthHospital_standardcharges.csv
"Frederick Health Hospital, Inc.",52-0591612,C1776,HCPCS,ACT ARTIC E1 HIP BRG 28X52MM,both,,,,gross,3450.44,,,3/17/2025,52-0591612_FrederickHealthHospital_standardcharges.csv
"Frederick Health Hospital, Inc.",52-0591612,C1776,HCPCS,ACT ARTIC E1 HIP BRG 28X52MM,both,,,,discounted_cash,3381.43,,,3/17/2025,52-0591612_FrederickHealthHospital_standardcharges.csv
"Frederick Health Hospital, Inc.",52-0591612,C1776,HCPCS,ACT ARTIC E1 HIP BRG 28X52MM,both,,,,min,3381.43,,,3/17/2025,52-0591612_FrederickHealthHospital_standardcharges.csv
"Frederick Health Hospital, Inc.",52-0591612,C1776,HCPCS,ACT ARTIC E1 HIP BRG 28X52MM,both,,,,max,3450.44,,,3/17/2025,52-0591612_FrederickHealthHospital_standardcharges.csv
"Frederick Health Hospital, Inc.",52-0591612,C1776,HCPCS,ACT ARTIC E1 HIP BRG 28X52MM,both,,All Payers,All Plans,estimated,3450.44,,other,3/17/2025,52-0591612_FrederickHealthHospital_standardcharges.csv
"Frederick Health Hospital, Inc.",52-0591612,R8621,CDM,ACT ARTIC E1 HIP BRG 28X52MM,both,,,,gross,3450.44,,,3/17/2025,52-0591612_FrederickHealthHospital_standardcharges.csv
"Frederick Health Hospital, Inc.",52-0591612,R8621,CDM,ACT ARTIC E1 HIP BRG 28X52MM,both,,,,discounted_cash,3381.43,,,3/17/2025,52-0591612_FrederickHealthHospital_standardcharges.csv
"Frederick Health Hospital, Inc.",52-0591612,R8621,CDM,ACT ARTIC E1 HIP BRG 28X52MM,both,,,,min,3381.43,,,3/17/2025,52-0591612_FrederickHealthHospital_standardcharges.csv
"Frederick Health Hospital, Inc.",52-0591612,R8621,CDM,ACT ARTIC E1 HIP BRG 28X52MM,both,,,,max,3450.44,,,3/17/2025,52-0591612_FrederickHealthHospital_standardcharges.csv
"Frederick Health Hospital, Inc.",52-0591612,R8621,CDM,ACT ARTIC E1 HIP BRG 28X52MM,both,,All Payers,All Plans,estimated,3450.44,,other,3/17/2025,52-0591612_FrederickHealthHospital_standardcharges.csv
"Frederick Health Hospital, Inc.",52-0591612,62734,CDM,ACT ARTIC HD ARCOM XL 28X50MM,both,,,,gross,2731.3,,,3/17/2025,52-0591612_FrederickHealthHospital_standardcharges.csv
"Frederick Health Hospital, Inc.",52-0591612,62734,CDM,ACT ARTIC HD ARCOM XL 28X50MM,both,,,,discounted_cash,2676.67,,,3/17/2025,52-0591612_FrederickHealthHospital_standardcharges.csv
"Frederick Health Hospital, Inc.",52-0591612,62734,CDM,ACT ARTIC HD ARCOM XL 28X50MM,both,,,,min,2676.67,,,3/17/2025,52-0591612_FrederickHealthHospital_standardcharges.csv
"Frederick Health Hospital, Inc.",52-0591612,62734,CDM,ACT ARTIC HD ARCOM XL 28X50MM,both,,,,max,2731.3,,,3/17/2025,52-0591612_FrederickHealthHospital_standardcharges.csv
"Frederick Health Hospital, Inc.",52-0591612,62734,CDM,ACT ARTIC HD ARCOM XL 28X50MM,both,,All Payers,All Plans,estimated,2731.3,,other,3/17/2025,52-0591612_FrederickHealthHospital_standardcharges.csv
"Frederick Health Hospital, Inc.",52-0591612,C1776,HCPCS,ACT ARTIC HD ARCOM XL 28X50MM,both,,,,gross,2731.3,,,3/17/2025,52-0591612_FrederickHealthHospital_standardcharges.csv
"Frederick Health Hospital, Inc.",52-0591612,C1776,HCPCS,ACT ARTIC HD ARCOM XL 28X50MM,both,,,,discounted_cash,2676.67,,,3/17/2025,52-0591612_FrederickHealthHospital_standardcharges.csv
"Frederick Health Hospital, Inc.",52-0591612,C1776,HCPCS,ACT ARTIC HD ARCOM XL 28X50MM,both,,,,min,2676.67,,,3/17/2025,52-0591612_FrederickHealthHospital_standardcharges.csv
"Frederick Health Hospital, Inc.",52-0591612,C1776,HCPCS,ACT ARTIC HD ARCOM XL 28X50MM,both,,,,max,2731.3,,,3/17/2025,52-0591612_FrederickHealthHospital_standardcharges.csv
"Frederick Health Hospital, Inc.",52-0591612,C1776,HCPCS,ACT ARTIC HD ARCOM XL 28X50MM,both,,All Payers,All Plans,estimated,2731.3,,other,3/17/2025,52-0591612_FrederickHealthHospital_standardcharges.csv
"Frederick Health Hospital, Inc.",52-0591612,62640,CDM,ACT ARTIC HIP HD XL,both,,,,gross,2731.3,,,3/17/2025,52-0591612_FrederickHealthHospital_standardcharges.csv
"Frederick Health Hospital, Inc.",52-0591612,62640,CDM,ACT ARTIC HIP HD XL,both,,,,discounted_cash,2676.67,,,3/17/2025,52-0591612_FrederickHealthHospital_standardcharges.csv
"Frederick Health Hospital, Inc.",52-0591612,62640,CDM,ACT ARTIC HIP HD XL,both,,,,min,2676.67,,,3/17/2025,52-0591612_FrederickHealthHospital_standardcharges.csv
"Frederick Health Hospital, Inc.",52-0591612,62640,CDM,ACT ARTIC HIP HD XL,both,,,,max,2731.3,,,3/17/2025,52-0591612_FrederickHealthHospital_standardcharges.csv
"Frederick Health Hospital, Inc.",52-0591612,62640,CDM,ACT ARTIC HIP HD XL,both,,All Payers,All Plans,estimated,2731.3,,other,3/17/2025,52-0591612_FrederickHealthHospital_standardcharges.csv
"Frederick Health Hospital, Inc.",52-0591612,C1776,HCPCS,ACT ARTIC HIP HD XL,both,,,,gross,2731.3,,,3/17/2025,52-0591612_FrederickHealthHospital_standardcharges.csv
"Frederick Health Hospital, Inc.",52-0591612,C1776,HCPCS,ACT ARTIC HIP HD XL,both,,,,discounted_cash,2676.67,,,3/17/2025,52-0591612_FrederickHealthHospital_standardcharges.csv
"Frederick Health Hospital, Inc.",52-0591612,C1776,HCPCS,ACT ARTIC HIP HD XL,both,,,,min,2676.67,,,3/17/2025,52-0591612_FrederickHealthHospital_standardcharges.csv
"Frederick Health Hospital, Inc.",52-0591612,C1776,HCPCS,ACT ARTIC HIP HD XL,both,,,,max,2731.3,,,3/17/2025,52-0591612_FrederickHealthHospital_standardcharges.csv
"Frederick Health Hospital, Inc.",52-0591612,C1776,HCPCS,ACT ARTIC HIP HD XL,both,,All Payers,All Plans,estimated,2731.3,,other,3/17/2025,52-0591612_FrederickHealthHospital_standardcharges.csv
"Frederick Health Hospital, Inc.",52-0591612,82024,CPT,ACTH HORMONE,both,,,,gross,61.31,,,3/17/2025,52-0591612_FrederickHealthHospital_standardcharges.csv
"Frederick Health Hospital, Inc.",52-0591612,82024,CPT,ACTH HORMONE,both,,,,discounted_cash,60.08,,,3/17/2025,52-0591612_FrederickHealthHospital_standardcharges.csv
"Frederick Health Hospital, Inc.",52-0591612,82024,CPT,ACTH HORMONE,both,,,,min,60.08,,,3/17/2025,52-0591612_FrederickHealthHospital_standardcharges.csv
"Frederick Health Hospital, Inc.",52-0591612,82024,CPT,ACTH HORMONE,both,,,,max,61.31,,,3/17/2025,52-0591612_FrederickHealthHospital_standardcharges.csv
"Frederick Health Hospital, Inc.",52-0591612,82024,CPT,ACTH HORMONE,both,,All Payers,All Plans,estimated,61.31,,other,3/17/2025,52-0591612_FrederickHealthHospital_standardcharges.csv
"Adventist HealthCare, Inc. d.b.a. Adventist HealthCare Shady Grove Medical Center",52-1532556,169,RC,ROOM/BED: Administrative Day,inpatient,,,,gross,320.34,,,12/31/2025,52-1532556_AdventistHealthCareShadyGroveMedicalCenter_StandardCharges.csv
"Adventist HealthCare, Inc. d.b.a. Adventist HealthCare Shady Grove Medical Center",52-1532556,169,RC,ROOM/BED: Administrative Day,inpatient,,,,discounted_cash,320.34,,,12/31/2025,52-1532556_AdventistHealthCareShadyGroveMedicalCenter_StandardCharges.csv
"Adventist HealthCare, Inc. d.b.a. Adventist HealthCare Shady Grove Medical Center",52-1532556,169,RC,ROOM/BED: Administrative Day,inpatient,,,,min,320.34,,,12/31/2025,52-1532556_AdventistHealthCareShadyGroveMedicalCenter_StandardCharges.csv
"Adventist HealthCare, Inc. d.b.a. Adventist HealthCare Shady Grove Medical Center",52-1532556,169,RC,ROOM/BED: Administrative Day,inpatient,,,,max,320.34,,,12/31/2025,52-1532556_AdventistHealthCareShadyGroveMedicalCenter_StandardCharges.csv
"Adventist HealthCare, Inc. d.b.a. Adventist HealthCare Shady Grove Medical Center",52-1532556,169,RC,ROOM/BED: Administrative Day,inpatient,,All Payers,All Plans,negotiated,320.34,,other,12/31/2025,52-1532556_AdventistHealthCareShadyGroveMedicalCenter_StandardCharges.csv
"Adventist HealthCare, Inc. d.b.a. Adventist HealthCare Shady Grove Medical Center",52-1532556,169,RC,ROOM/BED: Administrative Day Vented,inpatient,,,,gross,853.26,,,12/31/2025,52-1532556_AdventistHealthCareShadyGroveMedicalCenter_StandardCharges.csv
"Adventist HealthCare, Inc. d.b.a. Adventist HealthCare Shady Grove Medical Center",52-1532556,169,RC,ROOM/BED: Administrative Day Vented,inpatient,,,,discounted_cash,853.26,,,12/31/2025,52-1532556_AdventistHealthCareShadyGroveMedicalCenter_StandardCharges.csv
"Adventist HealthCare, Inc. d.b.a. Adventist HealthCare Shady Grove Medical Center",52-1532556,169,RC,ROOM/BED: Administrative Day Vented,inpatient,,,,min,853.26,,,12/31/2025,52-1532556_AdventistHealthCareShadyGroveMedicalCenter_StandardCharges.csv
"Adventist HealthCare, Inc. d.b.a. Adventist HealthCare Shady Grove Medical Center",52-1532556,169,RC,ROOM/BED: Administrative Day Vented,inpatient,,,,max,853.26,,,12/31/2025,52-1532556_AdventistHealthCareShadyGroveMedicalCenter_StandardCharges.csv
"Adventist HealthCare, Inc. d.b.a. Adventist HealthCare Shady Grove Medical Center",52-1532556,169,RC,ROOM/BED: Administrative Day Vented,inpatient,,All Payers,All Plans,negotiated,853.26,,other,12/31/2025,52-1532556_AdventistHealthCareShadyGroveMedicalCenter_StandardCharges.csv
"Adventist HealthCare, Inc. d.b.a. Adventist HealthCare Shady Grove Medical Center",52-1532556,121,RC,ROOM/BED: Med Surg,inpatient,,,,gross,1622.13,,,12/31/2025,52-1532556_AdventistHealthCareShadyGroveMedicalCenter_StandardCharges.csv
"Adventist HealthCare, Inc. d.b.a. Adventist HealthCare Shady Grove Medical Center",52-1532556,121,RC,ROOM/BED: Med Surg,inpatient,,,,discounted_cash,1589.69,,,12/31/2025,52-1532556_AdventistHealthCareShadyGroveMedicalCenter_StandardCharges.csv
"Adventist HealthCare, Inc. d.b.a. Adventist HealthCare Shady Grove Medical Center",52-1532556,121,RC,ROOM/BED: Med Surg,inpatient,,,,min,1541.03,,,12/31/2025,52-1532556_AdventistHealthCareShadyGroveMedicalCenter_StandardCharges.csv
"Adventist HealthCare, Inc. d.b.a. Adventist HealthCare Shady Grove Medical Center",52-1532556,121,RC,ROOM/BED: Med Surg,inpatient,,,,max,1784.35,,,12/31/2025,52-1532556_AdventistHealthCareShadyGroveMedicalCenter_StandardCharges.csv
"Adventist HealthCare, Inc. d.b.a. Adventist HealthCare Shady Grove Medical Center",52-1532556,121,RC,ROOM/BED: Med Surg,inpatient,,All Payers,All Plans,negotiated,1622.13,,other,12/31/2025,52-1532556_AdventistHealthCareShadyGroveMedicalCenter_StandardCharges.csv
"Adventist HealthCare, Inc. d.b.a. Adventist HealthCare Shady Grove Medical Center",52-1532556,121,RC,ROOM/BED: Med/Surg Stepdown,inpatient,,,,gross,320.34,,,12/31/2025,52-1532556_AdventistHealthCareShadyGroveMedicalCenter_StandardCharges.csv
"Adventist HealthCare, Inc. d.b.a. Adventist HealthCare Shady Grove Medical Center",52-1532556,121,RC,ROOM/BED: Med/Surg Stepdown,inpatient,,,,discounted_cash,320.34,,,12/31/2025,52-1532556_AdventistHealthCareShadyGroveMedicalCenter_StandardCharges.csv
"Adventist HealthCare, Inc. d.b.a. Adventist HealthCare Shady Grove Medical Center",52-1532556,121,RC,ROOM/BED: Med/Surg Stepdown,inpatient,,,,min,320.34,,,12/31/2025,52-1532556_AdventistHealthCareShadyGroveMedicalCenter_StandardCharges.csv
"Adventist HealthCare, Inc. d.b.a. Adventist HealthCare Shady Grove Medical Center",52-1532556,121,RC,ROOM/BED: Med/Surg Stepdown,inpatient,,,,max,320.34,,,12/31/2025,52-1532556_AdventistHealthCareShadyGroveMedicalCenter_StandardCharges.csv
"Adventist HealthCare, Inc. d.b.a. Adventist HealthCare Shady Grove Medical Center",52-1532556,121,RC,ROOM/BED: Med/Surg Stepdown,inpatient,,All Payers,All Plans,negotiated,320.34,,other,12/31/2025,52-1532556_AdventistHealthCareShadyGroveMedicalCenter_StandardCharges.csv
"Adventist HealthCare, Inc. d.b.a. Adventist HealthCare Shady Grove Medical Center",52-1532556,121,RC,ROOM/BED: Telemetry,inpatient,,,,gross,1622.13,,,12/31/2025,52-1532556_AdventistHealthCareShadyGroveMedicalCenter_StandardCharges.csv
"Adventist HealthCare, Inc. d.b.a. Adventist HealthCare Shady Grove Medical Center",52-1532556,121,RC,ROOM/BED: Telemetry,inpatient,,,,discounted_cash,1589.69,,,12/31/2025,52-1532556_AdventistHealthCareShadyGroveMedicalCenter_StandardCharges.csv
"Adventist HealthCare, Inc. d.b.a. Adventist HealthCare Shady Grove Medical Center",52-1532556,121,RC,ROOM/BED: Telemetry,inpatient,,,,min,1541.03,,,12/31/2025,52-1532556_AdventistHealthCareShadyGroveMedicalCenter_StandardCharges.csv
"Adventist HealthCare, Inc. d.b.a. Adventist HealthCare Shady Grove Medical Center",52-1532556,121,RC,ROOM/BED: Telemetry,inpatient,,,,max,1784.35,,,12/31/2025,52-1532556_AdventistHealthCareShadyGroveMedicalCenter_StandardCharges.csv
"Adventist HealthCare, Inc. d.b.a. Adventist HealthCare Shady Grove Medical Center",52-1532556,121,RC,ROOM/BED: Telemetry,inpatient,,All Payers,All Plans,negotiated,1622.13,,other,12/31/2025,52-1532556_AdventistHealthCareShadyGroveMedicalCenter_StandardCharges.csv
"Adventist HealthCare, Inc. d.b.a. Adventist HealthCare Shady Grove Medical Center",52-1532556,123,RC,ROOM/BED: Pediatrics,inpatient,,,,gross,2889.9,,,12/31/2025,52-1532556_AdventistHealthCareShadyGroveMedicalCenter_StandardCharges.csv
"Adventist HealthCare, Inc. d.b.a. Adventist HealthCare Shady Grove Medical Center",52-1532556,123,RC,ROOM/BED: Pediatrics,inpatient,,,,discounted_cash,2832.1,,,12/31/2025,52-1532556_AdventistHealthCareShadyGroveMedicalCenter_StandardCharges.csv
"Adventist HealthCare, Inc. d.b.a. Adventist HealthCare Shady Grove Medical Center",52-1532556,123,RC,ROOM/BED: Pediatrics,inpatient,,,,min,2745.41,,,12/31/2025,52-1532556_AdventistHealthCareShadyGroveMedicalCenter_StandardCharges.csv
"Adventist HealthCare, Inc. d.b.a. Adventist HealthCare Shady Grove Medical Center",52-1532556,123,RC,ROOM/BED: Pediatrics,inpatient,,,,max,3178.89,,,12/31/2025,52-1532556_AdventistHealthCareShadyGroveMedicalCenter_StandardCharges.csv
"Adventist HealthCare, Inc. d.b.a. Adventist HealthCare Shady Grove Medical Center",52-1532556,123,RC,ROOM/BED: Pediatrics,inpatient,,All Payers,All Plans,negotiated,2889.9,,other,12/31/2025,52-1532556_AdventistHealthCareShadyGroveMedicalCenter_StandardCharges.csv
"Adventist HealthCare, Inc. d.b.a. Adventist HealthCare Shady Grove Medical Center",52-1532556,121,RC,ROOM/BED: Administrative Day Psych Acute,inpatient,,,,gross,589.14,,,12/31/2025,52-1532556_AdventistHealthCareShadyGroveMedicalCenter_StandardCharges.csv
"Adventist HealthCare, Inc. d.b.a. Adventist HealthCare Shady Grove Medical Center",52-1532556,121,RC,ROOM/BED: Administrative Day Psych Acute,inpatient,,,,discounted_cash,589.14,,,12/31/2025,52-1532556_AdventistHealthCareShadyGroveMedicalCenter_StandardCharges.csv
"Adventist HealthCare, Inc. d.b.a. Adventist HealthCare Shady Grove Medical Center",52-1532556,121,RC,ROOM/BED: Administrative Day Psych Acute,inpatient,,,,min,589.14,,,12/31/2025,52-1532556_AdventistHealthCareShadyGroveMedicalCenter_StandardCharges.csv
"Adventist HealthCare, Inc. d.b.a. Adventist HealthCare Shady Grove Medical Center",52-1532556,121,RC,ROOM/BED: Administrative Day Psych Acute,inpatient,,,,max,589.14,,,12/31/2025,52-1532556_AdventistHealthCareShadyGroveMedicalCenter_StandardCharges.csv
"Adventist HealthCare, Inc. d.b.a. Adventist HealthCare Shady Grove Medical Center",52-1532556,121,RC,ROOM/BED: Administrative Day Psych Acute,inpatient,,All Payers,All Plans,negotiated,589.14,,other,12/31/2025,52-1532556_AdventistHealthCareShadyGroveMedicalCenter_StandardCharges.csv
"Adventist HealthCare, Inc. d.b.a. Adventist HealthCare Shady Grove Medical Center",52-1532556,121,RC,ROOM/BED: Administrative Day Adolescent,inpatient,,,,gross,589.14,,,12/31/2025,52-1532556_AdventistHealthCareShadyGroveMedicalCenter_StandardCharges.csv
"Adventist HealthCare, Inc. d.b.a. Adventist HealthCare Shady Grove Medical Center",52-1532556,121,RC,ROOM/BED: Administrative Day Adolescent,inpatient,,,,discounted_cash,589.14,,,12/31/2025,52-1532556_AdventistHealthCareShadyGroveMedicalCenter_StandardCharges.csv
"Adventist HealthCare, Inc. d.b.a. Adventist HealthCare Shady Grove Medical Center",52-1532556,121,RC,ROOM/BED: Administrative Day Adolescent,inpatient,,,,min,589.14,,,12/31/2025,52-1532556_AdventistHealthCareShadyGroveMedicalCenter_StandardCharges.csv
"Adventist HealthCare, Inc. d.b.a. Adventist HealthCare Shady Grove Medical Center",52-1532556,121,RC,ROOM/BED: Administrative Day Adolescent,inpatient,,,,max,589.14,,,12/31/2025,52-1532556_AdventistHealthCareShadyGroveMedicalCenter_StandardCharges.csv
"Adventist HealthCare, Inc. d.b.a. Adventist HealthCare Shady Grove Medical Center",52-1532556,121,RC,ROOM/BED: Administrative Day Adolescent,inpatient,,All Payers,All Plans,negotiated,589.14,,other,12/31/2025,52-1532556_AdventistHealthCareShadyGroveMedicalCenter_StandardCharges.csv
"Adventist HealthCare, Inc. d.b.a. Adventist HealthCare Shady Grove Medical Center",52-1532556,121,RC,ROOM/BED: Administrative Day Geriatric,inpatient,,,,gross,589.14,,,12/31/2025,52-1532556_AdventistHealthCareShadyGroveMedicalCenter_StandardCharges.csv
"Adventist HealthCare, Inc. d.b.a. Adventist HealthCare Shady Grove Medical Center",52-1532556,121,RC,ROOM/BED: Administrative Day Geriatric,inpatient,,,,discounted_cash,589.14,,,12/31/2025,52-1532556_AdventistHealthCareShadyGroveMedicalCenter_StandardCharges.csv
"Adventist HealthCare, Inc. d.b.a. Adventist HealthCare Shady Grove Medical Center",52-1532556,121,RC,ROOM/BED: Administrative Day Geriatric,inpatient,,,,min,589.14,,,12/31/2025,52-1532556_AdventistHealthCareShadyGroveMedicalCenter_StandardCharges.csv
"Adventist HealthCare, Inc. d.b.a. Adventist HealthCare Shady Grove Medical Center",52-1532556,121,RC,ROOM/BED: Administrative Day Geriatric,inpatient,,,,max,589.14,,,12/31/2025,52-1532556_AdventistHealthCareShadyGroveMedicalCenter_StandardCharges.csv
"Adventist HealthCare, Inc. d.b.a. Adventist HealthCare Shady Grove Medical Center",52-1532556,121,RC,ROOM/BED: Administrative Day Geriatric,inpatient,,All Payers,All Plans,negotiated,589.14,,other,12/31/2025,52-1532556_AdventistHealthCareShadyGroveMedicalCenter_StandardCharges.csv
"Adventist HealthCare, Inc. d.b.a. Adventist HealthCare Shady Grove Medical Center",52-1532556,124,RC,ROOM/BED: Psych Geriatric,inpatient,,,,gross,1694.94,,,12/31/2025,52-1532556_AdventistHealthCareShadyGroveMedicalCenter_StandardCharges.csv
"Adventist HealthCare, Inc. d.b.a. Adventist HealthCare Shady Grove Medical Center",52-1532556,124,RC,ROOM/BED: Psych Geriatric,inpatient,,,,discounted_cash,1661.04,,,12/31/2025,52-1532556_AdventistHealthCareShadyGroveMedicalCenter_StandardCharges.csv
"Adventist HealthCare, Inc. d.b.a. Adventist HealthCare Shady Grove Medical Center",52-1532556,124,RC,ROOM/BED: Psych Geriatric,inpatient,,,,min,1610.19,,,12/31/2025,52-1532556_AdventistHealthCareShadyGroveMedicalCenter_StandardCharges.csv
"Adventist HealthCare, Inc. d.b.a. Adventist HealthCare Shady Grove Medical Center",52-1532556,124,RC,ROOM/BED: Psych Geriatric,inpatient,,,,max,1864.43,,,12/31/2025,52-1532556_AdventistHealthCareShadyGroveMedicalCenter_StandardCharges.csv
"Adventist HealthCare, Inc. d.b.a. Adventist HealthCare Shady Grove Medical Center",52-1532556,124,RC,ROOM/BED: Psych Geriatric,inpatient,,All Payers,All Plans,negotiated,1694.94,,other,12/31/2025,52-1532556_AdventistHealthCareShadyGroveMedicalCenter_StandardCharges.csv
"Adventist HealthCare, Inc. d.b.a. Adventist HealthCare Shady Grove Medical Center",52-1532556,124,RC,ROOM/BED: Psych IP Adolescent,inpatient,,,,gross,1694.94,,,12/31/2025,52-1532556_AdventistHealthCareShadyGroveMedicalCenter_StandardCharges.csv
"Adventist HealthCare, Inc. d.b.a. Adventist HealthCare Shady Grove Medical Center",52-1532556,124,RC,ROOM/BED: Psych IP Adolescent,inpatient,,,,discounted_cash,1661.04,,,12/31/2025,52-1532556_AdventistHealthCareShadyGroveMedicalCenter_StandardCharges.csv
"Adventist HealthCare, Inc. d.b.a. Adventist HealthCare Shady Grove Medical Center",52-1532556,124,RC,ROOM/BED: Psych IP Adolescent,inpatient,,,,min,1610.19,,,12/31/2025,52-1532556_AdventistHealthCareShadyGroveMedicalCenter_StandardCharges.csv
"Adventist HealthCare, Inc. d.b.a. Adventist HealthCare Shady Grove Medical Center",52-1532556,124,RC,ROOM/BED: Psych IP Adolescent,inpatient,,,,max,1864.43,,,12/31/2025,52-1532556_AdventistHealthCareShadyGroveMedicalCenter_StandardCharges.csv
"Adventist HealthCare, Inc. d.b.a. Adventist HealthCare Shady Grove Medical Center",52-1532556,124,RC,ROOM/BED: Psych IP Adolescent,inpatient,,All Payers,All Plans,negotiated,1694.94,,other,12/31/2025,52-1532556_AdventistHealthCareShadyGroveMedicalCenter_StandardCharges.csv
"Adventist HealthCare, Inc. d.b.a. Adventist HealthCare Shady Grove Medical Center",52-1532556,124,RC,ROOM/BED: Psych IP Adult,inpatient,,,,gross,1694.94,,,12/31/2025,52-1532556_AdventistHealthCareShadyGroveMedicalCenter_StandardCharges.csv
"Adventist HealthCare, Inc. d.b.a. Adventist HealthCare Shady Grove Medical Center",52-1532556,124,RC,ROOM/BED: Psych IP Adult,inpatient,,,,discounted_cash,1661.04,,,12/31/2025,52-1532556_AdventistHealthCareShadyGroveMedicalCenter_StandardCharges.csv
"Adventist HealthCare, Inc. d.b.a. Adventist HealthCare Shady Grove Medical Center",52-1532556,124,RC,ROOM/BED: Psych IP Adult,inpatient,,,,min,1610.19,,,12/31/2025,52-1532556_AdventistHealthCareShadyGroveMedicalCenter_StandardCharges.csv
"Adventist HealthCare, Inc. d.b.a. Adventist HealthCare Shady Grove Medical Center",52-1532556,124,RC,ROOM/BED: Psych IP Adult,inpatient,,,,max,1864.43,,,12/31/2025,52-1532556_AdventistHealthCareShadyGroveMedicalCenter_StandardCharges.csv
"Adventist HealthCare, Inc. d.b.a. Adventist HealthCare Shady Grove Medical Center",52-1532556,124,RC,ROOM/BED: Psych IP Adult,inpatient,,All Payers,All Plans,negotiated,1694.94,,other,12/31/2025,52-1532556_AdventistHealthCareShadyGroveMedicalCenter_StandardCharges.csv
"Adventist HealthCare, Inc. d.b.a. Adventist HealthCare Shady Grove Medical Center",52-1532556,124,RC,ROOM/BED: Psych Intensive,inpatient,,,,gross,1694.94,,,12/31/2025,52-1532556_AdventistHealthCareShadyGroveMedicalCenter_StandardCharges.csv
"Adventist HealthCare, Inc. d.b.a. Adventist HealthCare Shady Grove Medical Center",52-1532556,124,RC,ROOM/BED: Psych Intensive,inpatient,,,,discounted_cash,1661.04,,,12/31/2025,52-1532556_AdventistHealthCareShadyGroveMedicalCenter_StandardCharges.csv
"Adventist HealthCare, Inc. d.b.a. Adventist HealthCare Shady Grove Medical Center",52-1532556,124,RC,ROOM/BED: Psych Intensive,inpatient,,,,min,1610.19,,,12/31/2025,52-1532556_AdventistHealthCareShadyGroveMedicalCenter_StandardCharges.csv
"Adventist HealthCare, Inc. d.b.a. Adventist HealthCare Shady Grove Medical Center",52-1532556,124,RC,ROOM/BED: Psych Intensive,inpatient,,,,max,1864.43,,,12/31/2025,52-1532556_AdventistHealthCareShadyGroveMedicalCenter_StandardCharges.csv
"Adventist HealthCare, Inc. d.b.a. Adventist HealthCare Shady Grove Medical Center",52-1532556,124,RC,ROOM/BED: Psych Intensive,inpatient,,All Payers,All Plans,negotiated,1694.94,,other,12/31/2025,52-1532556_AdventistHealthCareShadyGroveMedicalCenter_StandardCharges.csv
"Adventist HealthCare, Inc. d.b.a. Adventist HealthCare Shady Grove Medical Center",52-1532556,124,RC,ROOM/BED: Psychiatrics,inpatient,,,,gross,1694.94,,,12/31/2025,52-1532556_AdventistHealthCareShadyGroveMedicalCenter_StandardCharges.csv
"Adventist HealthCare, Inc. d.b.a. Adventist HealthCare Shady Grove Medical Center",52-1532556,124,RC,ROOM/BED: Psychiatrics,inpatient,,,,discounted_cash,1661.04,,,12/31/2025,52-1532556_AdventistHealthCareShadyGroveMedicalCenter_StandardCharges.csv
"Adventist HealthCare, Inc. d.b.a. Adventist HealthCare Shady Grove Medical Center",52-1532556,124,RC,ROOM/BED: Psychiatrics,inpatient,,,,min,1610.19,,,12/31/2025,52-1532556_AdventistHealthCareShadyGroveMedicalCenter_StandardCharges.csv
"Adventist HealthCare, Inc. d.b.a. Adventist HealthCare Shady Grove Medical Center",52-1532556,124,RC,ROOM/BED: Psychiatrics,inpatient,,,,max,1864.43,,,12/31/2025,52-1532556_AdventistHealthCareShadyGroveMedicalCenter_StandardCharges.csv
"Adventist HealthCare, Inc. d.b.a. Adventist HealthCare Shady Grove Medical Center",52-1532556,124,RC,ROOM/BED: Psychiatrics,inpatient,,All Payers,All Plans,negotiated,1694.94,,other,12/31/2025,52-1532556_AdventistHealthCareShadyGroveMedicalCenter_StandardCharges.csv
"Adventist HealthCare, Inc. d.b.a. Adventist HealthCare Shady Grove Medical Center",52-1532556,122,RC,ROOM/BED: Obstetrics,inpatient,,,,gross,1130.02,,,12/31/2025,52-1532556_AdventistHealthCareShadyGroveMedicalCenter_StandardCharges.csv
"Adventist HealthCare, Inc. d.b.a. Adventist HealthCare Shady Grove Medical Center",52-1532556,122,RC,ROOM/BED: Obstetrics,inpatient,,,,discounted_cash,1107.42,,,12/31/2025,52-1532556_AdventistHealthCareShadyGroveMedicalCenter_StandardCharges.csv
"Adventist HealthCare, Inc. d.b.a. Adventist HealthCare Shady Grove Medical Center",52-1532556,122,RC,ROOM/BED: Obstetrics,inpatient,,,,min,1073.52,,,12/31/2025,52-1532556_AdventistHealthCareShadyGroveMedicalCenter_StandardCharges.csv
"Adventist HealthCare, Inc. d.b.a. Adventist HealthCare Shady Grove Medical Center",52-1532556,122,RC,ROOM/BED: Obstetrics,inpatient,,,,max,1243.02,,,12/31/2025,52-1532556_AdventistHealthCareShadyGroveMedicalCenter_StandardCharges.csv
"Adventist HealthCare, Inc. d.b.a. Adventist HealthCare Shady Grove Medical Center",52-1532556,122,RC,ROOM/BED: Obstetrics,inpatient,,All Payers,All Plans,negotiated,1130.02,,other,12/31/2025,52-1532556_AdventistHealthCareShadyGroveMedicalCenter_StandardCharges.csv
"Adventist HealthCare, Inc. d.b.a. Adventist HealthCare Shady Grove Medical Center",52-1532556,206,RC,ROOM/BED: IMCU,inpatient,,,,gross,1965.26,,,12/31/2025,52-1532556_AdventistHealthCareShadyGroveMedicalCenter_StandardCharges.csv
"Adventist HealthCare, Inc. d.b.a. Adventist HealthCare Shady Grove Medical Center",52-1532556,206,RC,ROOM/BED: IMCU,inpatient,,,,discounted_cash,1925.95,,,12/31/2025,52-1532556_AdventistHealthCareShadyGroveMedicalCenter_StandardCharges.csv
"Adventist HealthCare, Inc. d.b.a. Adventist HealthCare Shady Grove Medical Center",52-1532556,206,RC,ROOM/BED: IMCU,inpatient,,,,min,1867.0,,,12/31/2025,52-1532556_AdventistHealthCareShadyGroveMedicalCenter_StandardCharges.csv
"Adventist HealthCare, Inc. d.b.a. Adventist HealthCare Shady Grove Medical Center",52-1532556,206,RC,ROOM/BED: IMCU,inpatient,,,,max,2161.79,,,12/31/2025,52-1532556_AdventistHealthCareShadyGroveMedicalCenter_StandardCharges.csv
"Adventist HealthCare, Inc. d.b.a. Adventist HealthCare Shady Grove Medical Center",52-1532556,206,RC,ROOM/BED: IMCU,inpatient,,All Payers,All Plans,negotiated,1965.26,,other,12/31/2025,52-1532556_AdventistHealthCareShadyGroveMedicalCenter_StandardCharges.csv
"Adventist HealthCare, Inc. d.b.a. Adventist HealthCare Shady Grove Medical Center",52-1532556,210,RC,ROOM/BED: Coronary Care Unit-CCU,inpatient,,,,gross,2770.56,,,12/31/2025,52-1532556_AdventistHealthCareShadyGroveMedicalCenter_StandardCharges.csv
"Adventist HealthCare, Inc. d.b.a. Adventist HealthCare Shady Grove Medical Center",52-1532556,210,RC,ROOM/BED: Coronary Care Unit-CCU,inpatient,,,,discounted_cash,2715.15,,,12/31/2025,52-1532556_AdventistHealthCareShadyGroveMedicalCenter_StandardCharges.csv
"Adventist HealthCare, Inc. d.b.a. Adventist HealthCare Shady Grove Medical Center",52-1532556,210,RC,ROOM/BED: Coronary Care Unit-CCU,inpatient,,,,min,2632.03,,,12/31/2025,52-1532556_AdventistHealthCareShadyGroveMedicalCenter_StandardCharges.csv
"Adventist HealthCare, Inc. d.b.a. Adventist HealthCare Shady Grove Medical Center",52-1532556,210,RC,ROOM/BED: Coronary Care Unit-CCU,inpatient,,,,max,3047.62,,,12/31/2025,52-1532556_AdventistHealthCareShadyGroveMedicalCenter_StandardCharges.csv
"Adventist HealthCare, Inc. d.b.a. Adventist HealthCare Shady Grove Medical Center",52-1532556,210,RC,ROOM/BED: Coronary Care Unit-CCU,inpatient,,All Payers,All Plans,negotiated,2770.56,,other,12/31/2025,52-1532556_AdventistHealthCareShadyGroveMedicalCenter_StandardCharges.csv
"Adventist HealthCare, Inc. d.b.a. Adventist HealthCare Shady Grove Medical Center",52-1532556,202,RC,ROOM/BED: ICU,inpatient,,,,gross,2770.56,,,12/31/2025,52-1532556_AdventistHealthCareShadyGroveMedicalCenter_StandardCharges.csv
"Adventist HealthCare, Inc. d.b.a. Adventist HealthCare Shady Grove Medical Center",52-1532556,202,RC,ROOM/BED: ICU,inpatient,,,,discounted_cash,2715.15,,,12/31/2025,52-1532556_AdventistHealthCareShadyGroveMedicalCenter_StandardCharges.csv
"Adventist HealthCare, Inc. d.b.a. Adventist HealthCare Shady Grove Medical Center",52-1532556,202,RC,ROOM/BED: ICU,inpatient,,,,min,2632.03,,,12/31/2025,52-1532556_AdventistHealthCareShadyGroveMedicalCenter_StandardCharges.csv
"Adventist HealthCare, Inc. d.b.a. Adventist HealthCare Shady Grove Medical Center",52-1532556,202,RC,ROOM/BED: ICU,inpatient,,,,max,3047.62,,,12/31/2025,52-1532556_AdventistHealthCareShadyGroveMedicalCenter_StandardCharges.csv
"Adventist HealthCare, Inc. d.b.a. Adventist HealthCare Shady Grove Medical Center",52-1532556,202,RC,ROOM/BED: ICU,inpatient,,All Payers,All Plans,negotiated,2770.56,,other,12/31/2025,52-1532556_AdventistHealthCareShadyGroveMedicalCenter_StandardCharges.csv
"Adventist HealthCare, Inc. d.b.a. Adventist HealthCare Shady Grove Medical Center",52-1532556,202,RC,ROOM/BED: Special Precautions,inpatient,,,,gross,2770.56,,,12/31/2025,52-1532556_AdventistHealthCareShadyGroveMedicalCenter_StandardCharges.csv
"Adventist HealthCare, Inc. d.b.a. Adventist HealthCare Shady Grove Medical Center",52-1532556,202,RC,ROOM/BED: Special Precautions,inpatient,,,,discounted_cash,2715.15,,,12/31/2025,52-1532556_AdventistHealthCareShadyGroveMedicalCenter_StandardCharges.csv
"Adventist HealthCare, Inc. d.b.a. Adventist HealthCare Shady Grove Medical Center",52-1532556,202,RC,ROOM/BED: Special Precautions,inpatient,,,,min,2632.03,,,12/31/2025,52-1532556_AdventistHealthCareShadyGroveMedicalCenter_StandardCharges.csv
"Adventist HealthCare, Inc. d.b.a. Adventist HealthCare Shady Grove Medical Center",52-1532556,202,RC,ROOM/BED: Special Precautions,inpatient,,,,max,3047.62,,,12/31/2025,52-1532556_AdventistHealthCareShadyGroveMedicalCenter_StandardCharges.csv
"Adventist HealthCare, Inc. d.b.a. Adventist HealthCare Shady Grove Medical Center",52-1532556,202,RC,ROOM/BED: Special Precautions,inpatient,,All Payers,All Plans,negotiated,2770.56,,other,12/31/2025,52-1532556_AdventistHealthCareShadyGroveMedicalCenter_StandardCharges.csv
"Adventist HealthCare, Inc. d.b.a. Adventist HealthCare Shady Grove Medical Center",52-1532556,172,RC,ROOM/BED: NICU 2,inpatient,,,,gross,1766.83,,,12/31/2025,52-1532556_AdventistHealthCareShadyGroveMedicalCenter_StandardCharges.csv
"Adventist HealthCare, Inc. d.b.a. Adventist HealthCare Shady Grove Medical Center",52-1532556,172,RC,ROOM/BED: NICU 2,inpatient,,,,discounted_cash,1721.5,,,12/31/2025,52-1532556_AdventistHealthCareShadyGroveMedicalCenter_StandardCharges.csv
"Adventist HealthCare, Inc. d.b.a. Adventist HealthCare Shady Grove Medical Center",52-1532556,172,RC,ROOM/BED: NICU 2,inpatient,,,,min,1653.49,,,12/31/2025,52-1532556_AdventistHealthCareShadyGroveMedicalCenter_StandardCharges.csv
"Adventist HealthCare, Inc. d.b.a. Adventist HealthCare Shady Grove Medical Center",52-1532556,172,RC,ROOM/BED: NICU 2,inpatient,,,,max,1993.52,,,12/31/2025,52-1532556_AdventistHealthCareShadyGroveMedicalCenter_StandardCharges.csv
"Adventist HealthCare, Inc. d.b.a. Adventist HealthCare Shady Grove Medical Center",52-1532556,172,RC,ROOM/BED: NICU 2,inpatient,,All Payers,All Plans,negotiated,1766.83,,other,12/31/2025,52-1532556_AdventistHealthCareShadyGroveMedicalCenter_StandardCharges.csv
"Adventist HealthCare, Inc. d.b.a. Adventist HealthCare Shady Grove Medical Center",52-1532556,173,RC,ROOM/BED: NICU 3,inpatient,,,,gross,2266.83,,,12/31/2025,52-1532556_AdventistHealthCareShadyGroveMedicalCenter_StandardCharges.csv
"Adventist HealthCare, Inc. d.b.a. Adventist HealthCare Shady Grove Medical Center",52-1532556,173,RC,ROOM/BED: NICU 3,inpatient,,,,discounted_cash,2221.5,,,12/31/2025,52-1532556_AdventistHealthCareShadyGroveMedicalCenter_StandardCharges.csv
"Adventist HealthCare, Inc. d.b.a. Adventist HealthCare Shady Grove Medical Center",52-1532556,173,RC,ROOM/BED: NICU 3,inpatient,,,,min,2153.49,,,12/31/2025,52-1532556_AdventistHealthCareShadyGroveMedicalCenter_StandardCharges.csv
"Adventist HealthCare, Inc. d.b.a. Adventist HealthCare Shady Grove Medical Center",52-1532556,173,RC,ROOM/BED: NICU 3,inpatient,,,,max,2493.52,,,12/31/2025,52-1532556_AdventistHealthCareShadyGroveMedicalCenter_StandardCharges.csv
"Adventist HealthCare, Inc. d.b.a. Adventist HealthCare Shady Grove Medical Center",52-1532556,173,RC,ROOM/BED: NICU 3,inpatient,,All Payers,All Plans,negotiated,2266.83,,other,12/31/2025,52-1532556_AdventistHealthCareShadyGroveMedicalCenter_StandardCharges.csv
"Adventist HealthCare, Inc. d.b.a. Adventist HealthCare Shady Grove Medical Center",52-1532556,174,RC,ROOM/BED: NICU 4,inpatient,,,,gross,2766.83,,,12/31/2025,52-1532556_AdventistHealthCareShadyGroveMedicalCenter_StandardCharges.csv
"Adventist HealthCare, Inc. d.b.a. Adventist HealthCare Shady Grove Medical Center",52-1532556,174,RC,ROOM/BED: NICU 4,inpatient,,,,discounted_cash,2721.5,,,12/31/2025,52-1532556_AdventistHealthCareShadyGroveMedicalCenter_StandardCharges.csv
"Adventist HealthCare, Inc. d.b.a. Adventist HealthCare Shady Grove Medical Center",52-1532556,174,RC,ROOM/BED: NICU 4,inpatient,,,,min,2653.49,,,12/31/2025,52-1532556_AdventistHealthCareShadyGroveMedicalCenter_StandardCharges.csv
"Adventist HealthCare, Inc. d.b.a. Adventist HealthCare Shady Grove Medical Center",52-1532556,174,RC,ROOM/BED: NICU 4,inpatient,,,,max,2993.52,,,12/31/2025,52-1532556_AdventistHealthCareShadyGroveMedicalCenter_StandardCharges.csv
"Adventist HealthCare, Inc. d.b.a. Adventist HealthCare Shady Grove Medical Center",52-1532556,174,RC,ROOM/BED: NICU 4,inpatient,,All Payers,All Plans,negotiated,2766.83,,other,12/31/2025,52-1532556_AdventistHealthCareShadyGroveMedicalCenter_StandardCharges.csv
"Adventist HealthCare, Inc. d.b.a. Adventist HealthCare Shady Grove Medical Center",52-1532556,171,RC,ROOM/BED: Nursery,inpatient,,,,gross,1258.26,,,12/31/2025,52-1532556_AdventistHealthCareShadyGroveMedicalCenter_StandardCharges.csv
"Adventist HealthCare, Inc. d.b.a. Adventist HealthCare Shady Grove Medical Center",52-1532556,171,RC,ROOM/BED: Nursery,inpatient,,,,discounted_cash,1233.09,,,12/31/2025,52-1532556_AdventistHealthCareShadyGroveMedicalCenter_StandardCharges.csv
"Adventist HealthCare, Inc. d.b.a. Adventist HealthCare Shady Grove Medical Center",52-1532556,171,RC,ROOM/BED: Nursery,inpatient,,,,min,1195.34,,,12/31/2025,52-1532556_AdventistHealthCareShadyGroveMedicalCenter_StandardCharges.csv
"Adventist HealthCare, Inc. d.b.a. Adventist HealthCare Shady Grove Medical Center",52-1532556,171,RC,ROOM/BED: Nursery,inpatient,,,,max,1384.08,,,12/31/2025,52-1532556_AdventistHealthCareShadyGroveMedicalCenter_StandardCharges.csv
"Adventist HealthCare, Inc. d.b.a. Adventist HealthCare Shady Grove Medical Center",52-1532556,171,RC,ROOM/BED: Nursery,inpatient,,All Payers,All Plans,negotiated,1258.26,,other,12/31/2025,52-1532556_AdventistHealthCareShadyGroveMedicalCenter_StandardCharges.csv
"Adventist HealthCare, Inc. d.b.a. Adventist HealthCare Shady Grove Medical Center",52-1532556,221,RC,Admission Charge,inpatient,,,,gross,578.41,,,12/31/2025,52-1532556_AdventistHealthCareShadyGroveMedicalCenter_StandardCharges.csv
"Adventist HealthCare, Inc. d.b.a. Adventist HealthCare Shady Grove Medical Center",52-1532556,221,RC,Admission Charge,inpatient,,,,discounted_cash,566.84,,,12/31/2025,52-1532556_AdventistHealthCareShadyGroveMedicalCenter_StandardCharges.csv
"Adventist HealthCare, Inc. d.b.a. Adventist HealthCare Shady Grove Medical Center",52-1532556,221,RC,Admission Charge,inpatient,,,,min,549.49,,,12/31/2025,52-1532556_AdventistHealthCareShadyGroveMedicalCenter_StandardCharges.csv
"Adventist HealthCare, Inc. d.b.a. Adventist HealthCare Shady Grove Medical Center",52-1532556,221,RC,Admission Charge,inpatient,,,,max,636.25,,,12/31/2025,52-1532556_AdventistHealthCareShadyGroveMedicalCenter_StandardCharges.csv
"Adventist HealthCare, Inc. d.b.a. Adventist HealthCare Shady Grove Medical Center",52-1532556,221,RC,Admission Charge,inpatient,,All Payers,All Plans,negotiated,578.41,,other,12/31/2025,52-1532556_AdventistHealthCareShadyGroveMedicalCenter_StandardCharges.csv
"Adventist HealthCare, Inc. d.b.a. Adventist HealthCare Shady Grove Medical Center",52-1532556,G0378,HCPCS,ROOM/BED: Observation,outpatient,,,,gross,90.12,,,12/31/2025,52-1532556_AdventistHealthCareShadyGroveMedicalCenter_StandardCharges.csv
"Adventist HealthCare, Inc. d.b.a. Adventist HealthCare Shady Grove Medical Center",52-1532556,G0378,HCPCS,ROOM/BED: Observation,outpatient,,,,discounted_cash,88.32,,,12/31/2025,52-1532556_AdventistHealthCareShadyGroveMedicalCenter_StandardCharges.csv
"Adventist HealthCare, Inc. d.b.a. Adventist HealthCare Shady Grove Medical Center",52-1532556,G0378,HCPCS,ROOM/BED: Observation,outpatient,,,,min,85.61,,,12/31/2025,52-1532556_AdventistHealthCareShadyGroveMedicalCenter_StandardCharges.csv
"Adventist HealthCare, Inc. d.b.a. Adventist HealthCare Shady Grove Medical Center",52-1532556,G0378,HCPCS,ROOM/BED: Observation,outpatient,,,,max,99.13,,,12/31/2025,52-1532556_AdventistHealthCareShadyGroveMedicalCenter_StandardCharges.csv
"Adventist HealthCare, Inc. d.b.a. Adventist HealthCare Shady Grove Medical Center",52-1532556,G0378,HCPCS,ROOM/BED: Observation,outpatient,,All Payers,All Plans,negotiated,90.12,,other,12/31/2025,52-1532556_AdventistHealthCareShadyGroveMedicalCenter_StandardCharges.csv
"Adventist HealthCare, Inc. d.b.a. Adventist HealthCare Shady Grove Medical Center",52-1532556,99281,CPT,ED Visit Level -> Level 1 with Modifier 25,both,,,,gross,104.65,,,12/31/2025,52-1532556_AdventistHealthCareShadyGroveMedicalCenter_StandardCharges.csv
"Adventist HealthCare, Inc. d.b.a. Adventist HealthCare Shady Grove Medical Center",52-1532556,99281,CPT,ED Visit Level -> Level 1 with Modifier 25,both,,,,discounted_cash,102.56,,,12/31/2025,52-1532556_AdventistHealthCareShadyGroveMedicalCenter_StandardCharges.csv
"Adventist HealthCare, Inc. d.b.a. Adventist HealthCare Shady Grove Medical Center",52-1532556,99281,CPT,ED Visit Level -> Level 1 with Modifier 25,both,,,,min,99.42,,,12/31/2025,52-1532556_AdventistHealthCareShadyGroveMedicalCenter_StandardCharges.csv
"Adventist HealthCare, Inc. d.b.a. Adventist HealthCare Shady Grove Medical Center",52-1532556,99281,CPT,ED Visit Level -> Level 1 with Modifier 25,both,,,,max,115.11,,,12/31/2025,52-1532556_AdventistHealthCareShadyGroveMedicalCenter_StandardCharges.csv
"Adventist HealthCare, Inc. d.b.a. Adventist HealthCare Shady Grove Medical Center",52-1532556,99281,CPT,ED Visit Level -> Level 1 with Modifier 25,both,,All Payers,All Plans,negotiated,104.65,,other,12/31/2025,52-1532556_AdventistHealthCareShadyGroveMedicalCenter_StandardCharges.csv
"Adventist HealthCare, Inc. d.b.a. Adventist HealthCare Shady Grove Medical Center",52-1532556,99281,CPT,ED Visit Level -> Level 1: Brief (0<15 Minutes CCT),both,,,,gross,104.65,,,12/31/2025,52-1532556_AdventistHealthCareShadyGroveMedicalCenter_StandardCharges.csv
"Adventist HealthCare, Inc. d.b.a. Adventist HealthCare Shady Grove Medical Center",52-1532556,99281,CPT,ED Visit Level -> Level 1: Brief (0<15 Minutes CCT),both,,,,discounted_cash,102.56,,,12/31/2025,52-1532556_AdventistHealthCareShadyGroveMedicalCenter_StandardCharges.csv
"Adventist HealthCare, Inc. d.b.a. Adventist HealthCare Shady Grove Medical Center",52-1532556,99281,CPT,ED Visit Level -> Level 1: Brief (0<15 Minutes CCT),both,,,,min,99.42,,,12/31/2025,52-1532556_AdventistHealthCareShadyGroveMedicalCenter_StandardCharges.csv
"Adventist HealthCare, Inc. d.b.a. Adventist HealthCare Shady Grove Medical Center",52-1532556,99281,CPT,ED Visit Level -> Level 1: Brief (0<15 Minutes CCT),both,,,,max,115.11,,,12/31/2025,52-1532556_AdventistHealthCareShadyGroveMedicalCenter_StandardCharges.csv
"Adventist HealthCare, Inc. d.b.a. Adventist HealthCare Shady Grove Medical Center",52-1532556,99281,CPT,ED Visit Level -> Level 1: Brief (0<15 Minutes CCT),both,,All Payers,All Plans,negotiated,104.65,,other,12/31/2025,52-1532556_AdventistHealthCareShadyGroveMedicalCenter_StandardCharges.csv
"Adventist HealthCare, Inc. d.b.a. Adventist HealthCare Shady Grove Medical Center",52-1532556,99282,CPT,ED Visit Level -> Level 2 with Modifier 25,both,,,,gross,209.3,,,12/31/2025,52-1532556_AdventistHealthCareShadyGroveMedicalCenter_StandardCharges.csv
"Adventist HealthCare, Inc. d.b.a. Adventist HealthCare Shady Grove Medical Center",52-1532556,99282,CPT,ED Visit Level -> Level 2 with Modifier 25,both,,,,discounted_cash,205.11,,,12/31/2025,52-1532556_AdventistHealthCareShadyGroveMedicalCenter_StandardCharges.csv
"Adventist HealthCare, Inc. d.b.a. Adventist HealthCare Shady Grove Medical Center",52-1532556,99282,CPT,ED Visit Level -> Level 2 with Modifier 25,both,,,,min,198.83,,,12/31/2025,52-1532556_AdventistHealthCareShadyGroveMedicalCenter_StandardCharges.csv
"Adventist HealthCare, Inc. d.b.a. Adventist HealthCare Shady Grove Medical Center",52-1532556,99282,CPT,ED Visit Level -> Level 2 with Modifier 25,both,,,,max,230.23,,,12/31/2025,52-1532556_AdventistHealthCareShadyGroveMedicalCenter_StandardCharges.csv
"Adventist HealthCare, Inc. d.b.a. Adventist HealthCare Shady Grove Medical Center",52-1532556,99282,CPT,ED Visit Level -> Level 2 with Modifier 25,both,,All Payers,All Plans,negotiated,209.3,,other,12/31/2025,52-1532556_AdventistHealthCareShadyGroveMedicalCenter_StandardCharges.csv
"Adventist HealthCare, Inc. d.b.a. Adventist HealthCare Shady Grove Medical Center",52-1532556,99282,CPT,ED Visit Level -> Level 2: Intermediate (15<30 Minutes CCT),both,,,,gross,209.3,,,12/31/2025,52-1532556_AdventistHealthCareShadyGroveMedicalCenter_StandardCharges.csv
"Adventist HealthCare, Inc. d.b.a. Adventist HealthCare Shady Grove Medical Center",52-1532556,99282,CPT,ED Visit Level -> Level 2: Intermediate (15<30 Minutes CCT),both,,,,discounted_cash,205.11,,,12/31/2025,52-1532556_AdventistHealthCareShadyGroveMedicalCenter_StandardCharges.csv
"Adventist HealthCare, Inc. d.b.a. Adventist HealthCare Shady Grove Medical Center",52-1532556,99282,CPT,ED Visit Level -> Level 2: Intermediate (15<30 Minutes CCT),both,,,,min,198.83,,,12/31/2025,52-1532556_AdventistHealthCareShadyGroveMedicalCenter_StandardCharges.csv
"Adventist HealthCare, Inc. d.b.a. Adventist HealthCare Shady Grove Medical Center",52-1532556,99282,CPT,ED Visit Level -> Level 2: Intermediate (15<30 Minutes CCT),both,,,,max,230.23,,,12/31/2025,52-1532556_AdventistHealthCareShadyGroveMedicalCenter_StandardCharges.csv
"Adventist HealthCare, Inc. d.b.a. Adventist HealthCare Shady Grove Medical Center",52-1532556,99282,CPT,ED Visit Level -> Level 2: Intermediate (15<30 Minutes CCT),both,,All Payers,All Plans,negotiated,209.3,,other,12/31/2025,52-1532556_AdventistHealthCareShadyGroveMedicalCenter_StandardCharges.csv
"Adventist HealthCare, Inc. d.b.a. Adventist HealthCare Shady Grove Medical Center",52-1532556,99283,CPT,ED Visit Level -> Level 3 with Modifier 25,both,,,,gross,313.95,,,12/31/2025,52-1532556_AdventistHealthCareShadyGroveMedicalCenter_StandardCharges.csv
"Adventist HealthCare, Inc. d.b.a. Adventist HealthCare Shady Grove Medical Center",52-1532556,99283,CPT,ED Visit Level -> Level 3 with Modifier 25,both,,,,discounted_cash,307.67,,,12/31/2025,52-1532556_AdventistHealthCareShadyGroveMedicalCenter_StandardCharges.csv
"Adventist HealthCare, Inc. d.b.a. Adventist HealthCare Shady Grove Medical Center",52-1532556,99283,CPT,ED Visit Level -> Level 3 with Modifier 25,both,,,,min,298.25,,,12/31/2025,52-1532556_AdventistHealthCareShadyGroveMedicalCenter_StandardCharges.csv
"Adventist HealthCare, Inc. d.b.a. Adventist HealthCare Shady Grove Medical Center",52-1532556,99283,CPT,ED Visit Level -> Level 3 with Modifier 25,both,,,,max,345.34,,,12/31/2025,52-1532556_AdventistHealthCareShadyGroveMedicalCenter_StandardCharges.csv
"Adventist HealthCare, Inc. d.b.a. Adventist HealthCare Shady Grove Medical Center",52-1532556,99283,CPT,ED Visit Level -> Level 3 with Modifier 25,both,,All Payers,All Plans,negotiated,313.95,,other,12/31/2025,52-1532556_AdventistHealthCareShadyGroveMedicalCenter_StandardCharges.csv
"Adventist HealthCare, Inc. d.b.a. Adventist HealthCare Shady Grove Medical Center",52-1532556,99283,CPT,ED Visit Level -> Level 3: Extended (30<60 Minutes CCT),both,,,,gross,313.95,,,12/31/2025,52-1532556_AdventistHealthCareShadyGroveMedicalCenter_StandardCharges.csv
"Adventist HealthCare, Inc. d.b.a. Adventist HealthCare Shady Grove Medical Center",52-1532556,99283,CPT,ED Visit Level -> Level 3: Extended (30<60 Minutes CCT),both,,,,discounted_cash,307.67,,,12/31/2025,52-1532556_AdventistHealthCareShadyGroveMedicalCenter_StandardCharges.csv
"Adventist HealthCare, Inc. d.b.a. Adventist HealthCare Shady Grove Medical Center",52-1532556,99283,CPT,ED Visit Level -> Level 3: Extended (30<60 Minutes CCT),both,,,,min,298.25,,,12/31/2025,52-1532556_AdventistHealthCareShadyGroveMedicalCenter_StandardCharges.csv
"Adventist HealthCare, Inc. d.b.a. Adventist HealthCare Shady Grove Medical Center",52-1532556,99283,CPT,ED Visit Level -> Level 3: Extended (30<60 Minutes CCT),both,,,,max,345.34,,,12/31/2025,52-1532556_AdventistHealthCareShadyGroveMedicalCenter_StandardCharges.csv
"Adventist HealthCare, Inc. d.b.a. Adventist HealthCare Shady Grove Medical Center",52-1532556,99283,CPT,ED Visit Level -> Level 3: Extended (30<60 Minutes CCT),both,,All Payers,All Plans,negotiated,313.95,,other,12/31/2025,52-1532556_AdventistHealthCareShadyGroveMedicalCenter_StandardCharges.csv
"Adventist HealthCare, Inc. d.b.a. Adventist HealthCare Shady Grove Medical Center",52-1532556,99284,CPT,ED Visit Level -> Level 4 with Modifier 25,both,,,,gross,523.24,,,12/31/2025,52-1532556_AdventistHealthCareShadyGroveMedicalCenter_StandardCharges.csv
"Adventist HealthCare, Inc. d.b.a. Adventist HealthCare Shady Grove Medical Center",52-1532556,99284,CPT,ED Visit Level -> Level 4 with Modifier 25,both,,,,discounted_cash,512.78,,,12/31/2025,52-1532556_AdventistHealthCareShadyGroveMedicalCenter_StandardCharges.csv
"Adventist HealthCare, Inc. d.b.a. Adventist HealthCare Shady Grove Medical Center",52-1532556,99284,CPT,ED Visit Level -> Level 4 with Modifier 25,both,,,,min,497.08,,,12/31/2025,52-1532556_AdventistHealthCareShadyGroveMedicalCenter_StandardCharges.csv
"Adventist HealthCare, Inc. d.b.a. Adventist HealthCare Shady Grove Medical Center",52-1532556,99284,CPT,ED Visit Level -> Level 4 with Modifier 25,both,,,,max,575.57,,,12/31/2025,52-1532556_AdventistHealthCareShadyGroveMedicalCenter_StandardCharges.csv
"Adventist HealthCare, Inc. d.b.a. Adventist HealthCare Shady Grove Medical Center",52-1532556,99284,CPT,ED Visit Level -> Level 4 with Modifier 25,both,,All Payers,All Plans,negotiated,523.24,,other,12/31/2025,52-1532556_AdventistHealthCareShadyGroveMedicalCenter_StandardCharges.csv
"Adventist HealthCare, Inc. d.b.a. Adventist HealthCare Shady Grove Medical Center",52-1532556,99284,CPT,ED Visit Level -> Level 4: Intensive (60<120 Minutes CCT),both,,,,gross,523.24,,,12/31/2025,52-1532556_AdventistHealthCareShadyGroveMedicalCenter_StandardCharges.csv
"Adventist HealthCare, Inc. d.b.a. Adventist HealthCare Shady Grove Medical Center",52-1532556,99284,CPT,ED Visit Level -> Level 4: Intensive (60<120 Minutes CCT),both,,,,discounted_cash,512.78,,,12/31/2025,52-1532556_AdventistHealthCareShadyGroveMedicalCenter_StandardCharges.csv
"Adventist HealthCare, Inc. d.b.a. Adventist HealthCare Shady Grove Medical Center",52-1532556,99284,CPT,ED Visit Level -> Level 4: Intensive (60<120 Minutes CCT),both,,,,min,497.08,,,12/31/2025,52-1532556_AdventistHealthCareShadyGroveMedicalCenter_StandardCharges.csv
"Adventist HealthCare, Inc. d.b.a. Adventist HealthCare Shady Grove Medical Center",52-1532556,99284,CPT,ED Visit Level -> Level 4: Intensive (60<120 Minutes CCT),both,,,,max,575.57,,,12/31/2025,52-1532556_AdventistHealthCareShadyGroveMedicalCenter_StandardCharges.csv
"Adventist HealthCare, Inc. d.b.a. Adventist HealthCare Shady Grove Medical Center",52-1532556,99284,CPT,ED Visit Level -> Level 4: Intensive (60<120 Minutes CCT),both,,All Payers,All Plans,negotiated,523.24,,other,12/31/2025,52-1532556_AdventistHealthCareShadyGroveMedicalCenter_StandardCharges.csv
"Adventist HealthCare, Inc. d.b.a. Adventist HealthCare Shady Grove Medical Center",52-1532556,99285,CPT,ED Visit Level -> Level 5 with Modifier 25,both,,,,gross,837.19,,,12/31/2025,52-1532556_AdventistHealthCareShadyGroveMedicalCenter_StandardCharges.csv
"Adventist HealthCare, Inc. d.b.a. Adventist HealthCare Shady Grove Medical Center",52-1532556,99285,CPT,ED Visit Level -> Level 5 with Modifier 25,both,,,,discounted_cash,820.44,,,12/31/2025,52-1532556_AdventistHealthCareShadyGroveMedicalCenter_StandardCharges.csv
"Adventist HealthCare, Inc. d.b.a. Adventist HealthCare Shady Grove Medical Center",52-1532556,99285,CPT,ED Visit Level -> Level 5 with Modifier 25,both,,,,min,795.33,,,12/31/2025,52-1532556_AdventistHealthCareShadyGroveMedicalCenter_StandardCharges.csv
"Adventist HealthCare, Inc. d.b.a. Adventist HealthCare Shady Grove Medical Center",52-1532556,99285,CPT,ED Visit Level -> Level 5 with Modifier 25,both,,,,max,920.91,,,12/31/2025,52-1532556_AdventistHealthCareShadyGroveMedicalCenter_StandardCharges.csv
"Adventist HealthCare, Inc. d.b.a. Adventist HealthCare Shady Grove Medical Center",52-1532556,99285,CPT,ED Visit Level -> Level 5 with Modifier 25,both,,All Payers,All Plans,negotiated,837.19,,other,12/31/2025,52-1532556_AdventistHealthCareShadyGroveMedicalCenter_StandardCharges.csv
"Adventist HealthCare, Inc. d.b.a. Adventist HealthCare Shady Grove Medical Center",52-1532556,99285,CPT,ED Visit Level -> Level 5: Comprehensive (120 Minutes or Longer CCT),both,,,,gross,837.19,,,12/31/2025,52-1532556_AdventistHealthCareShadyGroveMedicalCenter_StandardCharges.csv
"Adventist HealthCare, Inc. d.b.a. Adventist HealthCare Shady Grove Medical Center",52-1532556,99285,CPT,ED Visit Level -> Level 5: Comprehensive (120 Minutes or Longer CCT),both,,,,discounted_cash,820.44,,,12/31/2025,52-1532556_AdventistHealthCareShadyGroveMedicalCenter_StandardCharges.csv
"Adventist HealthCare, Inc. d.b.a. Adventist HealthCare Shady Grove Medical Center",52-1532556,99285,CPT,ED Visit Level -> Level 5: Comprehensive (120 Minutes or Longer CCT),both,,,,min,795.33,,,12/31/2025,52-1532556_AdventistHealthCareShadyGroveMedicalCenter_StandardCharges.csv
"Adventist HealthCare, Inc. d.b.a. Adventist HealthCare Shady Grove Medical Center",52-1532556,99285,CPT,ED Visit Level -> Level 5: Comprehensive (120 Minutes or Longer CCT),both,,,,max,920.91,,,12/31/2025,52-1532556_AdventistHealthCareShadyGroveMedicalCenter_StandardCharges.csv
"Adventist HealthCare, Inc. d.b.a. Adventist HealthCare Shady Grove Medical Center",52-1532556,99285,CPT,ED Visit Level -> Level 5: Comprehensive (120 Minutes or Longer CCT),both,,All Payers,All Plans,negotiated,837.19,,other,12/31/2025,52-1532556_AdventistHealthCareShadyGroveMedicalCenter_StandardCharges.csv
"Adventist HealthCare, Inc. d.b.a. Adventist HealthCare Shady Grove Medical Center",52-1532556,450,RC,ED Extended Care Time (Transfers),both,,,,gross,104.65,,,12/31/2025,52-1532556_AdventistHealthCareShadyGroveMedicalCenter_StandardCharges.csv
"Adventist HealthCare, Inc. d.b.a. Adventist HealthCare Shady Grove Medical Center",52-1532556,450,RC,ED Extended Care Time (Transfers),both,,,,discounted_cash,102.56,,,12/31/2025,52-1532556_AdventistHealthCareShadyGroveMedicalCenter_StandardCharges.csv
"Adventist HealthCare, Inc. d.b.a. Adventist HealthCare Shady Grove Medical Center",52-1532556,450,RC,ED Extended Care Time (Transfers),both,,,,min,99.42,,,12/31/2025,52-1532556_AdventistHealthCareShadyGroveMedicalCenter_StandardCharges.csv
"Adventist HealthCare, Inc. d.b.a. Adventist HealthCare Shady Grove Medical Center",52-1532556,450,RC,ED Extended Care Time (Transfers),both,,,,max,115.11,,,12/31/2025,52-1532556_AdventistHealthCareShadyGroveMedicalCenter_StandardCharges.csv
"Adventist HealthCare, Inc. d.b.a. Adventist HealthCare Shady Grove Medical Center",52-1532556,450,RC,ED Extended Care Time (Transfers),both,,All Payers,All Plans,negotiated,104.65,,other,12/31/2025,52-1532556_AdventistHealthCareShadyGroveMedicalCenter_StandardCharges.csv
"Adventist HealthCare, Inc. d.b.a. Adventist HealthCare Shady Grove Medical Center",52-1532556,99215,CPT,BH CD Chg E&M - Established -> BH Chg E&M - Established: Level 5,outpatient,,,,gross,316.99,,,12/31/2025,52-1532556_AdventistHealthCareShadyGroveMedicalCenter_StandardCharges.csv
"Adventist HealthCare, Inc. d.b.a. Adventist HealthCare Shady Grove Medical Center",52-1532556,99215,CPT,BH CD Chg E&M - Established -> BH Chg E&M - Established: Level 5,outpatient,,,,discounted_cash,310.65,,,12/31/2025,52-1532556_AdventistHealthCareShadyGroveMedicalCenter_StandardCharges.csv
"Adventist HealthCare, Inc. d.b.a. Adventist HealthCare Shady Grove Medical Center",52-1532556,99215,CPT,BH CD Chg E&M - Established -> BH Chg E&M - Established: Level 5,outpatient,,,,min,301.15,,,12/31/2025,52-1532556_AdventistHealthCareShadyGroveMedicalCenter_StandardCharges.csv
"Adventist HealthCare, Inc. d.b.a. Adventist HealthCare Shady Grove Medical Center",52-1532556,99215,CPT,BH CD Chg E&M - Established -> BH Chg E&M - Established: Level 5,outpatient,,,,max,348.69,,,12/31/2025,52-1532556_AdventistHealthCareShadyGroveMedicalCenter_StandardCharges.csv
"Adventist HealthCare, Inc. d.b.a. Adventist HealthCare Shady Grove Medical Center",52-1532556,99215,CPT,BH CD Chg E&M - Established -> BH Chg E&M - Established: Level 5,outpatient,,All Payers,All Plans,negotiated,316.99,,other,12/31/2025,52-1532556_AdventistHealthCareShadyGroveMedicalCenter_StandardCharges.csv
"Adventist HealthCare, Inc. d.b.a. Adventist HealthCare Shady Grove Medical Center",52-1532556,99214,CPT,BH CD Chg E&M - Established -> BH Chg E&M - Established: Level 4,outpatient,,,,gross,264.16,,,12/31/2025,52-1532556_AdventistHealthCareShadyGroveMedicalCenter_StandardCharges.csv
"Adventist HealthCare, Inc. d.b.a. Adventist HealthCare Shady Grove Medical Center",52-1532556,99214,CPT,BH CD Chg E&M - Established -> BH Chg E&M - Established: Level 4,outpatient,,,,discounted_cash,258.88,,,12/31/2025,52-1532556_AdventistHealthCareShadyGroveMedicalCenter_StandardCharges.csv
"Adventist HealthCare, Inc. d.b.a. Adventist HealthCare Shady Grove Medical Center",52-1532556,99214,CPT,BH CD Chg E&M - Established -> BH Chg E&M - Established: Level 4,outpatient,,,,min,250.95,,,12/31/2025,52-1532556_AdventistHealthCareShadyGroveMedicalCenter_StandardCharges.csv
"Adventist HealthCare, Inc. d.b.a. Adventist HealthCare Shady Grove Medical Center",52-1532556,99214,CPT,BH CD Chg E&M - Established -> BH Chg E&M - Established: Level 4,outpatient,,,,max,290.58,,,12/31/2025,52-1532556_AdventistHealthCareShadyGroveMedicalCenter_StandardCharges.csv
"Adventist HealthCare, Inc. d.b.a. Adventist HealthCare Shady Grove Medical Center",52-1532556,99214,CPT,BH CD Chg E&M - Established -> BH Chg E&M - Established: Level 4,outpatient,,All Payers,All Plans,negotiated,264.16,,other,12/31/2025,52-1532556_AdventistHealthCareShadyGroveMedicalCenter_StandardCharges.csv
"Adventist HealthCare, Inc. d.b.a. Adventist HealthCare Shady Grove Medical Center",52-1532556,99213,CPT,BH CD Chg E&M - Established -> BH Chg E&M - Established: Level 3,outpatient,,,,gross,211.33,,,12/31/2025,52-1532556_AdventistHealthCareShadyGroveMedicalCenter_StandardCharges.csv
"Adventist HealthCare, Inc. d.b.a. Adventist HealthCare Shady Grove Medical Center",52-1532556,99213,CPT,BH CD Chg E&M - Established -> BH Chg E&M - Established: Level 3,outpatient,,,,discounted_cash,207.1,,,12/31/2025,52-1532556_AdventistHealthCareShadyGroveMedicalCenter_StandardCharges.csv
"Adventist HealthCare, Inc. d.b.a. Adventist HealthCare Shady Grove Medical Center",52-1532556,99213,CPT,BH CD Chg E&M - Established -> BH Chg E&M - Established: Level 3,outpatient,,,,min,200.76,,,12/31/2025,52-1532556_AdventistHealthCareShadyGroveMedicalCenter_StandardCharges.csv
"Adventist HealthCare, Inc. d.b.a. Adventist HealthCare Shady Grove Medical Center",52-1532556,99213,CPT,BH CD Chg E&M - Established -> BH Chg E&M - Established: Level 3,outpatient,,,,max,232.46,,,12/31/2025,52-1532556_AdventistHealthCareShadyGroveMedicalCenter_StandardCharges.csv
"Adventist HealthCare, Inc. d.b.a. Adventist HealthCare Shady Grove Medical Center",52-1532556,99213,CPT,BH CD Chg E&M - Established -> BH Chg E&M - Established: Level 3,outpatient,,All Payers,All Plans,negotiated,211.33,,other,12/31/2025,52-1532556_AdventistHealthCareShadyGroveMedicalCenter_StandardCharges.csv
"Adventist HealthCare, Inc. d.b.a. Adventist HealthCare Shady Grove Medical Center",52-1532556,99212,CPT,BH CD Chg E&M - Established -> BH Chg E&M - Established: Level 2,outpatient,,,,gross,158.5,,,12/31/2025,52-1532556_AdventistHealthCareShadyGroveMedicalCenter_StandardCharges.csv
"Adventist HealthCare, Inc. d.b.a. Adventist HealthCare Shady Grove Medical Center",52-1532556,99212,CPT,BH CD Chg E&M - Established -> BH Chg E&M - Established: Level 2,outpatient,,,,discounted_cash,155.33,,,12/31/2025,52-1532556_AdventistHealthCareShadyGroveMedicalCenter_StandardCharges.csv
"Adventist HealthCare, Inc. d.b.a. Adventist HealthCare Shady Grove Medical Center",52-1532556,99212,CPT,BH CD Chg E&M - Established -> BH Chg E&M - Established: Level 2,outpatient,,,,min,150.57,,,12/31/2025,52-1532556_AdventistHealthCareShadyGroveMedicalCenter_StandardCharges.csv
"Adventist HealthCare, Inc. d.b.a. Adventist HealthCare Shady Grove Medical Center",52-1532556,99212,CPT,BH CD Chg E&M - Established -> BH Chg E&M - Established: Level 2,outpatient,,,,max,174.35,,,12/31/2025,52-1532556_AdventistHealthCareShadyGroveMedicalCenter_StandardCharges.csv
"Adventist HealthCare, Inc. d.b.a. Adventist HealthCare Shady Grove Medical Center",52-1532556,99212,CPT,BH CD Chg E&M - Established -> BH Chg E&M - Established: Level 2,outpatient,,All Payers,All Plans,negotiated,158.5,,other,12/31/2025,52-1532556_AdventistHealthCareShadyGroveMedicalCenter_StandardCharges.csv
"Adventist HealthCare, Inc. d.b.a. Adventist HealthCare Shady Grove Medical Center",52-1532556,99211,CPT,BH CD Chg E&M - Established -> BH Chg E&M - Established: Level 1,outpatient,,,,gross,105.66,,,12/31/2025,52-1532556_AdventistHealthCareShadyGroveMedicalCenter_StandardCharges.csv
"Adventist HealthCare, Inc. d.b.a. Adventist HealthCare Shady Grove Medical Center",52-1532556,99211,CPT,BH CD Chg E&M - Established -> BH Chg E&M - Established: Level 1,outpatient,,,,discounted_cash,103.55,,,12/31/2025,52-1532556_AdventistHealthCareShadyGroveMedicalCenter_StandardCharges.csv
"Adventist HealthCare, Inc. d.b.a. Adventist HealthCare Shady Grove Medical Center",52-1532556,99211,CPT,BH CD Chg E&M - Established -> BH Chg E&M - Established: Level 1,outpatient,,,,min,100.38,,,12/31/2025,52-1532556_AdventistHealthCareShadyGroveMedicalCenter_StandardCharges.csv
"Adventist HealthCare, Inc. d.b.a. Adventist HealthCare Shady Grove Medical Center",52-1532556,99211,CPT,BH CD Chg E&M - Established -> BH Chg E&M - Established: Level 1,outpatient,,,,max,116.23,,,12/31/2025,52-1532556_AdventistHealthCareShadyGroveMedicalCenter_StandardCharges.csv
"Adventist HealthCare, Inc. d.b.a. Adventist HealthCare Shady Grove Medical Center",52-1532556,99211,CPT,BH CD Chg E&M - Established -> BH Chg E&M - Established: Level 1,outpatient,,All Payers,All Plans,negotiated,105.66,,other,12/31/2025,52-1532556_AdventistHealthCareShadyGroveMedicalCenter_StandardCharges.csv
"Adventist HealthCare, Inc. d.b.a. Adventist HealthCare Shady Grove Medical Center",52-1532556,99205,CPT,BH CD Chg E&M - New -> BH Chg E&M - New: Level 5,outpatient,,,,gross,316.99,,,12/31/2025,52-1532556_AdventistHealthCareShadyGroveMedicalCenter_StandardCharges.csv
"Adventist HealthCare, Inc. d.b.a. Adventist HealthCare Shady Grove Medical Center",52-1532556,99205,CPT,BH CD Chg E&M - New -> BH Chg E&M - New: Level 5,outpatient,,,,discounted_cash,310.65,,,12/31/2025,52-1532556_AdventistHealthCareShadyGroveMedicalCenter_StandardCharges.csv
"Adventist HealthCare, Inc. d.b.a. Adventist HealthCare Shady Grove Medical Center",52-1532556,99205,CPT,BH CD Chg E&M - New -> BH Chg E&M - New: Level 5,outpatient,,,,min,301.15,,,12/31/2025,52-1532556_AdventistHealthCareShadyGroveMedicalCenter_StandardCharges.csv
"Adventist HealthCare, Inc. d.b.a. Adventist HealthCare Shady Grove Medical Center",52-1532556,99205,CPT,BH CD Chg E&M - New -> BH Chg E&M - New: Level 5,outpatient,,,,max,348.69,,,12/31/2025,52-1532556_AdventistHealthCareShadyGroveMedicalCenter_StandardCharges.csv
"Adventist HealthCare, Inc. d.b.a. Adventist HealthCare Shady Grove Medical Center",52-1532556,99205,CPT,BH CD Chg E&M - New -> BH Chg E&M - New: Level 5,outpatient,,All Payers,All Plans,negotiated,316.99,,other,12/31/2025,52-1532556_AdventistHealthCareShadyGroveMedicalCenter_StandardCharges.csv
"Adventist HealthCare, Inc. d.b.a. Adventist HealthCare Shady Grove Medical Center",52-1532556,99204,CPT,BH CD Chg E&M - New -> BH Chg E&M - New: Level 4,outpatient,,,,gross,264.16,,,12/31/2025,52-1532556_AdventistHealthCareShadyGroveMedicalCenter_StandardCharges.csv
"Adventist HealthCare, Inc. d.b.a. Adventist HealthCare Shady Grove Medical Center",52-1532556,99204,CPT,BH CD Chg E&M - New -> BH Chg E&M - New: Level 4,outpatient,,,,discounted_cash,258.88,,,12/31/2025,52-1532556_AdventistHealthCareShadyGroveMedicalCenter_StandardCharges.csv
"Adventist HealthCare, Inc. d.b.a. Adventist HealthCare Shady Grove Medical Center",52-1532556,99204,CPT,BH CD Chg E&M - New -> BH Chg E&M - New: Level 4,outpatient,,,,min,250.95,,,12/31/2025,52-1532556_AdventistHealthCareShadyGroveMedicalCenter_StandardCharges.csv
"Adventist HealthCare, Inc. d.b.a. Adventist HealthCare Shady Grove Medical Center",52-1532556,99204,CPT,BH CD Chg E&M - New -> BH Chg E&M - New: Level 4,outpatient,,,,max,290.58,,,12/31/2025,52-1532556_AdventistHealthCareShadyGroveMedicalCenter_StandardCharges.csv
"Adventist HealthCare, Inc. d.b.a. Adventist HealthCare Shady Grove Medical Center",52-1532556,99204,CPT,BH CD Chg E&M - New -> BH Chg E&M - New: Level 4,outpatient,,All Payers,All Plans,negotiated,264.16,,other,12/31/2025,52-1532556_AdventistHealthCareShadyGroveMedicalCenter_StandardCharges.csv
"Adventist HealthCare, Inc. d.b.a. Adventist HealthCare Shady Grove Medical Center",52-1532556,99203,CPT,BH CD Chg E&M - New -> BH Chg E&M - New: Level 3,outpatient,,,,gross,211.33,,,12/31/2025,52-1532556_AdventistHealthCareShadyGroveMedicalCenter_StandardCharges.csv
"Adventist HealthCare, Inc. d.b.a. Adventist HealthCare Shady Grove Medical Center",52-1532556,99203,CPT,BH CD Chg E&M - New -> BH Chg E&M - New: Level 3,outpatient,,,,discounted_cash,207.1,,,12/31/2025,52-1532556_AdventistHealthCareShadyGroveMedicalCenter_StandardCharges.csv
"Adventist HealthCare, Inc. d.b.a. Adventist HealthCare Shady Grove Medical Center",52-1532556,99203,CPT,BH CD Chg E&M - New -> BH Chg E&M - New: Level 3,outpatient,,,,min,200.76,,,12/31/2025,52-1532556_AdventistHealthCareShadyGroveMedicalCenter_StandardCharges.csv
"Adventist HealthCare, Inc. d.b.a. Adventist HealthCare Shady Grove Medical Center",52-1532556,99203,CPT,BH CD Chg E&M - New -> BH Chg E&M - New: Level 3,outpatient,,,,max,232.46,,,12/31/2025,52-1532556_AdventistHealthCareShadyGroveMedicalCenter_StandardCharges.csv
"Adventist HealthCare, Inc. d.b.a. Adventist HealthCare Shady Grove Medical Center",52-1532556,99203,CPT,BH CD Chg E&M - New -> BH Chg E&M - New: Level 3,outpatient,,All Payers,All Plans,negotiated,211.33,,other,12/31/2025,52-1532556_AdventistHealthCareShadyGroveMedicalCenter_StandardCharges.csv
"Adventist HealthCare, Inc. d.b.a. Adventist HealthCare Shady Grove Medical Center",52-1532556,99202,CPT,BH CD Chg E&M - New -> BH Chg E&M - New: Level 2,outpatient,,,,gross,158.5,,,12/31/2025,52-1532556_AdventistHealthCareShadyGroveMedicalCenter_StandardCharges.csv
"Adventist HealthCare, Inc. d.b.a. Adventist HealthCare Shady Grove Medical Center",52-1532556,99202,CPT,BH CD Chg E&M - New -> BH Chg E&M - New: Level 2,outpatient,,,,discounted_cash,155.33,,,12/31/2025,52-1532556_AdventistHealthCareShadyGroveMedicalCenter_StandardCharges.csv
"Adventist HealthCare, Inc. d.b.a. Adventist HealthCare Shady Grove Medical Center",52-1532556,99202,CPT,BH CD Chg E&M - New -> BH Chg E&M - New: Level 2,outpatient,,,,min,150.57,,,12/31/2025,52-1532556_AdventistHealthCareShadyGroveMedicalCenter_StandardCharges.csv
"Adventist HealthCare, Inc. d.b.a. Adventist HealthCare Shady Grove Medical Center",52-1532556,99202,CPT,BH CD Chg E&M - New -> BH Chg E&M - New: Level 2,outpatient,,,,max,174.35,,,12/31/2025,52-1532556_AdventistHealthCareShadyGroveMedicalCenter_StandardCharges.csv
"Adventist HealthCare, Inc. d.b.a. Adventist HealthCare Shady Grove Medical Center",52-1532556,99202,CPT,BH CD Chg E&M - New -> BH Chg E&M - New: Level 2,outpatient,,All Payers,All Plans,negotiated,158.5,,other,12/31/2025,52-1532556_AdventistHealthCareShadyGroveMedicalCenter_StandardCharges.csv
"Adventist HealthCare, Inc. d.b.a. Adventist HealthCare Shady Grove Medical Center",52-1532556,99211,CPT,BH CD Chg E&M - New -> BH Chg E&M - New: Level 1,outpatient,,,,gross,105.66,,,12/31/2025,52-1532556_AdventistHealthCareShadyGroveMedicalCenter_StandardCharges.csv
"Adventist HealthCare, Inc. d.b.a. Adventist HealthCare Shady Grove Medical Center",52-1532556,99211,CPT,BH CD Chg E&M - New -> BH Chg E&M - New: Level 1,outpatient,,,,discounted_cash,103.55,,,12/31/2025,52-1532556_AdventistHealthCareShadyGroveMedicalCenter_StandardCharges.csv
"Adventist HealthCare, Inc. d.b.a. Adventist HealthCare Shady Grove Medical Center",52-1532556,99211,CPT,BH CD Chg E&M - New -> BH Chg E&M - New: Level 1,outpatient,,,,min,100.38,,,12/31/2025,52-1532556_AdventistHealthCareShadyGroveMedicalCenter_StandardCharges.csv
"Adventist HealthCare, Inc. d.b.a. Adventist HealthCare Shady Grove Medical Center",52-1532556,99211,CPT,BH CD Chg E&M - New -> BH Chg E&M - New: Level 1,outpatient,,,,max,116.23,,,12/31/2025,52-1532556_AdventistHealthCareShadyGroveMedicalCenter_StandardCharges.csv
"Adventist HealthCare, Inc. d.b.a. Adventist HealthCare Shady Grove Medical Center",52-1532556,99211,CPT,BH CD Chg E&M - New -> BH Chg E&M - New: Level 1,outpatient,,All Payers,All Plans,negotiated,105.66,,other,12/31/2025,52-1532556_AdventistHealthCareShadyGroveMedicalCenter_StandardCharges.csv
"Adventist HealthCare, Inc. d.b.a. Adventist HealthCare Shady Grove Medical Center",52-1532556,90846,CPT,BH CD Chg Family Therapy W/O Patient,outpatient,,,,gross,211.33,,,12/31/2025,52-1532556_AdventistHealthCareShadyGroveMedicalCenter_StandardCharges.csv
"Adventist HealthCare, Inc. d.b.a. Adventist HealthCare Shady Grove Medical Center",52-1532556,90846,CPT,BH CD Chg Family Therapy W/O Patient,outpatient,,,,discounted_cash,207.1,,,12/31/2025,52-1532556_AdventistHealthCareShadyGroveMedicalCenter_StandardCharges.csv
"Adventist HealthCare, Inc. d.b.a. Adventist HealthCare Shady Grove Medical Center",52-1532556,90846,CPT,BH CD Chg Family Therapy W/O Patient,outpatient,,,,min,200.76,,,12/31/2025,52-1532556_AdventistHealthCareShadyGroveMedicalCenter_StandardCharges.csv
"Adventist HealthCare, Inc. d.b.a. Adventist HealthCare Shady Grove Medical Center",52-1532556,90846,CPT,BH CD Chg Family Therapy W/O Patient,outpatient,,,,max,232.46,,,12/31/2025,52-1532556_AdventistHealthCareShadyGroveMedicalCenter_StandardCharges.csv
"Adventist HealthCare, Inc. d.b.a. Adventist HealthCare Shady Grove Medical Center",52-1532556,90846,CPT,BH CD Chg Family Therapy W/O Patient,outpatient,,All Payers,All Plans,negotiated,211.33,,other,12/31/2025,52-1532556_AdventistHealthCareShadyGroveMedicalCenter_StandardCharges.csv
"Adventist HealthCare, Inc. d.b.a. Adventist HealthCare Shady Grove Medical Center",52-1532556,90847,CPT,BH CD Chg Family Therapy with Patient,outpatient,,,,gross,211.33,,,12/31/2025,52-1532556_AdventistHealthCareShadyGroveMedicalCenter_StandardCharges.csv
"Adventist HealthCare, Inc. d.b.a. Adventist HealthCare Shady Grove Medical Center",52-1532556,90847,CPT,BH CD Chg Family Therapy with Patient,outpatient,,,,discounted_cash,207.1,,,12/31/2025,52-1532556_AdventistHealthCareShadyGroveMedicalCenter_StandardCharges.csv
"Adventist HealthCare, Inc. d.b.a. Adventist HealthCare Shady Grove Medical Center",52-1532556,90847,CPT,BH CD Chg Family Therapy with Patient,outpatient,,,,min,200.76,,,12/31/2025,52-1532556_AdventistHealthCareShadyGroveMedicalCenter_StandardCharges.csv
"Adventist HealthCare, Inc. d.b.a. Adventist HealthCare Shady Grove Medical Center",52-1532556,90847,CPT,BH CD Chg Family Therapy with Patient,outpatient,,,,max,232.46,,,12/31/2025,52-1532556_AdventistHealthCareShadyGroveMedicalCenter_StandardCharges.csv
"Adventist HealthCare, Inc. d.b.a. Adventist HealthCare Shady Grove Medical Center",52-1532556,90847,CPT,BH CD Chg Family Therapy with Patient,outpatient,,All Payers,All Plans,negotiated,211.33,,other,12/31/2025,52-1532556_AdventistHealthCareShadyGroveMedicalCenter_StandardCharges.csv
"Adventist HealthCare, Inc. d.b.a. Adventist HealthCare Shady Grove Medical Center",52-1532556,90853,CPT,BH CD Chg Group Therapy,outpatient,,,,gross,105.66,,,12/31/2025,52-1532556_AdventistHealthCareShadyGroveMedicalCenter_StandardCharges.csv
"Adventist HealthCare, Inc. d.b.a. Adventist HealthCare Shady Grove Medical Center",52-1532556,90853,CPT,BH CD Chg Group Therapy,outpatient,,,,discounted_cash,103.55,,,12/31/2025,52-1532556_AdventistHealthCareShadyGroveMedicalCenter_StandardCharges.csv
"Adventist HealthCare, Inc. d.b.a. Adventist HealthCare Shady Grove Medical Center",52-1532556,90853,CPT,BH CD Chg Group Therapy,outpatient,,,,min,100.38,,,12/31/2025,52-1532556_AdventistHealthCareShadyGroveMedicalCenter_StandardCharges.csv
"Adventist HealthCare, Inc. d.b.a. Adventist HealthCare Shady Grove Medical Center",52-1532556,90853,CPT,BH CD Chg Group Therapy,outpatient,,,,max,116.23,,,12/31/2025,52-1532556_AdventistHealthCareShadyGroveMedicalCenter_StandardCharges.csv
"Adventist HealthCare, Inc. d.b.a. Adventist HealthCare Shady Grove Medical Center",52-1532556,90853,CPT,BH CD Chg Group Therapy,outpatient,,All Payers,All Plans,negotiated,105.66,,other,12/31/2025,52-1532556_AdventistHealthCareShadyGroveMedicalCenter_StandardCharges.csv
"Adventist HealthCare, Inc. d.b.a. Adventist HealthCare Shady Grove Medical Center",52-1532556,90853,CPT,BH CD Chg Group Therapy BCE,outpatient,,,,gross,105.66,,,12/31/2025,52-1532556_AdventistHealthCareShadyGroveMedicalCenter_StandardCharges.csv
"Adventist HealthCare, Inc. d.b.a. Adventist HealthCare Shady Grove Medical Center",52-1532556,90853,CPT,BH CD Chg Group Therapy BCE,outpatient,,,,discounted_cash,103.55,,,12/31/2025,52-1532556_AdventistHealthCareShadyGroveMedicalCenter_StandardCharges.csv
"Adventist HealthCare, Inc. d.b.a. Adventist HealthCare Shady Grove Medical Center",52-1532556,90853,CPT,BH CD Chg Group Therapy BCE,outpatient,,,,min,100.38,,,12/31/2025,52-1532556_AdventistHealthCareShadyGroveMedicalCenter_StandardCharges.csv
"Adventist HealthCare, Inc. d.b.a. Adventist HealthCare Shady Grove Medical Center",52-1532556,90853,CPT,BH CD Chg Group Therapy BCE,outpatient,,,,max,116.23,,,12/31/2025,52-1532556_AdventistHealthCareShadyGroveMedicalCenter_StandardCharges.csv
"Adventist HealthCare, Inc. d.b.a. Adventist HealthCare Shady Grove Medical Center",52-1532556,90853,CPT,BH CD Chg Group Therapy BCE,outpatient,,All Payers,All Plans,negotiated,105.66,,other,12/31/2025,52-1532556_AdventistHealthCareShadyGroveMedicalCenter_StandardCharges.csv
"Adventist HealthCare, Inc. d.b.a. Adventist HealthCare Shady Grove Medical Center",52-1532556,90833,CPT,BH CD Chg Individual Therapy with Med Mgmt -> 16 - 37 min,outpatient,,,,gross,264.16,,,12/31/2025,52-1532556_AdventistHealthCareShadyGroveMedicalCenter_StandardCharges.csv
"Adventist HealthCare, Inc. d.b.a. Adventist HealthCare Shady Grove Medical Center",52-1532556,90833,CPT,BH CD Chg Individual Therapy with Med Mgmt -> 16 - 37 min,outpatient,,,,discounted_cash,258.88,,,12/31/2025,52-1532556_AdventistHealthCareShadyGroveMedicalCenter_StandardCharges.csv
"Adventist HealthCare, Inc. d.b.a. Adventist HealthCare Shady Grove Medical Center",52-1532556,90833,CPT,BH CD Chg Individual Therapy with Med Mgmt -> 16 - 37 min,outpatient,,,,min,250.95,,,12/31/2025,52-1532556_AdventistHealthCareShadyGroveMedicalCenter_StandardCharges.csv
"Adventist HealthCare, Inc. d.b.a. Adventist HealthCare Shady Grove Medical Center",52-1532556,90833,CPT,BH CD Chg Individual Therapy with Med Mgmt -> 16 - 37 min,outpatient,,,,max,290.58,,,12/31/2025,52-1532556_AdventistHealthCareShadyGroveMedicalCenter_StandardCharges.csv
"Adventist HealthCare, Inc. d.b.a. Adventist HealthCare Shady Grove Medical Center",52-1532556,90833,CPT,BH CD Chg Individual Therapy with Med Mgmt -> 16 - 37 min,outpatient,,All Payers,All Plans,negotiated,264.16,,other,12/31/2025,52-1532556_AdventistHealthCareShadyGroveMedicalCenter_StandardCharges.csv
"Adventist HealthCare, Inc. d.b.a. Adventist HealthCare Shady Grove Medical Center",52-1532556,90836,CPT,BH CD Chg Individual Therapy with Med Mgmt -> 38 - 52 min,outpatient,,,,gross,316.99,,,12/31/2025,52-1532556_AdventistHealthCareShadyGroveMedicalCenter_StandardCharges.csv
"Adventist HealthCare, Inc. d.b.a. Adventist HealthCare Shady Grove Medical Center",52-1532556,90836,CPT,BH CD Chg Individual Therapy with Med Mgmt -> 38 - 52 min,outpatient,,,,discounted_cash,310.65,,,12/31/2025,52-1532556_AdventistHealthCareShadyGroveMedicalCenter_StandardCharges.csv
"Adventist HealthCare, Inc. d.b.a. Adventist HealthCare Shady Grove Medical Center",52-1532556,90836,CPT,BH CD Chg Individual Therapy with Med Mgmt -> 38 - 52 min,outpatient,,,,min,301.15,,,12/31/2025,52-1532556_AdventistHealthCareShadyGroveMedicalCenter_StandardCharges.csv
"Adventist HealthCare, Inc. d.b.a. Adventist HealthCare Shady Grove Medical Center",52-1532556,90836,CPT,BH CD Chg Individual Therapy with Med Mgmt -> 38 - 52 min,outpatient,,,,max,348.69,,,12/31/2025,52-1532556_AdventistHealthCareShadyGroveMedicalCenter_StandardCharges.csv
"Adventist HealthCare, Inc. d.b.a. Adventist HealthCare Shady Grove Medical Center",52-1532556,90836,CPT,BH CD Chg Individual Therapy with Med Mgmt -> 38 - 52 min,outpatient,,All Payers,All Plans,negotiated,316.99,,other,12/31/2025,52-1532556_AdventistHealthCareShadyGroveMedicalCenter_StandardCharges.csv
"Adventist HealthCare, Inc. d.b.a. Adventist HealthCare Shady Grove Medical Center",52-1532556,90838,CPT,BH CD Chg Individual Therapy with Med Mgmt -> 53 min or above,outpatient,,,,gross,475.49,,,12/31/2025,52-1532556_AdventistHealthCareShadyGroveMedicalCenter_StandardCharges.csv
"Adventist HealthCare, Inc. d.b.a. Adventist HealthCare Shady Grove Medical Center",52-1532556,90838,CPT,BH CD Chg Individual Therapy with Med Mgmt -> 53 min or above,outpatient,,,,discounted_cash,465.98,,,12/31/2025,52-1532556_AdventistHealthCareShadyGroveMedicalCenter_StandardCharges.csv
"Adventist HealthCare, Inc. d.b.a. Adventist HealthCare Shady Grove Medical Center",52-1532556,90838,CPT,BH CD Chg Individual Therapy with Med Mgmt -> 53 min or above,outpatient,,,,min,451.72,,,12/31/2025,52-1532556_AdventistHealthCareShadyGroveMedicalCenter_StandardCharges.csv
"Adventist HealthCare, Inc. d.b.a. Adventist HealthCare Shady Grove Medical Center",52-1532556,90838,CPT,BH CD Chg Individual Therapy with Med Mgmt -> 53 min or above,outpatient,,,,max,523.04,,,12/31/2025,52-1532556_AdventistHealthCareShadyGroveMedicalCenter_StandardCharges.csv
"Adventist HealthCare, Inc. d.b.a. Adventist HealthCare Shady Grove Medical Center",52-1532556,90838,CPT,BH CD Chg Individual Therapy with Med Mgmt -> 53 min or above,outpatient,,All Payers,All Plans,negotiated,475.49,,other,12/31/2025,52-1532556_AdventistHealthCareShadyGroveMedicalCenter_StandardCharges.csv
"Adventist HealthCare, Inc. d.b.a. Adventist HealthCare Shady Grove Medical Center",52-1532556,90832,CPT,BH CD Chg Individual Therapy W/O Med Mgmt -> 16 - 37 min,outpatient,,,,gross,264.16,,,12/31/2025,52-1532556_AdventistHealthCareShadyGroveMedicalCenter_StandardCharges.csv
"Adventist HealthCare, Inc. d.b.a. Adventist HealthCare Shady Grove Medical Center",52-1532556,90832,CPT,BH CD Chg Individual Therapy W/O Med Mgmt -> 16 - 37 min,outpatient,,,,discounted_cash,258.88,,,12/31/2025,52-1532556_AdventistHealthCareShadyGroveMedicalCenter_StandardCharges.csv
"Adventist HealthCare, Inc. d.b.a. Adventist HealthCare Shady Grove Medical Center",52-1532556,90832,CPT,BH CD Chg Individual Therapy W/O Med Mgmt -> 16 - 37 min,outpatient,,,,min,250.95,,,12/31/2025,52-1532556_AdventistHealthCareShadyGroveMedicalCenter_StandardCharges.csv
"Adventist HealthCare, Inc. d.b.a. Adventist HealthCare Shady Grove Medical Center",52-1532556,90832,CPT,BH CD Chg Individual Therapy W/O Med Mgmt -> 16 - 37 min,outpatient,,,,max,290.58,,,12/31/2025,52-1532556_AdventistHealthCareShadyGroveMedicalCenter_StandardCharges.csv
"Adventist HealthCare, Inc. d.b.a. Adventist HealthCare Shady Grove Medical Center",52-1532556,90832,CPT,BH CD Chg Individual Therapy W/O Med Mgmt -> 16 - 37 min,outpatient,,All Payers,All Plans,negotiated,264.16,,other,12/31/2025,52-1532556_AdventistHealthCareShadyGroveMedicalCenter_StandardCharges.csv
"Adventist HealthCare, Inc. d.b.a. Adventist HealthCare Shady Grove Medical Center",52-1532556,90834,CPT,BH CD Chg Individual Therapy W/O Med Mgmt -> 38 - 52 min,outpatient,,,,gross,316.99,,,12/31/2025,52-1532556_AdventistHealthCareShadyGroveMedicalCenter_StandardCharges.csv
"Adventist HealthCare, Inc. d.b.a. Adventist HealthCare Shady Grove Medical Center",52-1532556,90834,CPT,BH CD Chg Individual Therapy W/O Med Mgmt -> 38 - 52 min,outpatient,,,,discounted_cash,310.65,,,12/31/2025,52-1532556_AdventistHealthCareShadyGroveMedicalCenter_StandardCharges.csv
"Adventist HealthCare, Inc. d.b.a. Adventist HealthCare Shady Grove Medical Center",52-1532556,90834,CPT,BH CD Chg Individual Therapy W/O Med Mgmt -> 38 - 52 min,outpatient,,,,min,301.15,,,12/31/2025,52-1532556_AdventistHealthCareShadyGroveMedicalCenter_StandardCharges.csv
"Adventist HealthCare, Inc. d.b.a. Adventist HealthCare Shady Grove Medical Center",52-1532556,90834,CPT,BH CD Chg Individual Therapy W/O Med Mgmt -> 38 - 52 min,outpatient,,,,max,348.69,,,12/31/2025,52-1532556_AdventistHealthCareShadyGroveMedicalCenter_StandardCharges.csv
"Adventist HealthCare, Inc. d.b.a. Adventist HealthCare Shady Grove Medical Center",52-1532556,90834,CPT,BH CD Chg Individual Therapy W/O Med Mgmt -> 38 - 52 min,outpatient,,All Payers,All Plans,negotiated,316.99,,other,12/31/2025,52-1532556_AdventistHealthCareShadyGroveMedicalCenter_StandardCharges.csv
"Adventist HealthCare, Inc. d.b.a. Adventist HealthCare Shady Grove Medical Center",52-1532556,90837,CPT,BH CD Chg Individual Therapy W/O Med Mgmt -> 53 min or above,outpatient,,,,gross,475.49,,,12/31/2025,52-1532556_AdventistHealthCareShadyGroveMedicalCenter_StandardCharges.csv
"Adventist HealthCare, Inc. d.b.a. Adventist HealthCare Shady Grove Medical Center",52-1532556,90837,CPT,BH CD Chg Individual Therapy W/O Med Mgmt -> 53 min or above,outpatient,,,,discounted_cash,465.98,,,12/31/2025,52-1532556_AdventistHealthCareShadyGroveMedicalCenter_StandardCharges.csv
"Adventist HealthCare, Inc. d.b.a. Adventist HealthCare Shady Grove Medical Center",52-1532556,90837,CPT,BH CD Chg Individual Therapy W/O Med Mgmt -> 53 min or above,outpatient,,,,min,451.72,,,12/31/2025,52-1532556_AdventistHealthCareShadyGroveMedicalCenter_StandardCharges.csv
"Adventist HealthCare, Inc. d.b.a. Adventist HealthCare Shady Grove Medical Center",52-1532556,90837,CPT,BH CD Chg Individual Therapy W/O Med Mgmt -> 53 min or above,outpatient,,,,max,523.04,,,12/31/2025,52-1532556_AdventistHealthCareShadyGroveMedicalCenter_StandardCharges.csv
"Adventist HealthCare, Inc. d.b.a. Adventist HealthCare Shady Grove Medical Center",52-1532556,90837,CPT,BH CD Chg Individual Therapy W/O Med Mgmt -> 53 min or above,outpatient,,All Payers,All Plans,negotiated,475.49,,other,12/31/2025,52-1532556_AdventistHealthCareShadyGroveMedicalCenter_StandardCharges.csv
"Adventist HealthCare, Inc. d.b.a. Adventist HealthCare Shady Grove Medical Center",52-1532556,90849,CPT,BH CD Chg Multi Family Therapy,outpatient,,,,gross,211.33,,,12/31/2025,52-1532556_AdventistHealthCareShadyGroveMedicalCenter_StandardCharges.csv
"Adventist HealthCare, Inc. d.b.a. Adventist HealthCare Shady Grove Medical Center",52-1532556,90849,CPT,BH CD Chg Multi Family Therapy,outpatient,,,,discounted_cash,207.1,,,12/31/2025,52-1532556_AdventistHealthCareShadyGroveMedicalCenter_StandardCharges.csv
"Adventist HealthCare, Inc. d.b.a. Adventist HealthCare Shady Grove Medical Center",52-1532556,90849,CPT,BH CD Chg Multi Family Therapy,outpatient,,,,min,200.76,,,12/31/2025,52-1532556_AdventistHealthCareShadyGroveMedicalCenter_StandardCharges.csv
"Adventist HealthCare, Inc. d.b.a. Adventist HealthCare Shady Grove Medical Center",52-1532556,90849,CPT,BH CD Chg Multi Family Therapy,outpatient,,,,max,232.46,,,12/31/2025,52-1532556_AdventistHealthCareShadyGroveMedicalCenter_StandardCharges.csv
"Adventist HealthCare, Inc. d.b.a. Adventist HealthCare Shady Grove Medical Center",52-1532556,90849,CPT,BH CD Chg Multi Family Therapy,outpatient,,All Payers,All Plans,negotiated,211.33,,other,12/31/2025,52-1532556_AdventistHealthCareShadyGroveMedicalCenter_StandardCharges.csv
"Adventist HealthCare, Inc. d.b.a. Adventist HealthCare Shady Grove Medical Center",52-1532556,90792,CPT,BH CD Chg Psych Diagnostic Eval -> CD Chg Psych Diagnositic Eval with Med Mgmt,outpatient,,,,gross,792.49,,,12/31/2025,52-1532556_AdventistHealthCareShadyGroveMedicalCenter_StandardCharges.csv
"Adventist HealthCare, Inc. d.b.a. Adventist HealthCare Shady Grove Medical Center",52-1532556,90792,CPT,BH CD Chg Psych Diagnostic Eval -> CD Chg Psych Diagnositic Eval with Med Mgmt,outpatient,,,,discounted_cash,776.64,,,12/31/2025,52-1532556_AdventistHealthCareShadyGroveMedicalCenter_StandardCharges.csv
"Adventist HealthCare, Inc. d.b.a. Adventist HealthCare Shady Grove Medical Center",52-1532556,90792,CPT,BH CD Chg Psych Diagnostic Eval -> CD Chg Psych Diagnositic Eval with Med Mgmt,outpatient,,,,min,752.86,,,12/31/2025,52-1532556_AdventistHealthCareShadyGroveMedicalCenter_StandardCharges.csv
"Adventist HealthCare, Inc. d.b.a. Adventist HealthCare Shady Grove Medical Center",52-1532556,90792,CPT,BH CD Chg Psych Diagnostic Eval -> CD Chg Psych Diagnositic Eval with Med Mgmt,outpatient,,,,max,871.74,,,12/31/2025,52-1532556_AdventistHealthCareShadyGroveMedicalCenter_StandardCharges.csv
"Adventist HealthCare, Inc. d.b.a. Adventist HealthCare Shady Grove Medical Center",52-1532556,90792,CPT,BH CD Chg Psych Diagnostic Eval -> CD Chg Psych Diagnositic Eval with Med Mgmt,outpatient,,All Payers,All Plans,negotiated,792.49,,other,12/31/2025,52-1532556_AdventistHealthCareShadyGroveMedicalCenter_StandardCharges.csv
"Adventist HealthCare, Inc. d.b.a. Adventist HealthCare Shady Grove Medical Center",52-1532556,90791,CPT,BH CD Chg Psych Diagnostic Eval -> CD Chg Psych Diagnositic Eval W/O Med Mgmt,outpatient,,,,gross,633.99,,,12/31/2025,52-1532556_AdventistHealthCareShadyGroveMedicalCenter_StandardCharges.csv
"Adventist HealthCare, Inc. d.b.a. Adventist HealthCare Shady Grove Medical Center",52-1532556,90791,CPT,BH CD Chg Psych Diagnostic Eval -> CD Chg Psych Diagnositic Eval W/O Med Mgmt,outpatient,,,,discounted_cash,621.31,,,12/31/2025,52-1532556_AdventistHealthCareShadyGroveMedicalCenter_StandardCharges.csv
"Adventist HealthCare, Inc. d.b.a. Adventist HealthCare Shady Grove Medical Center",52-1532556,90791,CPT,BH CD Chg Psych Diagnostic Eval -> CD Chg Psych Diagnositic Eval W/O Med Mgmt,outpatient,,,,min,602.29,,,12/31/2025,52-1532556_AdventistHealthCareShadyGroveMedicalCenter_StandardCharges.csv
"Adventist HealthCare, Inc. d.b.a. Adventist HealthCare Shady Grove Medical Center",52-1532556,90791,CPT,BH CD Chg Psych Diagnostic Eval -> CD Chg Psych Diagnositic Eval W/O Med Mgmt,outpatient,,,,max,697.39,,,12/31/2025,52-1532556_AdventistHealthCareShadyGroveMedicalCenter_StandardCharges.csv
"Adventist HealthCare, Inc. d.b.a. Adventist HealthCare Shady Grove Medical Center",52-1532556,90791,CPT,BH CD Chg Psych Diagnostic Eval -> CD Chg Psych Diagnositic Eval W/O Med Mgmt,outpatient,,All Payers,All Plans,negotiated,633.99,,other,12/31/2025,52-1532556_AdventistHealthCareShadyGroveMedicalCenter_StandardCharges.csv
"Adventist HealthCare, Inc. d.b.a. Adventist HealthCare Shady Grove Medical Center",52-1532556,H0001,HCPCS,BH CD/Intake Assessment,outpatient,,,,gross,633.99,,,12/31/2025,52-1532556_AdventistHealthCareShadyGroveMedicalCenter_StandardCharges.csv
"Adventist HealthCare, Inc. d.b.a. Adventist HealthCare Shady Grove Medical Center",52-1532556,H0001,HCPCS,BH CD/Intake Assessment,outpatient,,,,discounted_cash,621.31,,,12/31/2025,52-1532556_AdventistHealthCareShadyGroveMedicalCenter_StandardCharges.csv
"Adventist HealthCare, Inc. d.b.a. Adventist HealthCare Shady Grove Medical Center",52-1532556,H0001,HCPCS,BH CD/Intake Assessment,outpatient,,,,min,602.29,,,12/31/2025,52-1532556_AdventistHealthCareShadyGroveMedicalCenter_StandardCharges.csv
"Adventist HealthCare, Inc. d.b.a. Adventist HealthCare Shady Grove Medical Center",52-1532556,H0001,HCPCS,BH CD/Intake Assessment,outpatient,,,,max,697.39,,,12/31/2025,52-1532556_AdventistHealthCareShadyGroveMedicalCenter_StandardCharges.csv
"Adventist HealthCare, Inc. d.b.a. Adventist HealthCare Shady Grove Medical Center",52-1532556,H0001,HCPCS,BH CD/Intake Assessment,outpatient,,All Payers,All Plans,negotiated,633.99,,other,12/31/2025,52-1532556_AdventistHealthCareShadyGroveMedicalCenter_StandardCharges.csv
"Adventist HealthCare, Inc. d.b.a. Adventist HealthCare Shady Grove Medical Center",52-1532556,99215,CPT,BH Chg E&M - Established -> BH Chg E&M - Established: Level 5,outpatient,,,,gross,316.99,,,12/31/2025,52-1532556_AdventistHealthCareShadyGroveMedicalCenter_StandardCharges.csv
"Adventist HealthCare, Inc. d.b.a. Adventist HealthCare Shady Grove Medical Center",52-1532556,99215,CPT,BH Chg E&M - Established -> BH Chg E&M - Established: Level 5,outpatient,,,,discounted_cash,310.65,,,12/31/2025,52-1532556_AdventistHealthCareShadyGroveMedicalCenter_StandardCharges.csv
"Adventist HealthCare, Inc. d.b.a. Adventist HealthCare Shady Grove Medical Center",52-1532556,99215,CPT,BH Chg E&M - Established -> BH Chg E&M - Established: Level 5,outpatient,,,,min,301.15,,,12/31/2025,52-1532556_AdventistHealthCareShadyGroveMedicalCenter_StandardCharges.csv
"Adventist HealthCare, Inc. d.b.a. Adventist HealthCare Shady Grove Medical Center",52-1532556,99215,CPT,BH Chg E&M - Established -> BH Chg E&M - Established: Level 5,outpatient,,,,max,348.69,,,12/31/2025,52-1532556_AdventistHealthCareShadyGroveMedicalCenter_StandardCharges.csv
"Adventist HealthCare, Inc. d.b.a. Adventist HealthCare Shady Grove Medical Center",52-1532556,99215,CPT,BH Chg E&M - Established -> BH Chg E&M - Established: Level 5,outpatient,,All Payers,All Plans,negotiated,316.99,,other,12/31/2025,52-1532556_AdventistHealthCareShadyGroveMedicalCenter_StandardCharges.csv
"Adventist HealthCare, Inc. d.b.a. Adventist HealthCare Shady Grove Medical Center",52-1532556,99214,CPT,BH Chg E&M - Established -> BH Chg E&M - Established: Level 4,outpatient,,,,gross,264.16,,,12/31/2025,52-1532556_AdventistHealthCareShadyGroveMedicalCenter_StandardCharges.csv
"Adventist HealthCare, Inc. d.b.a. Adventist HealthCare Shady Grove Medical Center",52-1532556,99214,CPT,BH Chg E&M - Established -> BH Chg E&M - Established: Level 4,outpatient,,,,discounted_cash,258.88,,,12/31/2025,52-1532556_AdventistHealthCareShadyGroveMedicalCenter_StandardCharges.csv
"Adventist HealthCare, Inc. d.b.a. Adventist HealthCare Shady Grove Medical Center",52-1532556,99214,CPT,BH Chg E&M - Established -> BH Chg E&M - Established: Level 4,outpatient,,,,min,250.95,,,12/31/2025,52-1532556_AdventistHealthCareShadyGroveMedicalCenter_StandardCharges.csv
"Adventist HealthCare, Inc. d.b.a. Adventist HealthCare Shady Grove Medical Center",52-1532556,99214,CPT,BH Chg E&M - Established -> BH Chg E&M - Established: Level 4,outpatient,,,,max,290.58,,,12/31/2025,52-1532556_AdventistHealthCareShadyGroveMedicalCenter_StandardCharges.csv
"Adventist HealthCare, Inc. d.b.a. Adventist HealthCare Shady Grove Medical Center",52-1532556,99214,CPT,BH Chg E&M - Established -> BH Chg E&M - Established: Level 4,outpatient,,All Payers,All Plans,negotiated,264.16,,other,12/31/2025,52-1532556_AdventistHealthCareShadyGroveMedicalCenter_StandardCharges.csv
"Adventist HealthCare, Inc. d.b.a. Adventist HealthCare Shady Grove Medical Center",52-1532556,99213,CPT,BH Chg E&M - Established -> BH Chg E&M - Established: Level 3,outpatient,,,,gross,211.33,,,12/31/2025,52-1532556_AdventistHealthCareShadyGroveMedicalCenter_StandardCharges.csv
"Adventist HealthCare, Inc. d.b.a. Adventist HealthCare Shady Grove Medical Center",52-1532556,99213,CPT,BH Chg E&M - Established -> BH Chg E&M - Established: Level 3,outpatient,,,,discounted_cash,207.1,,,12/31/2025,52-1532556_AdventistHealthCareShadyGroveMedicalCenter_StandardCharges.csv
"Adventist HealthCare, Inc. d.b.a. Adventist HealthCare Shady Grove Medical Center",52-1532556,99213,CPT,BH Chg E&M - Established -> BH Chg E&M - Established: Level 3,outpatient,,,,min,200.76,,,12/31/2025,52-1532556_AdventistHealthCareShadyGroveMedicalCenter_StandardCharges.csv
"Adventist HealthCare, Inc. d.b.a. Adventist HealthCare Shady Grove Medical Center",52-1532556,99213,CPT,BH Chg E&M - Established -> BH Chg E&M - Established: Level 3,outpatient,,,,max,232.46,,,12/31/2025,52-1532556_AdventistHealthCareShadyGroveMedicalCenter_StandardCharges.csv
"Adventist HealthCare, Inc. d.b.a. Adventist HealthCare Shady Grove Medical Center",52-1532556,99213,CPT,BH Chg E&M - Established -> BH Chg E&M - Established: Level 3,outpatient,,All Payers,All Plans,negotiated,211.33,,other,12/31/2025,52-1532556_AdventistHealthCareShadyGroveMedicalCenter_StandardCharges.csv
"Adventist HealthCare, Inc. d.b.a. Adventist HealthCare Shady Grove Medical Center",52-1532556,99212,CPT,BH Chg E&M - Established -> BH Chg E&M - Established: Level 2,outpatient,,,,gross,158.5,,,12/31/2025,52-1532556_AdventistHealthCareShadyGroveMedicalCenter_StandardCharges.csv
"Adventist HealthCare, Inc. d.b.a. Adventist HealthCare Shady Grove Medical Center",52-1532556,99212,CPT,BH Chg E&M - Established -> BH Chg E&M - Established: Level 2,outpatient,,,,discounted_cash,155.33,,,12/31/2025,52-1532556_AdventistHealthCareShadyGroveMedicalCenter_StandardCharges.csv
"Adventist HealthCare, Inc. d.b.a. Adventist HealthCare Shady Grove Medical Center",52-1532556,99212,CPT,BH Chg E&M - Established -> BH Chg E&M - Established: Level 2,outpatient,,,,min,150.57,,,12/31/2025,52-1532556_AdventistHealthCareShadyGroveMedicalCenter_StandardCharges.csv
"Adventist HealthCare, Inc. d.b.a. Adventist HealthCare Shady Grove Medical Center",52-1532556,99212,CPT,BH Chg E&M - Established -> BH Chg E&M - Established: Level 2,outpatient,,,,max,174.35,,,12/31/2025,52-1532556_AdventistHealthCareShadyGroveMedicalCenter_StandardCharges.csv
"Adventist HealthCare, Inc. d.b.a. Adventist HealthCare Shady Grove Medical Center",52-1532556,99212,CPT,BH Chg E&M - Established -> BH Chg E&M - Established: Level 2,outpatient,,All Payers,All Plans,negotiated,158.5,,other,12/31/2025,52-1532556_AdventistHealthCareShadyGroveMedicalCenter_StandardCharges.csv
"Adventist HealthCare, Inc. d.b.a. Adventist HealthCare Shady Grove Medical Center",52-1532556,99211,CPT,BH Chg E&M - Established -> BH Chg E&M - Established: Level 1,outpatient,,,,gross,105.66,,,12/31/2025,52-1532556_AdventistHealthCareShadyGroveMedicalCenter_StandardCharges.csv
"Adventist HealthCare, Inc. d.b.a. Adventist HealthCare Shady Grove Medical Center",52-1532556,99211,CPT,BH Chg E&M - Established -> BH Chg E&M - Established: Level 1,outpatient,,,,discounted_cash,103.55,,,12/31/2025,52-1532556_AdventistHealthCareShadyGroveMedicalCenter_StandardCharges.csv
"Adventist HealthCare, Inc. d.b.a. Adventist HealthCare Shady Grove Medical Center",52-1532556,99211,CPT,BH Chg E&M - Established -> BH Chg E&M - Established: Level 1,outpatient,,,,min,100.38,,,12/31/2025,52-1532556_AdventistHealthCareShadyGroveMedicalCenter_StandardCharges.csv
"Adventist HealthCare, Inc. d.b.a. Adventist HealthCare Shady Grove Medical Center",52-1532556,99211,CPT,BH Chg E&M - Established -> BH Chg E&M - Established: Level 1,outpatient,,,,max,116.23,,,12/31/2025,52-1532556_AdventistHealthCareShadyGroveMedicalCenter_StandardCharges.csv
"Adventist HealthCare, Inc. d.b.a. Adventist HealthCare Shady Grove Medical Center",52-1532556,99211,CPT,BH Chg E&M - Established -> BH Chg E&M - Established: Level 1,outpatient,,All Payers,All Plans,negotiated,105.66,,other,12/31/2025,52-1532556_AdventistHealthCareShadyGroveMedicalCenter_StandardCharges.csv
"Adventist HealthCare, Inc. d.b.a. Adventist HealthCare Shady Grove Medical Center",52-1532556,99205,CPT,BH Chg E&M - New -> BH Chg E&M - New: Level 5,outpatient,,,,gross,316.99,,,12/31/2025,52-1532556_AdventistHealthCareShadyGroveMedicalCenter_StandardCharges.csv
"Adventist HealthCare, Inc. d.b.a. Adventist HealthCare Shady Grove Medical Center",52-1532556,99205,CPT,BH Chg E&M - New -> BH Chg E&M - New: Level 5,outpatient,,,,discounted_cash,310.65,,,12/31/2025,52-1532556_AdventistHealthCareShadyGroveMedicalCenter_StandardCharges.csv
"Adventist HealthCare, Inc. d.b.a. Adventist HealthCare Shady Grove Medical Center",52-1532556,99205,CPT,BH Chg E&M - New -> BH Chg E&M - New: Level 5,outpatient,,,,min,301.15,,,12/31/2025,52-1532556_AdventistHealthCareShadyGroveMedicalCenter_StandardCharges.csv
"Adventist HealthCare, Inc. d.b.a. Adventist HealthCare Shady Grove Medical Center",52-1532556,99205,CPT,BH Chg E&M - New -> BH Chg E&M - New: Level 5,outpatient,,,,max,348.69,,,12/31/2025,52-1532556_AdventistHealthCareShadyGroveMedicalCenter_StandardCharges.csv
"Adventist HealthCare, Inc. d.b.a. Adventist HealthCare Shady Grove Medical Center",52-1532556,99205,CPT,BH Chg E&M - New -> BH Chg E&M - New: Level 5,outpatient,,All Payers,All Plans,negotiated,316.99,,other,12/31/2025,52-1532556_AdventistHealthCareShadyGroveMedicalCenter_StandardCharges.csv
"Adventist HealthCare, Inc. d.b.a. Adventist HealthCare Shady Grove Medical Center",52-1532556,99204,CPT,BH Chg E&M - New -> BH Chg E&M - New: Level 4,outpatient,,,,gross,264.16,,,12/31/2025,52-1532556_AdventistHealthCareShadyGroveMedicalCenter_StandardCharges.csv
"Adventist HealthCare, Inc. d.b.a. Adventist HealthCare Shady Grove Medical Center",52-1532556,99204,CPT,BH Chg E&M - New -> BH Chg E&M - New: Level 4,outpatient,,,,discounted_cash,258.88,,,12/31/2025,52-1532556_AdventistHealthCareShadyGroveMedicalCenter_StandardCharges.csv
"Adventist HealthCare, Inc. d.b.a. Adventist HealthCare Shady Grove Medical Center",52-1532556,99204,CPT,BH Chg E&M - New -> BH Chg E&M - New: Level 4,outpatient,,,,min,250.95,,,12/31/2025,52-1532556_AdventistHealthCareShadyGroveMedicalCenter_StandardCharges.csv
"Adventist HealthCare, Inc. d.b.a. Adventist HealthCare Shady Grove Medical Center",52-1532556,99204,CPT,BH Chg E&M - New -> BH Chg E&M - New: Level 4,outpatient,,,,max,290.58,,,12/31/2025,52-1532556_AdventistHealthCareShadyGroveMedicalCenter_StandardCharges.csv
"Adventist HealthCare, Inc. d.b.a. Adventist HealthCare Shady Grove Medical Center",52-1532556,99204,CPT,BH Chg E&M - New -> BH Chg E&M - New: Level 4,outpatient,,All Payers,All Plans,negotiated,264.16,,other,12/31/2025,52-1532556_AdventistHealthCareShadyGroveMedicalCenter_StandardCharges.csv
"Adventist HealthCare, Inc. d.b.a. Adventist HealthCare Shady Grove Medical Center",52-1532556,99203,CPT,BH Chg E&M - New -> BH Chg E&M - New: Level 3,outpatient,,,,gross,211.33,,,12/31/2025,52-1532556_AdventistHealthCareShadyGroveMedicalCenter_StandardCharges.csv
"Adventist HealthCare, Inc. d.b.a. Adventist HealthCare Shady Grove Medical Center",52-1532556,99203,CPT,BH Chg E&M - New -> BH Chg E&M - New: Level 3,outpatient,,,,discounted_cash,207.1,,,12/31/2025,52-1532556_AdventistHealthCareShadyGroveMedicalCenter_StandardCharges.csv
"Adventist HealthCare, Inc. d.b.a. Adventist HealthCare Shady Grove Medical Center",52-1532556,99203,CPT,BH Chg E&M - New -> BH Chg E&M - New: Level 3,outpatient,,,,min,200.76,,,12/31/2025,52-1532556_AdventistHealthCareShadyGroveMedicalCenter_StandardCharges.csv
"Adventist HealthCare, Inc. d.b.a. Adventist HealthCare Shady Grove Medical Center",52-1532556,99203,CPT,BH Chg E&M - New -> BH Chg E&M - New: Level 3,outpatient,,,,max,232.46,,,12/31/2025,52-1532556_AdventistHealthCareShadyGroveMedicalCenter_StandardCharges.csv
"Adventist HealthCare, Inc. d.b.a. Adventist HealthCare Shady Grove Medical Center",52-1532556,99203,CPT,BH Chg E&M - New -> BH Chg E&M - New: Level 3,outpatient,,All Payers,All Plans,negotiated,211.33,,other,12/31/2025,52-1532556_AdventistHealthCareShadyGroveMedicalCenter_StandardCharges.csv
"Adventist HealthCare, Inc. d.b.a. Adventist HealthCare Shady Grove Medical Center",52-1532556,99202,CPT,BH Chg E&M - New -> BH Chg E&M - New: Level 2,outpatient,,,,gross,158.5,,,12/31/2025,52-1532556_AdventistHealthCareShadyGroveMedicalCenter_StandardCharges.csv
"Adventist HealthCare, Inc. d.b.a. Adventist HealthCare Shady Grove Medical Center",52-1532556,99202,CPT,BH Chg E&M - New -> BH Chg E&M - New: Level 2,outpatient,,,,discounted_cash,155.33,,,12/31/2025,52-1532556_AdventistHealthCareShadyGroveMedicalCenter_StandardCharges.csv
"Adventist HealthCare, Inc. d.b.a. Adventist HealthCare Shady Grove Medical Center",52-1532556,99202,CPT,BH Chg E&M - New -> BH Chg E&M - New: Level 2,outpatient,,,,min,150.57,,,12/31/2025,52-1532556_AdventistHealthCareShadyGroveMedicalCenter_StandardCharges.csv
"Adventist HealthCare, Inc. d.b.a. Adventist HealthCare Shady Grove Medical Center",52-1532556,99202,CPT,BH Chg E&M - New -> BH Chg E&M - New: Level 2,outpatient,,,,max,174.35,,,12/31/2025,52-1532556_AdventistHealthCareShadyGroveMedicalCenter_StandardCharges.csv
"Adventist HealthCare, Inc. d.b.a. Adventist HealthCare Shady Grove Medical Center",52-1532556,99202,CPT,BH Chg E&M - New -> BH Chg E&M - New: Level 2,outpatient,,All Payers,All Plans,negotiated,158.5,,other,12/31/2025,52-1532556_AdventistHealthCareShadyGroveMedicalCenter_StandardCharges.csv
"Adventist HealthCare, Inc. d.b.a. Adventist HealthCare Shady Grove Medical Center",52-1532556,99211,CPT,BH Chg E&M Established Level 1 BCE,outpatient,,,,gross,105.66,,,12/31/2025,52-1532556_AdventistHealthCareShadyGroveMedicalCenter_StandardCharges.csv
"Adventist HealthCare, Inc. d.b.a. Adventist HealthCare Shady Grove Medical Center",52-1532556,99211,CPT,BH Chg E&M Established Level 1 BCE,outpatient,,,,discounted_cash,103.55,,,12/31/2025,52-1532556_AdventistHealthCareShadyGroveMedicalCenter_StandardCharges.csv
"Adventist HealthCare, Inc. d.b.a. Adventist HealthCare Shady Grove Medical Center",52-1532556,99211,CPT,BH Chg E&M Established Level 1 BCE,outpatient,,,,min,100.38,,,12/31/2025,52-1532556_AdventistHealthCareShadyGroveMedicalCenter_StandardCharges.csv
"Adventist HealthCare, Inc. d.b.a. Adventist HealthCare Shady Grove Medical Center",52-1532556,99211,CPT,BH Chg E&M Established Level 1 BCE,outpatient,,,,max,116.23,,,12/31/2025,52-1532556_AdventistHealthCareShadyGroveMedicalCenter_StandardCharges.csv
"Adventist HealthCare, Inc. d.b.a. Adventist HealthCare Shady Grove Medical Center",52-1532556,99211,CPT,BH Chg E&M Established Level 1 BCE,outpatient,,All Payers,All Plans,negotiated,105.66,,other,12/31/2025,52-1532556_AdventistHealthCareShadyGroveMedicalCenter_StandardCharges.csv
"Adventist HealthCare, Inc. d.b.a. Adventist HealthCare Shady Grove Medical Center",52-1532556,99211,CPT,BH Chg E&M New Level 1,outpatient,,,,gross,105.66,,,12/31/2025,52-1532556_AdventistHealthCareShadyGroveMedicalCenter_StandardCharges.csv
"Adventist HealthCare, Inc. d.b.a. Adventist HealthCare Shady Grove Medical Center",52-1532556,99211,CPT,BH Chg E&M New Level 1,outpatient,,,,discounted_cash,103.55,,,12/31/2025,52-1532556_AdventistHealthCareShadyGroveMedicalCenter_StandardCharges.csv
"Adventist HealthCare, Inc. d.b.a. Adventist HealthCare Shady Grove Medical Center",52-1532556,99211,CPT,BH Chg E&M New Level 1,outpatient,,,,min,100.38,,,12/31/2025,52-1532556_AdventistHealthCareShadyGroveMedicalCenter_StandardCharges.csv
"Adventist HealthCare, Inc. d.b.a. Adventist HealthCare Shady Grove Medical Center",52-1532556,99211,CPT,BH Chg E&M New Level 1,outpatient,,,,max,116.23,,,12/31/2025,52-1532556_AdventistHealthCareShadyGroveMedicalCenter_StandardCharges.csv
"Adventist HealthCare, Inc. d.b.a. Adventist HealthCare Shady Grove Medical Center",52-1532556,99211,CPT,BH Chg E&M New Level 1,outpatient,,All Payers,All Plans,negotiated,105.66,,other,12/31/2025,52-1532556_AdventistHealthCareShadyGroveMedicalCenter_StandardCharges.csv
"Adventist HealthCare, Inc. d.b.a. Adventist HealthCare Shady Grove Medical Center",52-1532556,99201,CPT,BH Chg E&M Visit Level 1,outpatient,,,,gross,105.66,,,12/31/2025,52-1532556_AdventistHealthCareShadyGroveMedicalCenter_StandardCharges.csv
"Adventist HealthCare, Inc. d.b.a. Adventist HealthCare Shady Grove Medical Center",52-1532556,99201,CPT,BH Chg E&M Visit Level 1,outpatient,,,,discounted_cash,103.55,,,12/31/2025,52-1532556_AdventistHealthCareShadyGroveMedicalCenter_StandardCharges.csv
"Adventist HealthCare, Inc. d.b.a. Adventist HealthCare Shady Grove Medical Center",52-1532556,99201,CPT,BH Chg E&M Visit Level 1,outpatient,,,,min,100.38,,,12/31/2025,52-1532556_AdventistHealthCareShadyGroveMedicalCenter_StandardCharges.csv
"Adventist HealthCare, Inc. d.b.a. Adventist HealthCare Shady Grove Medical Center",52-1532556,99201,CPT,BH Chg E&M Visit Level 1,outpatient,,,,max,116.23,,,12/31/2025,52-1532556_AdventistHealthCareShadyGroveMedicalCenter_StandardCharges.csv
"Adventist HealthCare, Inc. d.b.a. Adventist HealthCare Shady Grove Medical Center",52-1532556,99201,CPT,BH Chg E&M Visit Level 1,outpatient,,All Payers,All Plans,negotiated,105.66,,other,12/31/2025,52-1532556_AdventistHealthCareShadyGroveMedicalCenter_StandardCharges.csv
"Adventist HealthCare, Inc. d.b.a. Adventist HealthCare Shady Grove Medical Center",52-1532556,99211,CPT,BH Chg E&M Visit Level 1 Est,outpatient,,,,gross,105.66,,,12/31/2025,52-1532556_AdventistHealthCareShadyGroveMedicalCenter_StandardCharges.csv
"Adventist HealthCare, Inc. d.b.a. Adventist HealthCare Shady Grove Medical Center",52-1532556,99211,CPT,BH Chg E&M Visit Level 1 Est,outpatient,,,,discounted_cash,103.55,,,12/31/2025,52-1532556_AdventistHealthCareShadyGroveMedicalCenter_StandardCharges.csv
"Adventist HealthCare, Inc. d.b.a. Adventist HealthCare Shady Grove Medical Center",52-1532556,99211,CPT,BH Chg E&M Visit Level 1 Est,outpatient,,,,min,100.38,,,12/31/2025,52-1532556_AdventistHealthCareShadyGroveMedicalCenter_StandardCharges.csv
"Adventist HealthCare, Inc. d.b.a. Adventist HealthCare Shady Grove Medical Center",52-1532556,99211,CPT,BH Chg E&M Visit Level 1 Est,outpatient,,,,max,116.23,,,12/31/2025,52-1532556_AdventistHealthCareShadyGroveMedicalCenter_StandardCharges.csv
"Adventist HealthCare, Inc. d.b.a. Adventist HealthCare Shady Grove Medical Center",52-1532556,99211,CPT,BH Chg E&M Visit Level 1 Est,outpatient,,All Payers,All Plans,negotiated,105.66,,other,12/31/2025,52-1532556_AdventistHealthCareShadyGroveMedicalCenter_StandardCharges.csv
"Adventist HealthCare, Inc. d.b.a. Adventist HealthCare Shady Grove Medical Center",52-1532556,90846,CPT,BH Chg Family Therapy W/O Patient,outpatient,,,,gross,211.33,,,12/31/2025,52-1532556_AdventistHealthCareShadyGroveMedicalCenter_StandardCharges.csv
"Adventist HealthCare, Inc. d.b.a. Adventist HealthCare Shady Grove Medical Center",52-1532556,90846,CPT,BH Chg Family Therapy W/O Patient,outpatient,,,,discounted_cash,207.1,,,12/31/2025,52-1532556_AdventistHealthCareShadyGroveMedicalCenter_StandardCharges.csv
"Adventist HealthCare, Inc. d.b.a. Adventist HealthCare Shady Grove Medical Center",52-1532556,90846,CPT,BH Chg Family Therapy W/O Patient,outpatient,,,,min,200.76,,,12/31/2025,52-1532556_AdventistHealthCareShadyGroveMedicalCenter_StandardCharges.csv
"Adventist HealthCare, Inc. d.b.a. Adventist HealthCare Shady Grove Medical Center",52-1532556,90846,CPT,BH Chg Family Therapy W/O Patient,outpatient,,,,max,232.46,,,12/31/2025,52-1532556_AdventistHealthCareShadyGroveMedicalCenter_StandardCharges.csv
"Adventist HealthCare, Inc. d.b.a. Adventist HealthCare Shady Grove Medical Center",52-1532556,90846,CPT,BH Chg Family Therapy W/O Patient,outpatient,,All Payers,All Plans,negotiated,211.33,,other,12/31/2025,52-1532556_AdventistHealthCareShadyGroveMedicalCenter_StandardCharges.csv
"Adventist HealthCare, Inc. d.b.a. Adventist HealthCare Shady Grove Medical Center",52-1532556,90846,CPT,BH Chg Family Therapy W/O Patient BCE,outpatient,,,,gross,211.33,,,12/31/2025,52-1532556_AdventistHealthCareShadyGroveMedicalCenter_StandardCharges.csv
"Adventist HealthCare, Inc. d.b.a. Adventist HealthCare Shady Grove Medical Center",52-1532556,90846,CPT,BH Chg Family Therapy W/O Patient BCE,outpatient,,,,discounted_cash,207.1,,,12/31/2025,52-1532556_AdventistHealthCareShadyGroveMedicalCenter_StandardCharges.csv
"Adventist HealthCare, Inc. d.b.a. Adventist HealthCare Shady Grove Medical Center",52-1532556,90846,CPT,BH Chg Family Therapy W/O Patient BCE,outpatient,,,,min,200.76,,,12/31/2025,52-1532556_AdventistHealthCareShadyGroveMedicalCenter_StandardCharges.csv
"Adventist HealthCare, Inc. d.b.a. Adventist HealthCare Shady Grove Medical Center",52-1532556,90846,CPT,BH Chg Family Therapy W/O Patient BCE,outpatient,,,,max,232.46,,,12/31/2025,52-1532556_AdventistHealthCareShadyGroveMedicalCenter_StandardCharges.csv
"Adventist HealthCare, Inc. d.b.a. Adventist HealthCare Shady Grove Medical Center",52-1532556,90846,CPT,BH Chg Family Therapy W/O Patient BCE,outpatient,,All Payers,All Plans,negotiated,211.33,,other,12/31/2025,52-1532556_AdventistHealthCareShadyGroveMedicalCenter_StandardCharges.csv
"Adventist HealthCare, Inc. d.b.a. Adventist HealthCare Shady Grove Medical Center",52-1532556,90847,CPT,BH Chg Family Therapy with Patient,outpatient,,,,gross,211.33,,,12/31/2025,52-1532556_AdventistHealthCareShadyGroveMedicalCenter_StandardCharges.csv
"Adventist HealthCare, Inc. d.b.a. Adventist HealthCare Shady Grove Medical Center",52-1532556,90847,CPT,BH Chg Family Therapy with Patient,outpatient,,,,discounted_cash,207.1,,,12/31/2025,52-1532556_AdventistHealthCareShadyGroveMedicalCenter_StandardCharges.csv
"Adventist HealthCare, Inc. d.b.a. Adventist HealthCare Shady Grove Medical Center",52-1532556,90847,CPT,BH Chg Family Therapy with Patient,outpatient,,,,min,200.76,,,12/31/2025,52-1532556_AdventistHealthCareShadyGroveMedicalCenter_StandardCharges.csv
"Adventist HealthCare, Inc. d.b.a. Adventist HealthCare Shady Grove Medical Center",52-1532556,90847,CPT,BH Chg Family Therapy with Patient,outpatient,,,,max,232.46,,,12/31/2025,52-1532556_AdventistHealthCareShadyGroveMedicalCenter_StandardCharges.csv
"Adventist HealthCare, Inc. d.b.a. Adventist HealthCare Shady Grove Medical Center",52-1532556,90847,CPT,BH Chg Family Therapy with Patient,outpatient,,All Payers,All Plans,negotiated,211.33,,other,12/31/2025,52-1532556_AdventistHealthCareShadyGroveMedicalCenter_StandardCharges.csv
"Adventist HealthCare, Inc. d.b.a. Adventist HealthCare Shady Grove Medical Center",52-1532556,90853,CPT,BH Chg Group Therapy,outpatient,,,,gross,105.66,,,12/31/2025,52-1532556_AdventistHealthCareShadyGroveMedicalCenter_StandardCharges.csv
"Adventist HealthCare, Inc. d.b.a. Adventist HealthCare Shady Grove Medical Center",52-1532556,90853,CPT,BH Chg Group Therapy,outpatient,,,,discounted_cash,103.55,,,12/31/2025,52-1532556_AdventistHealthCareShadyGroveMedicalCenter_StandardCharges.csv
"Adventist HealthCare, Inc. d.b.a. Adventist HealthCare Shady Grove Medical Center",52-1532556,90853,CPT,BH Chg Group Therapy,outpatient,,,,min,100.38,,,12/31/2025,52-1532556_AdventistHealthCareShadyGroveMedicalCenter_StandardCharges.csv
"Adventist HealthCare, Inc. d.b.a. Adventist HealthCare Shady Grove Medical Center",52-1532556,90853,CPT,BH Chg Group Therapy,outpatient,,,,max,116.23,,,12/31/2025,52-1532556_AdventistHealthCareShadyGroveMedicalCenter_StandardCharges.csv
"Adventist HealthCare, Inc. d.b.a. Adventist HealthCare Shady Grove Medical Center",52-1532556,90853,CPT,BH Chg Group Therapy,outpatient,,All Payers,All Plans,negotiated,105.66,,other,12/31/2025,52-1532556_AdventistHealthCareShadyGroveMedicalCenter_StandardCharges.csv
"Adventist HealthCare, Inc. d.b.a. Adventist HealthCare Shady Grove Medical Center",52-1532556,90853,CPT,BH Chg Group Therapy BCE,outpatient,,,,gross,105.66,,,12/31/2025,52-1532556_AdventistHealthCareShadyGroveMedicalCenter_StandardCharges.csv
"Adventist HealthCare, Inc. d.b.a. Adventist HealthCare Shady Grove Medical Center",52-1532556,90853,CPT,BH Chg Group Therapy BCE,outpatient,,,,discounted_cash,103.55,,,12/31/2025,52-1532556_AdventistHealthCareShadyGroveMedicalCenter_StandardCharges.csv
"Adventist HealthCare, Inc. d.b.a. Adventist HealthCare Shady Grove Medical Center",52-1532556,90853,CPT,BH Chg Group Therapy BCE,outpatient,,,,min,100.38,,,12/31/2025,52-1532556_AdventistHealthCareShadyGroveMedicalCenter_StandardCharges.csv
"Adventist HealthCare, Inc. d.b.a. Adventist HealthCare Shady Grove Medical Center",52-1532556,90853,CPT,BH Chg Group Therapy BCE,outpatient,,,,max,116.23,,,12/31/2025,52-1532556_AdventistHealthCareShadyGroveMedicalCenter_StandardCharges.csv
"Adventist HealthCare, Inc. d.b.a. Adventist HealthCare Shady Grove Medical Center",52-1532556,90853,CPT,BH Chg Group Therapy BCE,outpatient,,All Payers,All Plans,negotiated,105.66,,other,12/31/2025,52-1532556_AdventistHealthCareShadyGroveMedicalCenter_StandardCharges.csv
"Adventist HealthCare, Inc. d.b.a. Adventist HealthCare Shady Grove Medical Center",52-1532556,90853,CPT,BH Chg IOP Psych CD: Per Diem,outpatient,,,,gross,158.5,,,12/31/2025,52-1532556_AdventistHealthCareShadyGroveMedicalCenter_StandardCharges.csv
"Adventist HealthCare, Inc. d.b.a. Adventist HealthCare Shady Grove Medical Center",52-1532556,90853,CPT,BH Chg IOP Psych CD: Per Diem,outpatient,,,,discounted_cash,155.33,,,12/31/2025,52-1532556_AdventistHealthCareShadyGroveMedicalCenter_StandardCharges.csv
"Adventist HealthCare, Inc. d.b.a. Adventist HealthCare Shady Grove Medical Center",52-1532556,90853,CPT,BH Chg IOP Psych CD: Per Diem,outpatient,,,,min,150.57,,,12/31/2025,52-1532556_AdventistHealthCareShadyGroveMedicalCenter_StandardCharges.csv
"Adventist HealthCare, Inc. d.b.a. Adventist HealthCare Shady Grove Medical Center",52-1532556,90853,CPT,BH Chg IOP Psych CD: Per Diem,outpatient,,,,max,174.35,,,12/31/2025,52-1532556_AdventistHealthCareShadyGroveMedicalCenter_StandardCharges.csv
"Adventist HealthCare, Inc. d.b.a. Adventist HealthCare Shady Grove Medical Center",52-1532556,90853,CPT,BH Chg IOP Psych CD: Per Diem,outpatient,,All Payers,All Plans,negotiated,158.5,,other,12/31/2025,52-1532556_AdventistHealthCareShadyGroveMedicalCenter_StandardCharges.csv
"Adventist HealthCare, Inc. d.b.a. Adventist HealthCare Shady Grove Medical Center",52-1532556,H0015,HCPCS,BH Chg IOP Psych CD: Per Diem BCE,outpatient,,,,gross,475.49,,,12/31/2025,52-1532556_AdventistHealthCareShadyGroveMedicalCenter_StandardCharges.csv
"Adventist HealthCare, Inc. d.b.a. Adventist HealthCare Shady Grove Medical Center",52-1532556,H0015,HCPCS,BH Chg IOP Psych CD: Per Diem BCE,outpatient,,,,discounted_cash,465.98,,,12/31/2025,52-1532556_AdventistHealthCareShadyGroveMedicalCenter_StandardCharges.csv
"Adventist HealthCare, Inc. d.b.a. Adventist HealthCare Shady Grove Medical Center",52-1532556,H0015,HCPCS,BH Chg IOP Psych CD: Per Diem BCE,outpatient,,,,min,451.72,,,12/31/2025,52-1532556_AdventistHealthCareShadyGroveMedicalCenter_StandardCharges.csv
"Adventist HealthCare, Inc. d.b.a. Adventist HealthCare Shady Grove Medical Center",52-1532556,H0015,HCPCS,BH Chg IOP Psych CD: Per Diem BCE,outpatient,,,,max,523.04,,,12/31/2025,52-1532556_AdventistHealthCareShadyGroveMedicalCenter_StandardCharges.csv
"Adventist HealthCare, Inc. d.b.a. Adventist HealthCare Shady Grove Medical Center",52-1532556,H0015,HCPCS,BH Chg IOP Psych CD: Per Diem BCE,outpatient,,All Payers,All Plans,negotiated,475.49,,other,12/31/2025,52-1532556_AdventistHealthCareShadyGroveMedicalCenter_StandardCharges.csv
"Adventist HealthCare, Inc. d.b.a. Adventist HealthCare Shady Grove Medical Center",52-1532556,90853,CPT,BH Chg IOP Psych MH: Per Diem,outpatient,,,,gross,158.5,,,12/31/2025,52-1532556_AdventistHealthCareShadyGroveMedicalCenter_StandardCharges.csv
"Adventist HealthCare, Inc. d.b.a. Adventist HealthCare Shady Grove Medical Center",52-1532556,90853,CPT,BH Chg IOP Psych MH: Per Diem,outpatient,,,,discounted_cash,155.33,,,12/31/2025,52-1532556_AdventistHealthCareShadyGroveMedicalCenter_StandardCharges.csv
"Adventist HealthCare, Inc. d.b.a. Adventist HealthCare Shady Grove Medical Center",52-1532556,90853,CPT,BH Chg IOP Psych MH: Per Diem,outpatient,,,,min,150.57,,,12/31/2025,52-1532556_AdventistHealthCareShadyGroveMedicalCenter_StandardCharges.csv
"Adventist HealthCare, Inc. d.b.a. Adventist HealthCare Shady Grove Medical Center",52-1532556,90853,CPT,BH Chg IOP Psych MH: Per Diem,outpatient,,,,max,174.35,,,12/31/2025,52-1532556_AdventistHealthCareShadyGroveMedicalCenter_StandardCharges.csv
"Adventist HealthCare, Inc. d.b.a. Adventist HealthCare Shady Grove Medical Center",52-1532556,90853,CPT,BH Chg IOP Psych MH: Per Diem,outpatient,,All Payers,All Plans,negotiated,158.5,,other,12/31/2025,52-1532556_AdventistHealthCareShadyGroveMedicalCenter_StandardCharges.csv
"Adventist HealthCare, Inc. d.b.a. Adventist HealthCare Shady Grove Medical Center",52-1532556,H0015,HCPCS,BH Chg IOP Visit -> BH Chg IOP Psych CD: Per Diem,outpatient,,,,gross,316.99,,,12/31/2025,52-1532556_AdventistHealthCareShadyGroveMedicalCenter_StandardCharges.csv
"Adventist HealthCare, Inc. d.b.a. Adventist HealthCare Shady Grove Medical Center",52-1532556,H0015,HCPCS,BH Chg IOP Visit -> BH Chg IOP Psych CD: Per Diem,outpatient,,,,discounted_cash,310.65,,,12/31/2025,52-1532556_AdventistHealthCareShadyGroveMedicalCenter_StandardCharges.csv
"Adventist HealthCare, Inc. d.b.a. Adventist HealthCare Shady Grove Medical Center",52-1532556,H0015,HCPCS,BH Chg IOP Visit -> BH Chg IOP Psych CD: Per Diem,outpatient,,,,min,301.15,,,12/31/2025,52-1532556_AdventistHealthCareShadyGroveMedicalCenter_StandardCharges.csv
"Adventist HealthCare, Inc. d.b.a. Adventist HealthCare Shady Grove Medical Center",52-1532556,H0015,HCPCS,BH Chg IOP Visit -> BH Chg IOP Psych CD: Per Diem,outpatient,,,,max,348.69,,,12/31/2025,52-1532556_AdventistHealthCareShadyGroveMedicalCenter_StandardCharges.csv
"Adventist HealthCare, Inc. d.b.a. Adventist HealthCare Shady Grove Medical Center",52-1532556,H0015,HCPCS,BH Chg IOP Visit -> BH Chg IOP Psych CD: Per Diem,outpatient,,All Payers,All Plans,negotiated,316.99,,other,12/31/2025,52-1532556_AdventistHealthCareShadyGroveMedicalCenter_StandardCharges.csv
"Adventist HealthCare, Inc. d.b.a. Adventist HealthCare Shady Grove Medical Center",52-1532556,S9480,HCPCS,BH Chg IOP Visit -> BH Chg IOP Psych MH: Per Diem,outpatient,,,,gross,316.99,,,12/31/2025,52-1532556_AdventistHealthCareShadyGroveMedicalCenter_StandardCharges.csv
"Adventist HealthCare, Inc. d.b.a. Adventist HealthCare Shady Grove Medical Center",52-1532556,S9480,HCPCS,BH Chg IOP Visit -> BH Chg IOP Psych MH: Per Diem,outpatient,,,,discounted_cash,310.65,,,12/31/2025,52-1532556_AdventistHealthCareShadyGroveMedicalCenter_StandardCharges.csv
"Adventist HealthCare, Inc. d.b.a. Adventist HealthCare Shady Grove Medical Center",52-1532556,S9480,HCPCS,BH Chg IOP Visit -> BH Chg IOP Psych MH: Per Diem,outpatient,,,,min,301.15,,,12/31/2025,52-1532556_AdventistHealthCareShadyGroveMedicalCenter_StandardCharges.csv
"Adventist HealthCare, Inc. d.b.a. Adventist HealthCare Shady Grove Medical Center",52-1532556,S9480,HCPCS,BH Chg IOP Visit -> BH Chg IOP Psych MH: Per Diem,outpatient,,,,max,348.69,,,12/31/2025,52-1532556_AdventistHealthCareShadyGroveMedicalCenter_StandardCharges.csv
"Adventist HealthCare, Inc. d.b.a. Adventist HealthCare Shady Grove Medical Center",52-1532556,S9480,HCPCS,BH Chg IOP Visit -> BH Chg IOP Psych MH: Per Diem,outpatient,,All Payers,All Plans,negotiated,316.99,,other,12/31/2025,52-1532556_AdventistHealthCareShadyGroveMedicalCenter_StandardCharges.csv
"Adventist HealthCare, Inc. d.b.a. Adventist HealthCare Shady Grove Medical Center",52-1532556,90837,CPT,BH Chg Individual Therapy W/O Med Mgmt -> 53 min or above,outpatient,,,,gross,475.49,,,12/31/2025,52-1532556_AdventistHealthCareShadyGroveMedicalCenter_StandardCharges.csv
"Adventist HealthCare, Inc. d.b.a. Adventist HealthCare Shady Grove Medical Center",52-1532556,90837,CPT,BH Chg Individual Therapy W/O Med Mgmt -> 53 min or above,outpatient,,,,discounted_cash,465.98,,,12/31/2025,52-1532556_AdventistHealthCareShadyGroveMedicalCenter_StandardCharges.csv
"Adventist HealthCare, Inc. d.b.a. Adventist HealthCare Shady Grove Medical Center",52-1532556,90837,CPT,BH Chg Individual Therapy W/O Med Mgmt -> 53 min or above,outpatient,,,,min,451.72,,,12/31/2025,52-1532556_AdventistHealthCareShadyGroveMedicalCenter_StandardCharges.csv
"Adventist HealthCare, Inc. d.b.a. Adventist HealthCare Shady Grove Medical Center",52-1532556,90837,CPT,BH Chg Individual Therapy W/O Med Mgmt -> 53 min or above,outpatient,,,,max,523.04,,,12/31/2025,52-1532556_AdventistHealthCareShadyGroveMedicalCenter_StandardCharges.csv
"Adventist HealthCare, Inc. d.b.a. Adventist HealthCare Shady Grove Medical Center",52-1532556,90837,CPT,BH Chg Individual Therapy W/O Med Mgmt -> 53 min or above,outpatient,,All Payers,All Plans,negotiated,475.49,,other,12/31/2025,52-1532556_AdventistHealthCareShadyGroveMedicalCenter_StandardCharges.csv
"Adventist HealthCare, Inc. d.b.a. Adventist HealthCare Shady Grove Medical Center",52-1532556,90834,CPT,BH Chg Individual Therapy W/O Med Mgmt -> 38 - 52 min,outpatient,,,,gross,316.99,,,12/31/2025,52-1532556_AdventistHealthCareShadyGroveMedicalCenter_StandardCharges.csv
"Adventist HealthCare, Inc. d.b.a. Adventist HealthCare Shady Grove Medical Center",52-1532556,90834,CPT,BH Chg Individual Therapy W/O Med Mgmt -> 38 - 52 min,outpatient,,,,discounted_cash,310.65,,,12/31/2025,52-1532556_AdventistHealthCareShadyGroveMedicalCenter_StandardCharges.csv
"Adventist HealthCare, Inc. d.b.a. Adventist HealthCare Shady Grove Medical Center",52-1532556,90834,CPT,BH Chg Individual Therapy W/O Med Mgmt -> 38 - 52 min,outpatient,,,,min,301.15,,,12/31/2025,52-1532556_AdventistHealthCareShadyGroveMedicalCenter_StandardCharges.csv
"Adventist HealthCare, Inc. d.b.a. Adventist HealthCare Shady Grove Medical Center",52-1532556,90834,CPT,BH Chg Individual Therapy W/O Med Mgmt -> 38 - 52 min,outpatient,,,,max,348.69,,,12/31/2025,52-1532556_AdventistHealthCareShadyGroveMedicalCenter_StandardCharges.csv
"Adventist HealthCare, Inc. d.b.a. Adventist HealthCare Shady Grove Medical Center",52-1532556,90834,CPT,BH Chg Individual Therapy W/O Med Mgmt -> 38 - 52 min,outpatient,,All Payers,All Plans,negotiated,316.99,,other,12/31/2025,52-1532556_AdventistHealthCareShadyGroveMedicalCenter_StandardCharges.csv
"Adventist HealthCare, Inc. d.b.a. Adventist HealthCare Shady Grove Medical Center",52-1532556,90832,CPT,BH Chg Individual Therapy W/O Med Mgmt -> 16 - 37 min,outpatient,,,,gross,264.16,,,12/31/2025,52-1532556_AdventistHealthCareShadyGroveMedicalCenter_StandardCharges.csv
"Adventist HealthCare, Inc. d.b.a. Adventist HealthCare Shady Grove Medical Center",52-1532556,90832,CPT,BH Chg Individual Therapy W/O Med Mgmt -> 16 - 37 min,outpatient,,,,discounted_cash,258.88,,,12/31/2025,52-1532556_AdventistHealthCareShadyGroveMedicalCenter_StandardCharges.csv
"Adventist HealthCare, Inc. d.b.a. Adventist HealthCare Shady Grove Medical Center",52-1532556,90832,CPT,BH Chg Individual Therapy W/O Med Mgmt -> 16 - 37 min,outpatient,,,,min,250.95,,,12/31/2025,52-1532556_AdventistHealthCareShadyGroveMedicalCenter_StandardCharges.csv
"Adventist HealthCare, Inc. d.b.a. Adventist HealthCare Shady Grove Medical Center",52-1532556,90832,CPT,BH Chg Individual Therapy W/O Med Mgmt -> 16 - 37 min,outpatient,,,,max,290.58,,,12/31/2025,52-1532556_AdventistHealthCareShadyGroveMedicalCenter_StandardCharges.csv
"Adventist HealthCare, Inc. d.b.a. Adventist HealthCare Shady Grove Medical Center",52-1532556,90832,CPT,BH Chg Individual Therapy W/O Med Mgmt -> 16 - 37 min,outpatient,,All Payers,All Plans,negotiated,264.16,,other,12/31/2025,52-1532556_AdventistHealthCareShadyGroveMedicalCenter_StandardCharges.csv
"Adventist HealthCare, Inc. d.b.a. Adventist HealthCare Shady Grove Medical Center",52-1532556,90833,CPT,BH Chg Individual Therapy with Med Mgmt -> 16 - 37 min,outpatient,,,,gross,264.16,,,12/31/2025,52-1532556_AdventistHealthCareShadyGroveMedicalCenter_StandardCharges.csv
"Adventist HealthCare, Inc. d.b.a. Adventist HealthCare Shady Grove Medical Center",52-1532556,90833,CPT,BH Chg Individual Therapy with Med Mgmt -> 16 - 37 min,outpatient,,,,discounted_cash,258.88,,,12/31/2025,52-1532556_AdventistHealthCareShadyGroveMedicalCenter_StandardCharges.csv
"Adventist HealthCare, Inc. d.b.a. Adventist HealthCare Shady Grove Medical Center",52-1532556,90833,CPT,BH Chg Individual Therapy with Med Mgmt -> 16 - 37 min,outpatient,,,,min,250.95,,,12/31/2025,52-1532556_AdventistHealthCareShadyGroveMedicalCenter_StandardCharges.csv
"Adventist HealthCare, Inc. d.b.a. Adventist HealthCare Shady Grove Medical Center",52-1532556,90833,CPT,BH Chg Individual Therapy with Med Mgmt -> 16 - 37 min,outpatient,,,,max,290.58,,,12/31/2025,52-1532556_AdventistHealthCareShadyGroveMedicalCenter_StandardCharges.csv
"Adventist HealthCare, Inc. d.b.a. Adventist HealthCare Shady Grove Medical Center",52-1532556,90833,CPT,BH Chg Individual Therapy with Med Mgmt -> 16 - 37 min,outpatient,,All Payers,All Plans,negotiated,264.16,,other,12/31/2025,52-1532556_AdventistHealthCareShadyGroveMedicalCenter_StandardCharges.csv
"Adventist HealthCare, Inc. d.b.a. Adventist HealthCare Shady Grove Medical Center",52-1532556,90833,CPT,BH Chg Individual Therapy with Med Mgmt BCE,outpatient,,,,gross,264.16,,,12/31/2025,52-1532556_AdventistHealthCareShadyGroveMedicalCenter_StandardCharges.csv
"Adventist HealthCare, Inc. d.b.a. Adventist HealthCare Shady Grove Medical Center",52-1532556,90833,CPT,BH Chg Individual Therapy with Med Mgmt BCE,outpatient,,,,discounted_cash,258.88,,,12/31/2025,52-1532556_AdventistHealthCareShadyGroveMedicalCenter_StandardCharges.csv
"Adventist HealthCare, Inc. d.b.a. Adventist HealthCare Shady Grove Medical Center",52-1532556,90833,CPT,BH Chg Individual Therapy with Med Mgmt BCE,outpatient,,,,min,250.95,,,12/31/2025,52-1532556_AdventistHealthCareShadyGroveMedicalCenter_StandardCharges.csv
"Adventist HealthCare, Inc. d.b.a. Adventist HealthCare Shady Grove Medical Center",52-1532556,90833,CPT,BH Chg Individual Therapy with Med Mgmt BCE,outpatient,,,,max,290.58,,,12/31/2025,52-1532556_AdventistHealthCareShadyGroveMedicalCenter_StandardCharges.csv
"Adventist HealthCare, Inc. d.b.a. Adventist HealthCare Shady Grove Medical Center",52-1532556,90833,CPT,BH Chg Individual Therapy with Med Mgmt BCE,outpatient,,All Payers,All Plans,negotiated,264.16,,other,12/31/2025,52-1532556_AdventistHealthCareShadyGroveMedicalCenter_StandardCharges.csv
"Adventist HealthCare, Inc. d.b.a. Adventist HealthCare Shady Grove Medical Center",52-1532556,90836,CPT,BH Chg Individual Thrpy w/MMgmt-38 to 52 min BCE,outpatient,,,,gross,316.99,,,12/31/2025,52-1532556_AdventistHealthCareShadyGroveMedicalCenter_StandardCharges.csv
"Adventist HealthCare, Inc. d.b.a. Adventist HealthCare Shady Grove Medical Center",52-1532556,90836,CPT,BH Chg Individual Thrpy w/MMgmt-38 to 52 min BCE,outpatient,,,,discounted_cash,310.65,,,12/31/2025,52-1532556_AdventistHealthCareShadyGroveMedicalCenter_StandardCharges.csv
"Adventist HealthCare, Inc. d.b.a. Adventist HealthCare Shady Grove Medical Center",52-1532556,90836,CPT,BH Chg Individual Thrpy w/MMgmt-38 to 52 min BCE,outpatient,,,,min,301.15,,,12/31/2025,52-1532556_AdventistHealthCareShadyGroveMedicalCenter_StandardCharges.csv
"Adventist HealthCare, Inc. d.b.a. Adventist HealthCare Shady Grove Medical Center",52-1532556,90836,CPT,BH Chg Individual Thrpy w/MMgmt-38 to 52 min BCE,outpatient,,,,max,348.69,,,12/31/2025,52-1532556_AdventistHealthCareShadyGroveMedicalCenter_StandardCharges.csv
"Adventist HealthCare, Inc. d.b.a. Adventist HealthCare Shady Grove Medical Center",52-1532556,90836,CPT,BH Chg Individual Thrpy w/MMgmt-38 to 52 min BCE,outpatient,,All Payers,All Plans,negotiated,316.99,,other,12/31/2025,52-1532556_AdventistHealthCareShadyGroveMedicalCenter_StandardCharges.csv
"Adventist HealthCare, Inc. d.b.a. Adventist HealthCare Shady Grove Medical Center",52-1532556,96372,CPT,BH Chg Injection,outpatient,,,,gross,105.66,,,12/31/2025,52-1532556_AdventistHealthCareShadyGroveMedicalCenter_StandardCharges.csv
"Adventist HealthCare, Inc. d.b.a. Adventist HealthCare Shady Grove Medical Center",52-1532556,96372,CPT,BH Chg Injection,outpatient,,,,discounted_cash,103.55,,,12/31/2025,52-1532556_AdventistHealthCareShadyGroveMedicalCenter_StandardCharges.csv
"Adventist HealthCare, Inc. d.b.a. Adventist HealthCare Shady Grove Medical Center",52-1532556,96372,CPT,BH Chg Injection,outpatient,,,,min,100.38,,,12/31/2025,52-1532556_AdventistHealthCareShadyGroveMedicalCenter_StandardCharges.csv
"Adventist HealthCare, Inc. d.b.a. Adventist HealthCare Shady Grove Medical Center",52-1532556,96372,CPT,BH Chg Injection,outpatient,,,,max,116.23,,,12/31/2025,52-1532556_AdventistHealthCareShadyGroveMedicalCenter_StandardCharges.csv
"Adventist HealthCare, Inc. d.b.a. Adventist HealthCare Shady Grove Medical Center",52-1532556,96372,CPT,BH Chg Injection,outpatient,,All Payers,All Plans,negotiated,105.66,,other,12/31/2025,52-1532556_AdventistHealthCareShadyGroveMedicalCenter_StandardCharges.csv
"Adventist HealthCare, Inc. d.b.a. Adventist HealthCare Shady Grove Medical Center",52-1532556,90849,CPT,BH Chg Multi Family Therapy,outpatient,,,,gross,211.33,,,12/31/2025,52-1532556_AdventistHealthCareShadyGroveMedicalCenter_StandardCharges.csv
"Adventist HealthCare, Inc. d.b.a. Adventist HealthCare Shady Grove Medical Center",52-1532556,90849,CPT,BH Chg Multi Family Therapy,outpatient,,,,discounted_cash,207.1,,,12/31/2025,52-1532556_AdventistHealthCareShadyGroveMedicalCenter_StandardCharges.csv
"Adventist HealthCare, Inc. d.b.a. Adventist HealthCare Shady Grove Medical Center",52-1532556,90849,CPT,BH Chg Multi Family Therapy,outpatient,,,,min,200.76,,,12/31/2025,52-1532556_AdventistHealthCareShadyGroveMedicalCenter_StandardCharges.csv
"Adventist HealthCare, Inc. d.b.a. Adventist HealthCare Shady Grove Medical Center",52-1532556,90849,CPT,BH Chg Multi Family Therapy,outpatient,,,,max,232.46,,,12/31/2025,52-1532556_AdventistHealthCareShadyGroveMedicalCenter_StandardCharges.csv
"Adventist HealthCare, Inc. d.b.a. Adventist HealthCare Shady Grove Medical Center",52-1532556,90849,CPT,BH Chg Multi Family Therapy,outpatient,,All Payers,All Plans,negotiated,211.33,,other,12/31/2025,52-1532556_AdventistHealthCareShadyGroveMedicalCenter_StandardCharges.csv
"Adventist HealthCare, Inc. d.b.a. Adventist HealthCare Shady Grove Medical Center",52-1532556,90792,CPT,BH Chg Psych Diag Eval w Med Mgmt BCE,outpatient,,,,gross,633.99,,,12/31/2025,52-1532556_AdventistHealthCareShadyGroveMedicalCenter_StandardCharges.csv
"Adventist HealthCare, Inc. d.b.a. Adventist HealthCare Shady Grove Medical Center",52-1532556,90792,CPT,BH Chg Psych Diag Eval w Med Mgmt BCE,outpatient,,,,discounted_cash,621.31,,,12/31/2025,52-1532556_AdventistHealthCareShadyGroveMedicalCenter_StandardCharges.csv
"Adventist HealthCare, Inc. d.b.a. Adventist HealthCare Shady Grove Medical Center",52-1532556,90792,CPT,BH Chg Psych Diag Eval w Med Mgmt BCE,outpatient,,,,min,602.29,,,12/31/2025,52-1532556_AdventistHealthCareShadyGroveMedicalCenter_StandardCharges.csv
"Adventist HealthCare, Inc. d.b.a. Adventist HealthCare Shady Grove Medical Center",52-1532556,90792,CPT,BH Chg Psych Diag Eval w Med Mgmt BCE,outpatient,,,,max,697.39,,,12/31/2025,52-1532556_AdventistHealthCareShadyGroveMedicalCenter_StandardCharges.csv
"Adventist HealthCare, Inc. d.b.a. Adventist HealthCare Shady Grove Medical Center",52-1532556,90792,CPT,BH Chg Psych Diag Eval w Med Mgmt BCE,outpatient,,All Payers,All Plans,negotiated,633.99,,other,12/31/2025,52-1532556_AdventistHealthCareShadyGroveMedicalCenter_StandardCharges.csv
"Adventist HealthCare, Inc. d.b.a. Adventist HealthCare Shady Grove Medical Center",52-1532556,90791,CPT,BH Chg Psych Diag Eval w/o med mgmt BCE,outpatient,,,,gross,633.99,,,12/31/2025,52-1532556_AdventistHealthCareShadyGroveMedicalCenter_StandardCharges.csv
"Adventist HealthCare, Inc. d.b.a. Adventist HealthCare Shady Grove Medical Center",52-1532556,90791,CPT,BH Chg Psych Diag Eval w/o med mgmt BCE,outpatient,,,,discounted_cash,621.31,,,12/31/2025,52-1532556_AdventistHealthCareShadyGroveMedicalCenter_StandardCharges.csv
"Adventist HealthCare, Inc. d.b.a. Adventist HealthCare Shady Grove Medical Center",52-1532556,90791,CPT,BH Chg Psych Diag Eval w/o med mgmt BCE,outpatient,,,,min,602.29,,,12/31/2025,52-1532556_AdventistHealthCareShadyGroveMedicalCenter_StandardCharges.csv
"Adventist HealthCare, Inc. d.b.a. Adventist HealthCare Shady Grove Medical Center",52-1532556,90791,CPT,BH Chg Psych Diag Eval w/o med mgmt BCE,outpatient,,,,max,697.39,,,12/31/2025,52-1532556_AdventistHealthCareShadyGroveMedicalCenter_StandardCharges.csv
"Adventist HealthCare, Inc. d.b.a. Adventist HealthCare Shady Grove Medical Center",52-1532556,90791,CPT,BH Chg Psych Diag Eval w/o med mgmt BCE,outpatient,,All Payers,All Plans,negotiated,633.99,,other,12/31/2025,52-1532556_AdventistHealthCareShadyGroveMedicalCenter_StandardCharges.csv
"Adventist HealthCare, Inc. d.b.a. Adventist HealthCare Shady Grove Medical Center",52-1532556,90791,CPT,BH Chg Psych Diagnostic Eval W/O Med Mgmt,outpatient,,,,gross,633.99,,,12/31/2025,52-1532556_AdventistHealthCareShadyGroveMedicalCenter_StandardCharges.csv
"Adventist HealthCare, Inc. d.b.a. Adventist HealthCare Shady Grove Medical Center",52-1532556,90791,CPT,BH Chg Psych Diagnostic Eval W/O Med Mgmt,outpatient,,,,discounted_cash,621.31,,,12/31/2025,52-1532556_AdventistHealthCareShadyGroveMedicalCenter_StandardCharges.csv
"Adventist HealthCare, Inc. d.b.a. Adventist HealthCare Shady Grove Medical Center",52-1532556,90791,CPT,BH Chg Psych Diagnostic Eval W/O Med Mgmt,outpatient,,,,min,602.29,,,12/31/2025,52-1532556_AdventistHealthCareShadyGroveMedicalCenter_StandardCharges.csv
"Adventist HealthCare, Inc. d.b.a. Adventist HealthCare Shady Grove Medical Center",52-1532556,90791,CPT,BH Chg Psych Diagnostic Eval W/O Med Mgmt,outpatient,,,,max,697.39,,,12/31/2025,52-1532556_AdventistHealthCareShadyGroveMedicalCenter_StandardCharges.csv
"Adventist HealthCare, Inc. d.b.a. Adventist HealthCare Shady Grove Medical Center",52-1532556,90791,CPT,BH Chg Psych Diagnostic Eval W/O Med Mgmt,outpatient,,All Payers,All Plans,negotiated,633.99,,other,12/31/2025,52-1532556_AdventistHealthCareShadyGroveMedicalCenter_StandardCharges.csv
"Adventist HealthCare, Inc. d.b.a. Adventist HealthCare Shady Grove Medical Center",52-1532556,90792,CPT,BH Chg Psych Diagnostic Eval -> BH Chg Psych Diagnostic Eval with Med Mgmt,outpatient,,,,gross,792.49,,,12/31/2025,52-1532556_AdventistHealthCareShadyGroveMedicalCenter_StandardCharges.csv
"Adventist HealthCare, Inc. d.b.a. Adventist HealthCare Shady Grove Medical Center",52-1532556,90792,CPT,BH Chg Psych Diagnostic Eval -> BH Chg Psych Diagnostic Eval with Med Mgmt,outpatient,,,,discounted_cash,776.64,,,12/31/2025,52-1532556_AdventistHealthCareShadyGroveMedicalCenter_StandardCharges.csv
"Adventist HealthCare, Inc. d.b.a. Adventist HealthCare Shady Grove Medical Center",52-1532556,90792,CPT,BH Chg Psych Diagnostic Eval -> BH Chg Psych Diagnostic Eval with Med Mgmt,outpatient,,,,min,752.86,,,12/31/2025,52-1532556_AdventistHealthCareShadyGroveMedicalCenter_StandardCharges.csv
"Adventist HealthCare, Inc. d.b.a. Adventist HealthCare Shady Grove Medical Center",52-1532556,90792,CPT,BH Chg Psych Diagnostic Eval -> BH Chg Psych Diagnostic Eval with Med Mgmt,outpatient,,,,max,871.74,,,12/31/2025,52-1532556_AdventistHealthCareShadyGroveMedicalCenter_StandardCharges.csv
"Adventist HealthCare, Inc. d.b.a. Adventist HealthCare Shady Grove Medical Center",52-1532556,90792,CPT,BH Chg Psych Diagnostic Eval -> BH Chg Psych Diagnostic Eval with Med Mgmt,outpatient,,All Payers,All Plans,negotiated,792.49,,other,12/31/2025,52-1532556_AdventistHealthCareShadyGroveMedicalCenter_StandardCharges.csv
"Adventist HealthCare, Inc. d.b.a. Adventist HealthCare Shady Grove Medical Center",52-1532556,90791,CPT,BH Chg Psych Diagnostic Eval -> BH Chg Psych Diagnostic Eval W/O Med Mgmt,outpatient,,,,gross,633.99,,,12/31/2025,52-1532556_AdventistHealthCareShadyGroveMedicalCenter_StandardCharges.csv
"Adventist HealthCare, Inc. d.b.a. Adventist HealthCare Shady Grove Medical Center",52-1532556,90791,CPT,BH Chg Psych Diagnostic Eval -> BH Chg Psych Diagnostic Eval W/O Med Mgmt,outpatient,,,,discounted_cash,621.31,,,12/31/2025,52-1532556_AdventistHealthCareShadyGroveMedicalCenter_StandardCharges.csv
"Adventist HealthCare, Inc. d.b.a. Adventist HealthCare Shady Grove Medical Center",52-1532556,90791,CPT,BH Chg Psych Diagnostic Eval -> BH Chg Psych Diagnostic Eval W/O Med Mgmt,outpatient,,,,min,602.29,,,12/31/2025,52-1532556_AdventistHealthCareShadyGroveMedicalCenter_StandardCharges.csv
"Adventist HealthCare, Inc. d.b.a. Adventist HealthCare Shady Grove Medical Center",52-1532556,90791,CPT,BH Chg Psych Diagnostic Eval -> BH Chg Psych Diagnostic Eval W/O Med Mgmt,outpatient,,,,max,697.39,,,12/31/2025,52-1532556_AdventistHealthCareShadyGroveMedicalCenter_StandardCharges.csv
"Adventist HealthCare, Inc. d.b.a. Adventist HealthCare Shady Grove Medical Center",52-1532556,90791,CPT,BH Chg Psych Diagnostic Eval -> BH Chg Psych Diagnostic Eval W/O Med Mgmt,outpatient,,All Payers,All Plans,negotiated,633.99,,other,12/31/2025,52-1532556_AdventistHealthCareShadyGroveMedicalCenter_StandardCharges.csv
"Adventist HealthCare, Inc. d.b.a. Adventist HealthCare Shady Grove Medical Center",52-1532556,90832,CPT,BH Chg Psychotherapy 16-37 min BCE,outpatient,,,,gross,264.16,,,12/31/2025,52-1532556_AdventistHealthCareShadyGroveMedicalCenter_StandardCharges.csv
"Adventist HealthCare, Inc. d.b.a. Adventist HealthCare Shady Grove Medical Center",52-1532556,90832,CPT,BH Chg Psychotherapy 16-37 min BCE,outpatient,,,,discounted_cash,258.88,,,12/31/2025,52-1532556_AdventistHealthCareShadyGroveMedicalCenter_StandardCharges.csv
"Adventist HealthCare, Inc. d.b.a. Adventist HealthCare Shady Grove Medical Center",52-1532556,90832,CPT,BH Chg Psychotherapy 16-37 min BCE,outpatient,,,,min,250.95,,,12/31/2025,52-1532556_AdventistHealthCareShadyGroveMedicalCenter_StandardCharges.csv
"Adventist HealthCare, Inc. d.b.a. Adventist HealthCare Shady Grove Medical Center",52-1532556,90832,CPT,BH Chg Psychotherapy 16-37 min BCE,outpatient,,,,max,290.58,,,12/31/2025,52-1532556_AdventistHealthCareShadyGroveMedicalCenter_StandardCharges.csv
"Adventist HealthCare, Inc. d.b.a. Adventist HealthCare Shady Grove Medical Center",52-1532556,90832,CPT,BH Chg Psychotherapy 16-37 min BCE,outpatient,,All Payers,All Plans,negotiated,264.16,,other,12/31/2025,52-1532556_AdventistHealthCareShadyGroveMedicalCenter_StandardCharges.csv
"Adventist HealthCare, Inc. d.b.a. Adventist HealthCare Shady Grove Medical Center",52-1532556,90834,CPT,BH Chg Psychotherapy 38-52 Min BCE,outpatient,,,,gross,316.99,,,12/31/2025,52-1532556_AdventistHealthCareShadyGroveMedicalCenter_StandardCharges.csv
"Adventist HealthCare, Inc. d.b.a. Adventist HealthCare Shady Grove Medical Center",52-1532556,90834,CPT,BH Chg Psychotherapy 38-52 Min BCE,outpatient,,,,discounted_cash,310.65,,,12/31/2025,52-1532556_AdventistHealthCareShadyGroveMedicalCenter_StandardCharges.csv
"Adventist HealthCare, Inc. d.b.a. Adventist HealthCare Shady Grove Medical Center",52-1532556,90834,CPT,BH Chg Psychotherapy 38-52 Min BCE,outpatient,,,,min,301.15,,,12/31/2025,52-1532556_AdventistHealthCareShadyGroveMedicalCenter_StandardCharges.csv
"Adventist HealthCare, Inc. d.b.a. Adventist HealthCare Shady Grove Medical Center",52-1532556,90834,CPT,BH Chg Psychotherapy 38-52 Min BCE,outpatient,,,,max,348.69,,,12/31/2025,52-1532556_AdventistHealthCareShadyGroveMedicalCenter_StandardCharges.csv
"Adventist HealthCare, Inc. d.b.a. Adventist HealthCare Shady Grove Medical Center",52-1532556,90834,CPT,BH Chg Psychotherapy 38-52 Min BCE,outpatient,,All Payers,All Plans,negotiated,316.99,,other,12/31/2025,52-1532556_AdventistHealthCareShadyGroveMedicalCenter_StandardCharges.csv
"Adventist HealthCare, Inc. d.b.a. Adventist HealthCare Shady Grove Medical Center",52-1532556,90837,CPT,BH Chg Psychotherapy >53 Min BCE,outpatient,,,,gross,475.49,,,12/31/2025,52-1532556_AdventistHealthCareShadyGroveMedicalCenter_StandardCharges.csv
"Adventist HealthCare, Inc. d.b.a. Adventist HealthCare Shady Grove Medical Center",52-1532556,90837,CPT,BH Chg Psychotherapy >53 Min BCE,outpatient,,,,discounted_cash,465.98,,,12/31/2025,52-1532556_AdventistHealthCareShadyGroveMedicalCenter_StandardCharges.csv
"Adventist HealthCare, Inc. d.b.a. Adventist HealthCare Shady Grove Medical Center",52-1532556,90837,CPT,BH Chg Psychotherapy >53 Min BCE,outpatient,,,,min,451.72,,,12/31/2025,52-1532556_AdventistHealthCareShadyGroveMedicalCenter_StandardCharges.csv
"Adventist HealthCare, Inc. d.b.a. Adventist HealthCare Shady Grove Medical Center",52-1532556,90837,CPT,BH Chg Psychotherapy >53 Min BCE,outpatient,,,,max,523.04,,,12/31/2025,52-1532556_AdventistHealthCareShadyGroveMedicalCenter_StandardCharges.csv
"Adventist HealthCare, Inc. d.b.a. Adventist HealthCare Shady Grove Medical Center",52-1532556,90837,CPT,BH Chg Psychotherapy >53 Min BCE,outpatient,,All Payers,All Plans,negotiated,475.49,,other,12/31/2025,52-1532556_AdventistHealthCareShadyGroveMedicalCenter_StandardCharges.csv
"Adventist HealthCare, Inc. d.b.a. Adventist HealthCare Shady Grove Medical Center",52-1532556,90838,CPT,Psychotherapy with E/M (53+mins) BCE,outpatient,,,,gross,475.49,,,12/31/2025,52-1532556_AdventistHealthCareShadyGroveMedicalCenter_StandardCharges.csv
"Adventist HealthCare, Inc. d.b.a. Adventist HealthCare Shady Grove Medical Center",52-1532556,90838,CPT,Psychotherapy with E/M (53+mins) BCE,outpatient,,,,discounted_cash,465.98,,,12/31/2025,52-1532556_AdventistHealthCareShadyGroveMedicalCenter_StandardCharges.csv
"Adventist HealthCare, Inc. d.b.a. Adventist HealthCare Shady Grove Medical Center",52-1532556,90838,CPT,Psychotherapy with E/M (53+mins) BCE,outpatient,,,,min,451.72,,,12/31/2025,52-1532556_AdventistHealthCareShadyGroveMedicalCenter_StandardCharges.csv
"Adventist HealthCare, Inc. d.b.a. Adventist HealthCare Shady Grove Medical Center",52-1532556,90838,CPT,Psychotherapy with E/M (53+mins) BCE,outpatient,,,,max,523.04,,,12/31/2025,52-1532556_AdventistHealthCareShadyGroveMedicalCenter_StandardCharges.csv
"Adventist HealthCare, Inc. d.b.a. Adventist HealthCare Shady Grove Medical Center",52-1532556,90838,CPT,Psychotherapy with E/M (53+mins) BCE,outpatient,,All Payers,All Plans,negotiated,475.49,,other,12/31/2025,52-1532556_AdventistHealthCareShadyGroveMedicalCenter_StandardCharges.csv
"Adventist HealthCare, Inc. d.b.a. Adventist HealthCare Shady Grove Medical Center",52-1532556,96372,CPT,BH Chrg Injection BCE,outpatient,,,,gross,105.66,,,12/31/2025,52-1532556_AdventistHealthCareShadyGroveMedicalCenter_StandardCharges.csv
"Adventist HealthCare, Inc. d.b.a. Adventist HealthCare Shady Grove Medical Center",52-1532556,96372,CPT,BH Chrg Injection BCE,outpatient,,,,discounted_cash,103.55,,,12/31/2025,52-1532556_AdventistHealthCareShadyGroveMedicalCenter_StandardCharges.csv
"Adventist HealthCare, Inc. d.b.a. Adventist HealthCare Shady Grove Medical Center",52-1532556,96372,CPT,BH Chrg Injection BCE,outpatient,,,,min,100.38,,,12/31/2025,52-1532556_AdventistHealthCareShadyGroveMedicalCenter_StandardCharges.csv
"Adventist HealthCare, Inc. d.b.a. Adventist HealthCare Shady Grove Medical Center",52-1532556,96372,CPT,BH Chrg Injection BCE,outpatient,,,,max,116.23,,,12/31/2025,52-1532556_AdventistHealthCareShadyGroveMedicalCenter_StandardCharges.csv
"Adventist HealthCare, Inc. d.b.a. Adventist HealthCare Shady Grove Medical Center",52-1532556,96372,CPT,BH Chrg Injection BCE,outpatient,,All Payers,All Plans,negotiated,105.66,,other,12/31/2025,52-1532556_AdventistHealthCareShadyGroveMedicalCenter_StandardCharges.csv
"Adventist HealthCare, Inc. d.b.a. Adventist HealthCare Shady Grove Medical Center",52-1532556,90847,CPT,Family Therapy with Patient,outpatient,,,,gross,528.32,,,12/31/2025,52-1532556_AdventistHealthCareShadyGroveMedicalCenter_StandardCharges.csv
"Adventist HealthCare, Inc. d.b.a. Adventist HealthCare Shady Grove Medical Center",52-1532556,90847,CPT,Family Therapy with Patient,outpatient,,,,discounted_cash,517.76,,,12/31/2025,52-1532556_AdventistHealthCareShadyGroveMedicalCenter_StandardCharges.csv
"Adventist HealthCare, Inc. d.b.a. Adventist HealthCare Shady Grove Medical Center",52-1532556,90847,CPT,Family Therapy with Patient,outpatient,,,,min,501.91,,,12/31/2025,52-1532556_AdventistHealthCareShadyGroveMedicalCenter_StandardCharges.csv
"Adventist HealthCare, Inc. d.b.a. Adventist HealthCare Shady Grove Medical Center",52-1532556,90847,CPT,Family Therapy with Patient,outpatient,,,,max,581.16,,,12/31/2025,52-1532556_AdventistHealthCareShadyGroveMedicalCenter_StandardCharges.csv
"Adventist HealthCare, Inc. d.b.a. Adventist HealthCare Shady Grove Medical Center",52-1532556,90847,CPT,Family Therapy with Patient,outpatient,,All Payers,All Plans,negotiated,528.32,,other,12/31/2025,52-1532556_AdventistHealthCareShadyGroveMedicalCenter_StandardCharges.csv
"Adventist HealthCare, Inc. d.b.a. Adventist HealthCare Shady Grove Medical Center",52-1532556,H0015,HCPCS,Psych IOP CD Full Day Per Diem Charge,outpatient,,,,gross,475.49,,,12/31/2025,52-1532556_AdventistHealthCareShadyGroveMedicalCenter_StandardCharges.csv
"Adventist HealthCare, Inc. d.b.a. Adventist HealthCare Shady Grove Medical Center",52-1532556,H0015,HCPCS,Psych IOP CD Full Day Per Diem Charge,outpatient,,,,discounted_cash,465.98,,,12/31/2025,52-1532556_AdventistHealthCareShadyGroveMedicalCenter_StandardCharges.csv
"Adventist HealthCare, Inc. d.b.a. Adventist HealthCare Shady Grove Medical Center",52-1532556,H0015,HCPCS,Psych IOP CD Full Day Per Diem Charge,outpatient,,,,min,451.72,,,12/31/2025,52-1532556_AdventistHealthCareShadyGroveMedicalCenter_StandardCharges.csv
"Adventist HealthCare, Inc. d.b.a. Adventist HealthCare Shady Grove Medical Center",52-1532556,H0015,HCPCS,Psych IOP CD Full Day Per Diem Charge,outpatient,,,,max,523.04,,,12/31/2025,52-1532556_AdventistHealthCareShadyGroveMedicalCenter_StandardCharges.csv
"Adventist HealthCare, Inc. d.b.a. Adventist HealthCare Shady Grove Medical Center",52-1532556,H0015,HCPCS,Psych IOP CD Full Day Per Diem Charge,outpatient,,All Payers,All Plans,negotiated,475.49,,other,12/31/2025,52-1532556_AdventistHealthCareShadyGroveMedicalCenter_StandardCharges.csv
"Adventist HealthCare, Inc. d.b.a. Adventist HealthCare Shady Grove Medical Center",52-1532556,S9480,HCPCS,Psych IOP MH Full Day Per Diem Charge,outpatient,,,,gross,475.49,,,12/31/2025,52-1532556_AdventistHealthCareShadyGroveMedicalCenter_StandardCharges.csv
"Adventist HealthCare, Inc. d.b.a. Adventist HealthCare Shady Grove Medical Center",52-1532556,S9480,HCPCS,Psych IOP MH Full Day Per Diem Charge,outpatient,,,,discounted_cash,465.98,,,12/31/2025,52-1532556_AdventistHealthCareShadyGroveMedicalCenter_StandardCharges.csv
"Adventist HealthCare, Inc. d.b.a. Adventist HealthCare Shady Grove Medical Center",52-1532556,S9480,HCPCS,Psych IOP MH Full Day Per Diem Charge,outpatient,,,,min,451.72,,,12/31/2025,52-1532556_AdventistHealthCareShadyGroveMedicalCenter_StandardCharges.csv
"Adventist HealthCare, Inc. d.b.a. Adventist HealthCare Shady Grove Medical Center",52-1532556,S9480,HCPCS,Psych IOP MH Full Day Per Diem Charge,outpatient,,,,max,523.04,,,12/31/2025,52-1532556_AdventistHealthCareShadyGroveMedicalCenter_StandardCharges.csv
"Adventist HealthCare, Inc. d.b.a. Adventist HealthCare Shady Grove Medical Center",52-1532556,S9480,HCPCS,Psych IOP MH Full Day Per Diem Charge,outpatient,,All Payers,All Plans,negotiated,475.49,,other,12/31/2025,52-1532556_AdventistHealthCareShadyGroveMedicalCenter_StandardCharges.csv
"Adventist HealthCare, Inc. d.b.a. Adventist HealthCare Shady Grove Medical Center",52-1532556,M0243,HCPCS,IV Inf Init casirivimab_imdevi 16-90 min,outpatient,,,,gross,633.99,,,12/31/2025,52-1532556_AdventistHealthCareShadyGroveMedicalCenter_StandardCharges.csv
"Adventist HealthCare, Inc. d.b.a. Adventist HealthCare Shady Grove Medical Center",52-1532556,M0243,HCPCS,IV Inf Init casirivimab_imdevi 16-90 min,outpatient,,,,discounted_cash,621.31,,,12/31/2025,52-1532556_AdventistHealthCareShadyGroveMedicalCenter_StandardCharges.csv
"Adventist HealthCare, Inc. d.b.a. Adventist HealthCare Shady Grove Medical Center",52-1532556,M0243,HCPCS,IV Inf Init casirivimab_imdevi 16-90 min,outpatient,,,,min,602.29,,,12/31/2025,52-1532556_AdventistHealthCareShadyGroveMedicalCenter_StandardCharges.csv
"Adventist HealthCare, Inc. d.b.a. Adventist HealthCare Shady Grove Medical Center",52-1532556,M0243,HCPCS,IV Inf Init casirivimab_imdevi 16-90 min,outpatient,,,,max,697.39,,,12/31/2025,52-1532556_AdventistHealthCareShadyGroveMedicalCenter_StandardCharges.csv
"Adventist HealthCare, Inc. d.b.a. Adventist HealthCare Shady Grove Medical Center",52-1532556,M0243,HCPCS,IV Inf Init casirivimab_imdevi 16-90 min,outpatient,,All Payers,All Plans,negotiated,633.99,,other,12/31/2025,52-1532556_AdventistHealthCareShadyGroveMedicalCenter_StandardCharges.csv
"Adventist HealthCare, Inc. d.b.a. Adventist HealthCare Shady Grove Medical Center",52-1532556,M0240,HCPCS,IV Inf Subs casirivimab_imdevi 16-90 min,outpatient,,,,gross,633.99,,,12/31/2025,52-1532556_AdventistHealthCareShadyGroveMedicalCenter_StandardCharges.csv
"Adventist HealthCare, Inc. d.b.a. Adventist HealthCare Shady Grove Medical Center",52-1532556,M0240,HCPCS,IV Inf Subs casirivimab_imdevi 16-90 min,outpatient,,,,discounted_cash,621.31,,,12/31/2025,52-1532556_AdventistHealthCareShadyGroveMedicalCenter_StandardCharges.csv
"Adventist HealthCare, Inc. d.b.a. Adventist HealthCare Shady Grove Medical Center",52-1532556,M0240,HCPCS,IV Inf Subs casirivimab_imdevi 16-90 min,outpatient,,,,min,602.29,,,12/31/2025,52-1532556_AdventistHealthCareShadyGroveMedicalCenter_StandardCharges.csv
"Adventist HealthCare, Inc. d.b.a. Adventist HealthCare Shady Grove Medical Center",52-1532556,M0240,HCPCS,IV Inf Subs casirivimab_imdevi 16-90 min,outpatient,,,,max,697.39,,,12/31/2025,52-1532556_AdventistHealthCareShadyGroveMedicalCenter_StandardCharges.csv
"Adventist HealthCare, Inc. d.b.a. Adventist HealthCare Shady Grove Medical Center",52-1532556,M0240,HCPCS,IV Inf Subs casirivimab_imdevi 16-90 min,outpatient,,All Payers,All Plans,negotiated,633.99,,other,12/31/2025,52-1532556_AdventistHealthCareShadyGroveMedicalCenter_StandardCharges.csv
"Adventist HealthCare, Inc. d.b.a. Adventist HealthCare Shady Grove Medical Center",52-1532556,M0245,HCPCS,IV Inf bamlanivimab-etesevimab 16-90 min,outpatient,,,,gross,633.99,,,12/31/2025,52-1532556_AdventistHealthCareShadyGroveMedicalCenter_StandardCharges.csv
"Adventist HealthCare, Inc. d.b.a. Adventist HealthCare Shady Grove Medical Center",52-1532556,M0245,HCPCS,IV Inf bamlanivimab-etesevimab 16-90 min,outpatient,,,,discounted_cash,621.31,,,12/31/2025,52-1532556_AdventistHealthCareShadyGroveMedicalCenter_StandardCharges.csv
"Adventist HealthCare, Inc. d.b.a. Adventist HealthCare Shady Grove Medical Center",52-1532556,M0245,HCPCS,IV Inf bamlanivimab-etesevimab 16-90 min,outpatient,,,,min,602.29,,,12/31/2025,52-1532556_AdventistHealthCareShadyGroveMedicalCenter_StandardCharges.csv
"Adventist HealthCare, Inc. d.b.a. Adventist HealthCare Shady Grove Medical Center",52-1532556,M0245,HCPCS,IV Inf bamlanivimab-etesevimab 16-90 min,outpatient,,,,max,697.39,,,12/31/2025,52-1532556_AdventistHealthCareShadyGroveMedicalCenter_StandardCharges.csv
"Adventist HealthCare, Inc. d.b.a. Adventist HealthCare Shady Grove Medical Center",52-1532556,M0245,HCPCS,IV Inf bamlanivimab-etesevimab 16-90 min,outpatient,,All Payers,All Plans,negotiated,633.99,,other,12/31/2025,52-1532556_AdventistHealthCareShadyGroveMedicalCenter_StandardCharges.csv
"Adventist HealthCare, Inc. d.b.a. Adventist HealthCare Shady Grove Medical Center",52-1532556,M0247,HCPCS,IV Infusion sotrovimab 16-90 min,outpatient,,,,gross,633.99,,,12/31/2025,52-1532556_AdventistHealthCareShadyGroveMedicalCenter_StandardCharges.csv
"Adventist HealthCare, Inc. d.b.a. Adventist HealthCare Shady Grove Medical Center",52-1532556,M0247,HCPCS,IV Infusion sotrovimab 16-90 min,outpatient,,,,discounted_cash,621.31,,,12/31/2025,52-1532556_AdventistHealthCareShadyGroveMedicalCenter_StandardCharges.csv
"Adventist HealthCare, Inc. d.b.a. Adventist HealthCare Shady Grove Medical Center",52-1532556,M0247,HCPCS,IV Infusion sotrovimab 16-90 min,outpatient,,,,min,602.29,,,12/31/2025,52-1532556_AdventistHealthCareShadyGroveMedicalCenter_StandardCharges.csv
"Adventist HealthCare, Inc. d.b.a. Adventist HealthCare Shady Grove Medical Center",52-1532556,M0247,HCPCS,IV Infusion sotrovimab 16-90 min,outpatient,,,,max,697.39,,,12/31/2025,52-1532556_AdventistHealthCareShadyGroveMedicalCenter_StandardCharges.csv
"Adventist HealthCare, Inc. d.b.a. Adventist HealthCare Shady Grove Medical Center",52-1532556,M0247,HCPCS,IV Infusion sotrovimab 16-90 min,outpatient,,All Payers,All Plans,negotiated,633.99,,other,12/31/2025,52-1532556_AdventistHealthCareShadyGroveMedicalCenter_StandardCharges.csv
"Adventist HealthCare, Inc. d.b.a. Adventist HealthCare Shady Grove Medical Center",52-1532556,M0222,HCPCS,IV Push bebtelovimab,outpatient,,,,gross,475.49,,,12/31/2025,52-1532556_AdventistHealthCareShadyGroveMedicalCenter_StandardCharges.csv
"Adventist HealthCare, Inc. d.b.a. Adventist HealthCare Shady Grove Medical Center",52-1532556,M0222,HCPCS,IV Push bebtelovimab,outpatient,,,,discounted_cash,465.98,,,12/31/2025,52-1532556_AdventistHealthCareShadyGroveMedicalCenter_StandardCharges.csv
"Adventist HealthCare, Inc. d.b.a. Adventist HealthCare Shady Grove Medical Center",52-1532556,M0222,HCPCS,IV Push bebtelovimab,outpatient,,,,min,451.72,,,12/31/2025,52-1532556_AdventistHealthCareShadyGroveMedicalCenter_StandardCharges.csv
"Adventist HealthCare, Inc. d.b.a. Adventist HealthCare Shady Grove Medical Center",52-1532556,M0222,HCPCS,IV Push bebtelovimab,outpatient,,,,max,523.04,,,12/31/2025,52-1532556_AdventistHealthCareShadyGroveMedicalCenter_StandardCharges.csv
"Adventist HealthCare, Inc. d.b.a. Adventist HealthCare Shady Grove Medical Center",52-1532556,M0222,HCPCS,IV Push bebtelovimab,outpatient,,All Payers,All Plans,negotiated,475.49,,other,12/31/2025,52-1532556_AdventistHealthCareShadyGroveMedicalCenter_StandardCharges.csv
"Adventist HealthCare, Inc. d.b.a. Adventist HealthCare Shady Grove Medical Center",52-1532556,99202,CPT,CAC MD Visit H&P 20 Minutes,outpatient,,,,gross,158.5,,,12/31/2025,52-1532556_AdventistHealthCareShadyGroveMedicalCenter_StandardCharges.csv
"Adventist HealthCare, Inc. d.b.a. Adventist HealthCare Shady Grove Medical Center",52-1532556,99202,CPT,CAC MD Visit H&P 20 Minutes,outpatient,,,,discounted_cash,155.33,,,12/31/2025,52-1532556_AdventistHealthCareShadyGroveMedicalCenter_StandardCharges.csv
"Adventist HealthCare, Inc. d.b.a. Adventist HealthCare Shady Grove Medical Center",52-1532556,99202,CPT,CAC MD Visit H&P 20 Minutes,outpatient,,,,min,150.57,,,12/31/2025,52-1532556_AdventistHealthCareShadyGroveMedicalCenter_StandardCharges.csv
"Adventist HealthCare, Inc. d.b.a. Adventist HealthCare Shady Grove Medical Center",52-1532556,99202,CPT,CAC MD Visit H&P 20 Minutes,outpatient,,,,max,174.35,,,12/31/2025,52-1532556_AdventistHealthCareShadyGroveMedicalCenter_StandardCharges.csv
"Adventist HealthCare, Inc. d.b.a. Adventist HealthCare Shady Grove Medical Center",52-1532556,99202,CPT,CAC MD Visit H&P 20 Minutes,outpatient,,All Payers,All Plans,negotiated,158.5,,other,12/31/2025,52-1532556_AdventistHealthCareShadyGroveMedicalCenter_StandardCharges.csv
"Adventist HealthCare, Inc. d.b.a. Adventist HealthCare Shady Grove Medical Center",52-1532556,93798,CPT,Cardiac Rehab Phase 2 KX Charge,outpatient,,,,gross,264.16,,,12/31/2025,52-1532556_AdventistHealthCareShadyGroveMedicalCenter_StandardCharges.csv
"Adventist HealthCare, Inc. d.b.a. Adventist HealthCare Shady Grove Medical Center",52-1532556,93798,CPT,Cardiac Rehab Phase 2 KX Charge,outpatient,,,,discounted_cash,258.88,,,12/31/2025,52-1532556_AdventistHealthCareShadyGroveMedicalCenter_StandardCharges.csv
"Adventist HealthCare, Inc. d.b.a. Adventist HealthCare Shady Grove Medical Center",52-1532556,93798,CPT,Cardiac Rehab Phase 2 KX Charge,outpatient,,,,min,250.95,,,12/31/2025,52-1532556_AdventistHealthCareShadyGroveMedicalCenter_StandardCharges.csv
"Adventist HealthCare, Inc. d.b.a. Adventist HealthCare Shady Grove Medical Center",52-1532556,93798,CPT,Cardiac Rehab Phase 2 KX Charge,outpatient,,,,max,290.58,,,12/31/2025,52-1532556_AdventistHealthCareShadyGroveMedicalCenter_StandardCharges.csv
"Adventist HealthCare, Inc. d.b.a. Adventist HealthCare Shady Grove Medical Center",52-1532556,93798,CPT,Cardiac Rehab Phase 2 KX Charge,outpatient,,All Payers,All Plans,negotiated,264.16,,other,12/31/2025,52-1532556_AdventistHealthCareShadyGroveMedicalCenter_StandardCharges.csv
"Adventist HealthCare, Inc. d.b.a. Adventist HealthCare Shady Grove Medical Center",52-1532556,93798,CPT,Cardiac Rehab Phase 2 Visit Charge,outpatient,,,,gross,264.16,,,12/31/2025,52-1532556_AdventistHealthCareShadyGroveMedicalCenter_StandardCharges.csv
"Adventist HealthCare, Inc. d.b.a. Adventist HealthCare Shady Grove Medical Center",52-1532556,93798,CPT,Cardiac Rehab Phase 2 Visit Charge,outpatient,,,,discounted_cash,258.88,,,12/31/2025,52-1532556_AdventistHealthCareShadyGroveMedicalCenter_StandardCharges.csv
"Adventist HealthCare, Inc. d.b.a. Adventist HealthCare Shady Grove Medical Center",52-1532556,93798,CPT,Cardiac Rehab Phase 2 Visit Charge,outpatient,,,,min,250.95,,,12/31/2025,52-1532556_AdventistHealthCareShadyGroveMedicalCenter_StandardCharges.csv
"Adventist HealthCare, Inc. d.b.a. Adventist HealthCare Shady Grove Medical Center",52-1532556,93798,CPT,Cardiac Rehab Phase 2 Visit Charge,outpatient,,,,max,290.58,,,12/31/2025,52-1532556_AdventistHealthCareShadyGroveMedicalCenter_StandardCharges.csv
"Adventist HealthCare, Inc. d.b.a. Adventist HealthCare Shady Grove Medical Center",52-1532556,93798,CPT,Cardiac Rehab Phase 2 Visit Charge,outpatient,,All Payers,All Plans,negotiated,264.16,,other,12/31/2025,52-1532556_AdventistHealthCareShadyGroveMedicalCenter_StandardCharges.csv
"Adventist HealthCare, Inc. d.b.a. Adventist HealthCare Shady Grove Medical Center",52-1532556,93797,CPT,Cardiac Rehab Phase 3 Visit Charge,outpatient,,,,gross,10.0,,,12/31/2025,52-1532556_AdventistHealthCareShadyGroveMedicalCenter_StandardCharges.csv
"Adventist HealthCare, Inc. d.b.a. Adventist HealthCare Shady Grove Medical Center",52-1532556,93797,CPT,Cardiac Rehab Phase 3 Visit Charge,outpatient,,,,discounted_cash,10.0,,,12/31/2025,52-1532556_AdventistHealthCareShadyGroveMedicalCenter_StandardCharges.csv
"Adventist HealthCare, Inc. d.b.a. Adventist HealthCare Shady Grove Medical Center",52-1532556,93797,CPT,Cardiac Rehab Phase 3 Visit Charge,outpatient,,,,min,10.0,,,12/31/2025,52-1532556_AdventistHealthCareShadyGroveMedicalCenter_StandardCharges.csv
"Adventist HealthCare, Inc. d.b.a. Adventist HealthCare Shady Grove Medical Center",52-1532556,93797,CPT,Cardiac Rehab Phase 3 Visit Charge,outpatient,,,,max,10.0,,,12/31/2025,52-1532556_AdventistHealthCareShadyGroveMedicalCenter_StandardCharges.csv
"Adventist HealthCare, Inc. d.b.a. Adventist HealthCare Shady Grove Medical Center",52-1532556,93797,CPT,Cardiac Rehab Phase 3 Visit Charge,outpatient,,Self Pay,Self Pay,negotiated,10.0,,other,12/31/2025,52-1532556_AdventistHealthCareShadyGroveMedicalCenter_StandardCharges.csv
"Adventist HealthCare, Inc. d.b.a. Adventist HealthCare Shady Grove Medical Center",52-1532556,93797,CPT,Cardiac Rehab Phase 3/Month Charge,outpatient,,,,gross,35.0,,,12/31/2025,52-1532556_AdventistHealthCareShadyGroveMedicalCenter_StandardCharges.csv
"Adventist HealthCare, Inc. d.b.a. Adventist HealthCare Shady Grove Medical Center",52-1532556,93797,CPT,Cardiac Rehab Phase 3/Month Charge,outpatient,,,,discounted_cash,35.0,,,12/31/2025,52-1532556_AdventistHealthCareShadyGroveMedicalCenter_StandardCharges.csv
"Adventist HealthCare, Inc. d.b.a. Adventist HealthCare Shady Grove Medical Center",52-1532556,93797,CPT,Cardiac Rehab Phase 3/Month Charge,outpatient,,,,min,35.0,,,12/31/2025,52-1532556_AdventistHealthCareShadyGroveMedicalCenter_StandardCharges.csv
"Adventist HealthCare, Inc. d.b.a. Adventist HealthCare Shady Grove Medical Center",52-1532556,93797,CPT,Cardiac Rehab Phase 3/Month Charge,outpatient,,,,max,35.0,,,12/31/2025,52-1532556_AdventistHealthCareShadyGroveMedicalCenter_StandardCharges.csv
"Adventist HealthCare, Inc. d.b.a. Adventist HealthCare Shady Grove Medical Center",52-1532556,93797,CPT,Cardiac Rehab Phase 3/Month Charge,outpatient,,Self Pay,Self Pay,negotiated,35.0,,other,12/31/2025,52-1532556_AdventistHealthCareShadyGroveMedicalCenter_StandardCharges.csv
"Adventist HealthCare, Inc. d.b.a. Adventist HealthCare Shady Grove Medical Center",52-1532556,99205,CPT,EECP Assessment Charge,both,,,,gross,316.99,,,12/31/2025,52-1532556_AdventistHealthCareShadyGroveMedicalCenter_StandardCharges.csv
"Adventist HealthCare, Inc. d.b.a. Adventist HealthCare Shady Grove Medical Center",52-1532556,99205,CPT,EECP Assessment Charge,both,,,,discounted_cash,310.65,,,12/31/2025,52-1532556_AdventistHealthCareShadyGroveMedicalCenter_StandardCharges.csv
"Adventist HealthCare, Inc. d.b.a. Adventist HealthCare Shady Grove Medical Center",52-1532556,99205,CPT,EECP Assessment Charge,both,,,,min,301.15,,,12/31/2025,52-1532556_AdventistHealthCareShadyGroveMedicalCenter_StandardCharges.csv
"Adventist HealthCare, Inc. d.b.a. Adventist HealthCare Shady Grove Medical Center",52-1532556,99205,CPT,EECP Assessment Charge,both,,,,max,348.69,,,12/31/2025,52-1532556_AdventistHealthCareShadyGroveMedicalCenter_StandardCharges.csv
"Adventist HealthCare, Inc. d.b.a. Adventist HealthCare Shady Grove Medical Center",52-1532556,99205,CPT,EECP Assessment Charge,both,,All Payers,All Plans,negotiated,316.99,,other,12/31/2025,52-1532556_AdventistHealthCareShadyGroveMedicalCenter_StandardCharges.csv
"Adventist HealthCare, Inc. d.b.a. Adventist HealthCare Shady Grove Medical Center",52-1532556,93668,CPT,Peripheral Artery Disease Visit Charge,both,,,,gross,211.33,,,12/31/2025,52-1532556_AdventistHealthCareShadyGroveMedicalCenter_StandardCharges.csv
"Adventist HealthCare, Inc. d.b.a. Adventist HealthCare Shady Grove Medical Center",52-1532556,93668,CPT,Peripheral Artery Disease Visit Charge,both,,,,discounted_cash,207.1,,,12/31/2025,52-1532556_AdventistHealthCareShadyGroveMedicalCenter_StandardCharges.csv
"Adventist HealthCare, Inc. d.b.a. Adventist HealthCare Shady Grove Medical Center",52-1532556,93668,CPT,Peripheral Artery Disease Visit Charge,both,,,,min,200.76,,,12/31/2025,52-1532556_AdventistHealthCareShadyGroveMedicalCenter_StandardCharges.csv
"Adventist HealthCare, Inc. d.b.a. Adventist HealthCare Shady Grove Medical Center",52-1532556,93668,CPT,Peripheral Artery Disease Visit Charge,both,,,,max,232.46,,,12/31/2025,52-1532556_AdventistHealthCareShadyGroveMedicalCenter_StandardCharges.csv
"Adventist HealthCare, Inc. d.b.a. Adventist HealthCare Shady Grove Medical Center",52-1532556,93668,CPT,Peripheral Artery Disease Visit Charge,both,,All Payers,All Plans,negotiated,211.33,,other,12/31/2025,52-1532556_AdventistHealthCareShadyGroveMedicalCenter_StandardCharges.csv
"Adventist HealthCare, Inc. d.b.a. Adventist HealthCare Shady Grove Medical Center",52-1532556,36513,CPT,Apheresis Platelets Therapeutic,both,,,,gross,2641.62,,,12/31/2025,52-1532556_AdventistHealthCareShadyGroveMedicalCenter_StandardCharges.csv
"Adventist HealthCare, Inc. d.b.a. Adventist HealthCare Shady Grove Medical Center",52-1532556,36513,CPT,Apheresis Platelets Therapeutic,both,,,,discounted_cash,2588.79,,,12/31/2025,52-1532556_AdventistHealthCareShadyGroveMedicalCenter_StandardCharges.csv
"Adventist HealthCare, Inc. d.b.a. Adventist HealthCare Shady Grove Medical Center",52-1532556,36513,CPT,Apheresis Platelets Therapeutic,both,,,,min,2509.54,,,12/31/2025,52-1532556_AdventistHealthCareShadyGroveMedicalCenter_StandardCharges.csv
"Adventist HealthCare, Inc. d.b.a. Adventist HealthCare Shady Grove Medical Center",52-1532556,36513,CPT,Apheresis Platelets Therapeutic,both,,,,max,2905.79,,,12/31/2025,52-1532556_AdventistHealthCareShadyGroveMedicalCenter_StandardCharges.csv
"Adventist HealthCare, Inc. d.b.a. Adventist HealthCare Shady Grove Medical Center",52-1532556,36513,CPT,Apheresis Platelets Therapeutic,both,,All Payers,All Plans,negotiated,2641.62,,other,12/31/2025,52-1532556_AdventistHealthCareShadyGroveMedicalCenter_StandardCharges.csv
"Adventist HealthCare, Inc. d.b.a. Adventist HealthCare Shady Grove Medical Center",52-1532556,36512,CPT,Apheresis RBC Exchange Transfusion,both,,,,gross,2641.62,,,12/31/2025,52-1532556_AdventistHealthCareShadyGroveMedicalCenter_StandardCharges.csv
"Adventist HealthCare, Inc. d.b.a. Adventist HealthCare Shady Grove Medical Center",52-1532556,36512,CPT,Apheresis RBC Exchange Transfusion,both,,,,discounted_cash,2588.79,,,12/31/2025,52-1532556_AdventistHealthCareShadyGroveMedicalCenter_StandardCharges.csv
"Adventist HealthCare, Inc. d.b.a. Adventist HealthCare Shady Grove Medical Center",52-1532556,36512,CPT,Apheresis RBC Exchange Transfusion,both,,,,min,2509.54,,,12/31/2025,52-1532556_AdventistHealthCareShadyGroveMedicalCenter_StandardCharges.csv
"Adventist HealthCare, Inc. d.b.a. Adventist HealthCare Shady Grove Medical Center",52-1532556,36512,CPT,Apheresis RBC Exchange Transfusion,both,,,,max,2905.79,,,12/31/2025,52-1532556_AdventistHealthCareShadyGroveMedicalCenter_StandardCharges.csv
"Adventist HealthCare, Inc. d.b.a. Adventist HealthCare Shady Grove Medical Center",52-1532556,36512,CPT,Apheresis RBC Exchange Transfusion,both,,All Payers,All Plans,negotiated,2641.62,,other,12/31/2025,52-1532556_AdventistHealthCareShadyGroveMedicalCenter_StandardCharges.csv
"Adventist HealthCare, Inc. d.b.a. Adventist HealthCare Shady Grove Medical Center",52-1532556,36511,CPT,Apheresis WBC Therapeutic,both,,,,gross,2641.62,,,12/31/2025,52-1532556_AdventistHealthCareShadyGroveMedicalCenter_StandardCharges.csv
"Adventist HealthCare, Inc. d.b.a. Adventist HealthCare Shady Grove Medical Center",52-1532556,36511,CPT,Apheresis WBC Therapeutic,both,,,,discounted_cash,2588.79,,,12/31/2025,52-1532556_AdventistHealthCareShadyGroveMedicalCenter_StandardCharges.csv
"Adventist HealthCare, Inc. d.b.a. Adventist HealthCare Shady Grove Medical Center",52-1532556,36511,CPT,Apheresis WBC Therapeutic,both,,,,min,2509.54,,,12/31/2025,52-1532556_AdventistHealthCareShadyGroveMedicalCenter_StandardCharges.csv
"Adventist HealthCare, Inc. d.b.a. Adventist HealthCare Shady Grove Medical Center",52-1532556,36511,CPT,Apheresis WBC Therapeutic,both,,,,max,2905.79,,,12/31/2025,52-1532556_AdventistHealthCareShadyGroveMedicalCenter_StandardCharges.csv
"Adventist HealthCare, Inc. d.b.a. Adventist HealthCare Shady Grove Medical Center",52-1532556,36511,CPT,Apheresis WBC Therapeutic,both,,All Payers,All Plans,negotiated,2641.62,,other,12/31/2025,52-1532556_AdventistHealthCareShadyGroveMedicalCenter_StandardCharges.csv
"Adventist HealthCare, Inc. d.b.a. Adventist HealthCare Shady Grove Medical Center",52-1532556,36514,CPT,Plasmapheresis Charge,both,,,,gross,2641.62,,,12/31/2025,52-1532556_AdventistHealthCareShadyGroveMedicalCenter_StandardCharges.csv
"Adventist HealthCare, Inc. d.b.a. Adventist HealthCare Shady Grove Medical Center",52-1532556,36514,CPT,Plasmapheresis Charge,both,,,,discounted_cash,2588.79,,,12/31/2025,52-1532556_AdventistHealthCareShadyGroveMedicalCenter_StandardCharges.csv
"Adventist HealthCare, Inc. d.b.a. Adventist HealthCare Shady Grove Medical Center",52-1532556,36514,CPT,Plasmapheresis Charge,both,,,,min,2509.54,,,12/31/2025,52-1532556_AdventistHealthCareShadyGroveMedicalCenter_StandardCharges.csv
"Adventist HealthCare, Inc. d.b.a. Adventist HealthCare Shady Grove Medical Center",52-1532556,36514,CPT,Plasmapheresis Charge,both,,,,max,2905.79,,,12/31/2025,52-1532556_AdventistHealthCareShadyGroveMedicalCenter_StandardCharges.csv
"Adventist HealthCare, Inc. d.b.a. Adventist HealthCare Shady Grove Medical Center",52-1532556,36514,CPT,Plasmapheresis Charge,both,,All Payers,All Plans,negotiated,2641.62,,other,12/31/2025,52-1532556_AdventistHealthCareShadyGroveMedicalCenter_StandardCharges.csv
"Adventist HealthCare, Inc. d.b.a. Adventist HealthCare Shady Grove Medical Center",52-1532556,36513,CPT,Apheresis Platelets Therapy,both,,,,gross,2641.62,,,12/31/2025,52-1532556_AdventistHealthCareShadyGroveMedicalCenter_StandardCharges.csv
"Adventist HealthCare, Inc. d.b.a. Adventist HealthCare Shady Grove Medical Center",52-1532556,36513,CPT,Apheresis Platelets Therapy,both,,,,discounted_cash,2588.79,,,12/31/2025,52-1532556_AdventistHealthCareShadyGroveMedicalCenter_StandardCharges.csv
"Adventist HealthCare, Inc. d.b.a. Adventist HealthCare Shady Grove Medical Center",52-1532556,36513,CPT,Apheresis Platelets Therapy,both,,,,min,2509.54,,,12/31/2025,52-1532556_AdventistHealthCareShadyGroveMedicalCenter_StandardCharges.csv
"Adventist HealthCare, Inc. d.b.a. Adventist HealthCare Shady Grove Medical Center",52-1532556,36513,CPT,Apheresis Platelets Therapy,both,,,,max,2905.79,,,12/31/2025,52-1532556_AdventistHealthCareShadyGroveMedicalCenter_StandardCharges.csv
"Adventist HealthCare, Inc. d.b.a. Adventist HealthCare Shady Grove Medical Center",52-1532556,36513,CPT,Apheresis Platelets Therapy,both,,All Payers,All Plans,negotiated,2641.62,,other,12/31/2025,52-1532556_AdventistHealthCareShadyGroveMedicalCenter_StandardCharges.csv
"Adventist HealthCare, Inc. d.b.a. Adventist HealthCare Shady Grove Medical Center",52-1532556,36512,CPT,Apheresis RBC Therapy,both,,,,gross,2641.62,,,12/31/2025,52-1532556_AdventistHealthCareShadyGroveMedicalCenter_StandardCharges.csv
"Adventist HealthCare, Inc. d.b.a. Adventist HealthCare Shady Grove Medical Center",52-1532556,36512,CPT,Apheresis RBC Therapy,both,,,,discounted_cash,2588.79,,,12/31/2025,52-1532556_AdventistHealthCareShadyGroveMedicalCenter_StandardCharges.csv
"Adventist HealthCare, Inc. d.b.a. Adventist HealthCare Shady Grove Medical Center",52-1532556,36512,CPT,Apheresis RBC Therapy,both,,,,min,2509.54,,,12/31/2025,52-1532556_AdventistHealthCareShadyGroveMedicalCenter_StandardCharges.csv
"Adventist HealthCare, Inc. d.b.a. Adventist HealthCare Shady Grove Medical Center",52-1532556,36512,CPT,Apheresis RBC Therapy,both,,,,max,2905.79,,,12/31/2025,52-1532556_AdventistHealthCareShadyGroveMedicalCenter_StandardCharges.csv
"Adventist HealthCare, Inc. d.b.a. Adventist HealthCare Shady Grove Medical Center",52-1532556,36512,CPT,Apheresis RBC Therapy,both,,All Payers,All Plans,negotiated,2641.62,,other,12/31/2025,52-1532556_AdventistHealthCareShadyGroveMedicalCenter_StandardCharges.csv
"Adventist HealthCare, Inc. d.b.a. Adventist HealthCare Shady Grove Medical Center",52-1532556,36514,CPT,Apheresis for Plasmapheresis,both,,,,gross,2641.62,,,12/31/2025,52-1532556_AdventistHealthCareShadyGroveMedicalCenter_StandardCharges.csv
"Adventist HealthCare, Inc. d.b.a. Adventist HealthCare Shady Grove Medical Center",52-1532556,36514,CPT,Apheresis for Plasmapheresis,both,,,,discounted_cash,2588.79,,,12/31/2025,52-1532556_AdventistHealthCareShadyGroveMedicalCenter_StandardCharges.csv
"Adventist HealthCare, Inc. d.b.a. Adventist HealthCare Shady Grove Medical Center",52-1532556,36514,CPT,Apheresis for Plasmapheresis,both,,,,min,2509.54,,,12/31/2025,52-1532556_AdventistHealthCareShadyGroveMedicalCenter_StandardCharges.csv
"Adventist HealthCare, Inc. d.b.a. Adventist HealthCare Shady Grove Medical Center",52-1532556,36514,CPT,Apheresis for Plasmapheresis,both,,,,max,2905.79,,,12/31/2025,52-1532556_AdventistHealthCareShadyGroveMedicalCenter_StandardCharges.csv
"Adventist HealthCare, Inc. d.b.a. Adventist HealthCare Shady Grove Medical Center",52-1532556,36514,CPT,Apheresis for Plasmapheresis,both,,All Payers,All Plans,negotiated,2641.62,,other,12/31/2025,52-1532556_AdventistHealthCareShadyGroveMedicalCenter_StandardCharges.csv
"Adventist HealthCare, Inc. d.b.a. Adventist HealthCare Shady Grove Medical Center",52-1532556,36511,CPT,Apheresis for WBC Depletion,both,,,,gross,2641.62,,,12/31/2025,52-1532556_AdventistHealthCareShadyGroveMedicalCenter_StandardCharges.csv
"Adventist HealthCare, Inc. d.b.a. Adventist HealthCare Shady Grove Medical Center",52-1532556,36511,CPT,Apheresis for WBC Depletion,both,,,,discounted_cash,2588.79,,,12/31/2025,52-1532556_AdventistHealthCareShadyGroveMedicalCenter_StandardCharges.csv
"Adventist HealthCare, Inc. d.b.a. Adventist HealthCare Shady Grove Medical Center",52-1532556,36511,CPT,Apheresis for WBC Depletion,both,,,,min,2509.54,,,12/31/2025,52-1532556_AdventistHealthCareShadyGroveMedicalCenter_StandardCharges.csv
"Adventist HealthCare, Inc. d.b.a. Adventist HealthCare Shady Grove Medical Center",52-1532556,36511,CPT,Apheresis for WBC Depletion,both,,,,max,2905.79,,,12/31/2025,52-1532556_AdventistHealthCareShadyGroveMedicalCenter_StandardCharges.csv
"Adventist HealthCare, Inc. d.b.a. Adventist HealthCare Shady Grove Medical Center",52-1532556,36511,CPT,Apheresis for WBC Depletion,both,,All Payers,All Plans,negotiated,2641.62,,other,12/31/2025,52-1532556_AdventistHealthCareShadyGroveMedicalCenter_StandardCharges.csv
"Adventist HealthCare, Inc. d.b.a. Adventist HealthCare Shady Grove Medical Center",52-1532556,96413,CPT,IP Chemo Infusion First Hour,both,,,,gross,950.98,,,12/31/2025,52-1532556_AdventistHealthCareShadyGroveMedicalCenter_StandardCharges.csv
"Adventist HealthCare, Inc. d.b.a. Adventist HealthCare Shady Grove Medical Center",52-1532556,96413,CPT,IP Chemo Infusion First Hour,both,,,,discounted_cash,931.96,,,12/31/2025,52-1532556_AdventistHealthCareShadyGroveMedicalCenter_StandardCharges.csv
"Adventist HealthCare, Inc. d.b.a. Adventist HealthCare Shady Grove Medical Center",52-1532556,96413,CPT,IP Chemo Infusion First Hour,both,,,,min,903.44,,,12/31/2025,52-1532556_AdventistHealthCareShadyGroveMedicalCenter_StandardCharges.csv
"Adventist HealthCare, Inc. d.b.a. Adventist HealthCare Shady Grove Medical Center",52-1532556,96413,CPT,IP Chemo Infusion First Hour,both,,,,max,1046.08,,,12/31/2025,52-1532556_AdventistHealthCareShadyGroveMedicalCenter_StandardCharges.csv
"Adventist HealthCare, Inc. d.b.a. Adventist HealthCare Shady Grove Medical Center",52-1532556,96413,CPT,IP Chemo Infusion First Hour,both,,All Payers,All Plans,negotiated,950.98,,other,12/31/2025,52-1532556_AdventistHealthCareShadyGroveMedicalCenter_StandardCharges.csv
"Adventist HealthCare, Inc. d.b.a. Adventist HealthCare Shady Grove Medical Center",52-1532556,96411,CPT,Add Chemo IV Push Add'l NEW DRUG,both,,,,gross,211.33,,,12/31/2025,52-1532556_AdventistHealthCareShadyGroveMedicalCenter_StandardCharges.csv
"Adventist HealthCare, Inc. d.b.a. Adventist HealthCare Shady Grove Medical Center",52-1532556,96411,CPT,Add Chemo IV Push Add'l NEW DRUG,both,,,,discounted_cash,207.1,,,12/31/2025,52-1532556_AdventistHealthCareShadyGroveMedicalCenter_StandardCharges.csv
"Adventist HealthCare, Inc. d.b.a. Adventist HealthCare Shady Grove Medical Center",52-1532556,96411,CPT,Add Chemo IV Push Add'l NEW DRUG,both,,,,min,200.76,,,12/31/2025,52-1532556_AdventistHealthCareShadyGroveMedicalCenter_StandardCharges.csv
"Adventist HealthCare, Inc. d.b.a. Adventist HealthCare Shady Grove Medical Center",52-1532556,96411,CPT,Add Chemo IV Push Add'l NEW DRUG,both,,,,max,232.46,,,12/31/2025,52-1532556_AdventistHealthCareShadyGroveMedicalCenter_StandardCharges.csv
"Adventist HealthCare, Inc. d.b.a. Adventist HealthCare Shady Grove Medical Center",52-1532556,96411,CPT,Add Chemo IV Push Add'l NEW DRUG,both,,All Payers,All Plans,negotiated,211.33,,other,12/31/2025,52-1532556_AdventistHealthCareShadyGroveMedicalCenter_StandardCharges.csv
"Adventist HealthCare, Inc. d.b.a. Adventist HealthCare Shady Grove Medical Center",52-1532556,96361,CPT,Add Hydration IV Inf Add'l Hr 31-90 mn,both,,,,gross,158.5,,,12/31/2025,52-1532556_AdventistHealthCareShadyGroveMedicalCenter_StandardCharges.csv
"Adventist HealthCare, Inc. d.b.a. Adventist HealthCare Shady Grove Medical Center",52-1532556,96361,CPT,Add Hydration IV Inf Add'l Hr 31-90 mn,both,,,,discounted_cash,155.33,,,12/31/2025,52-1532556_AdventistHealthCareShadyGroveMedicalCenter_StandardCharges.csv
"Adventist HealthCare, Inc. d.b.a. Adventist HealthCare Shady Grove Medical Center",52-1532556,96361,CPT,Add Hydration IV Inf Add'l Hr 31-90 mn,both,,,,min,150.57,,,12/31/2025,52-1532556_AdventistHealthCareShadyGroveMedicalCenter_StandardCharges.csv
"Adventist HealthCare, Inc. d.b.a. Adventist HealthCare Shady Grove Medical Center",52-1532556,96361,CPT,Add Hydration IV Inf Add'l Hr 31-90 mn,both,,,,max,174.35,,,12/31/2025,52-1532556_AdventistHealthCareShadyGroveMedicalCenter_StandardCharges.csv
"Adventist HealthCare, Inc. d.b.a. Adventist HealthCare Shady Grove Medical Center",52-1532556,96361,CPT,Add Hydration IV Inf Add'l Hr 31-90 mn,both,,All Payers,All Plans,negotiated,158.5,,other,12/31/2025,52-1532556_AdventistHealthCareShadyGroveMedicalCenter_StandardCharges.csv
"Adventist HealthCare, Inc. d.b.a. Adventist HealthCare Shady Grove Medical Center",52-1532556,96367,CPT,Add IV Inf Add�l NEW DRUG Hr 1 16-90mn,both,,,,gross,369.83,,,12/31/2025,52-1532556_AdventistHealthCareShadyGroveMedicalCenter_StandardCharges.csv
"Adventist HealthCare, Inc. d.b.a. Adventist HealthCare Shady Grove Medical Center",52-1532556,96367,CPT,Add IV Inf Add�l NEW DRUG Hr 1 16-90mn,both,,,,discounted_cash,362.43,,,12/31/2025,52-1532556_AdventistHealthCareShadyGroveMedicalCenter_StandardCharges.csv
"Adventist HealthCare, Inc. d.b.a. Adventist HealthCare Shady Grove Medical Center",52-1532556,96367,CPT,Add IV Inf Add�l NEW DRUG Hr 1 16-90mn,both,,,,min,351.34,,,12/31/2025,52-1532556_AdventistHealthCareShadyGroveMedicalCenter_StandardCharges.csv
"Adventist HealthCare, Inc. d.b.a. Adventist HealthCare Shady Grove Medical Center",52-1532556,96367,CPT,Add IV Inf Add�l NEW DRUG Hr 1 16-90mn,both,,,,max,406.81,,,12/31/2025,52-1532556_AdventistHealthCareShadyGroveMedicalCenter_StandardCharges.csv
"Adventist HealthCare, Inc. d.b.a. Adventist HealthCare Shady Grove Medical Center",52-1532556,96367,CPT,Add IV Inf Add�l NEW DRUG Hr 1 16-90mn,both,,All Payers,All Plans,negotiated,369.83,,other,12/31/2025,52-1532556_AdventistHealthCareShadyGroveMedicalCenter_StandardCharges.csv
"Adventist HealthCare, Inc. d.b.a. Adventist HealthCare Shady Grove Medical Center",52-1532556,96375,CPT,Add IVP Add'l NEW DRUG-Non-Chemo,both,,,,gross,211.33,,,12/31/2025,52-1532556_AdventistHealthCareShadyGroveMedicalCenter_StandardCharges.csv
"Adventist HealthCare, Inc. d.b.a. Adventist HealthCare Shady Grove Medical Center",52-1532556,96375,CPT,Add IVP Add'l NEW DRUG-Non-Chemo,both,,,,discounted_cash,207.1,,,12/31/2025,52-1532556_AdventistHealthCareShadyGroveMedicalCenter_StandardCharges.csv
"Adventist HealthCare, Inc. d.b.a. Adventist HealthCare Shady Grove Medical Center",52-1532556,96375,CPT,Add IVP Add'l NEW DRUG-Non-Chemo,both,,,,min,200.76,,,12/31/2025,52-1532556_AdventistHealthCareShadyGroveMedicalCenter_StandardCharges.csv
"Adventist HealthCare, Inc. d.b.a. Adventist HealthCare Shady Grove Medical Center",52-1532556,96375,CPT,Add IVP Add'l NEW DRUG-Non-Chemo,both,,,,max,232.46,,,12/31/2025,52-1532556_AdventistHealthCareShadyGroveMedicalCenter_StandardCharges.csv
"Adventist HealthCare, Inc. d.b.a. Adventist HealthCare Shady Grove Medical Center",52-1532556,96375,CPT,Add IVP Add'l NEW DRUG-Non-Chemo,both,,All Payers,All Plans,negotiated,211.33,,other,12/31/2025,52-1532556_AdventistHealthCareShadyGroveMedicalCenter_StandardCharges.csv
"Adventist HealthCare, Inc. d.b.a. Adventist HealthCare Shady Grove Medical Center",52-1532556,96366,CPT,Add TX/PRO/DX IV Inf Each Add'l Hr,both,,,,gross,211.33,,,12/31/2025,52-1532556_AdventistHealthCareShadyGroveMedicalCenter_StandardCharges.csv
"Adventist HealthCare, Inc. d.b.a. Adventist HealthCare Shady Grove Medical Center",52-1532556,96366,CPT,Add TX/PRO/DX IV Inf Each Add'l Hr,both,,,,discounted_cash,207.1,,,12/31/2025,52-1532556_AdventistHealthCareShadyGroveMedicalCenter_StandardCharges.csv
"Adventist HealthCare, Inc. d.b.a. Adventist HealthCare Shady Grove Medical Center",52-1532556,96366,CPT,Add TX/PRO/DX IV Inf Each Add'l Hr,both,,,,min,200.76,,,12/31/2025,52-1532556_AdventistHealthCareShadyGroveMedicalCenter_StandardCharges.csv
"Adventist HealthCare, Inc. d.b.a. Adventist HealthCare Shady Grove Medical Center",52-1532556,96366,CPT,Add TX/PRO/DX IV Inf Each Add'l Hr,both,,,,max,232.46,,,12/31/2025,52-1532556_AdventistHealthCareShadyGroveMedicalCenter_StandardCharges.csv
"Adventist HealthCare, Inc. d.b.a. Adventist HealthCare Shady Grove Medical Center",52-1532556,96366,CPT,Add TX/PRO/DX IV Inf Each Add'l Hr,both,,All Payers,All Plans,negotiated,211.33,,other,12/31/2025,52-1532556_AdventistHealthCareShadyGroveMedicalCenter_StandardCharges.csv
"Adventist HealthCare, Inc. d.b.a. Adventist HealthCare Shady Grove Medical Center",52-1532556,96366,CPT,Add TX/PRO/DX IV Inf Each Hr,both,,,,gross,211.33,,,12/31/2025,52-1532556_AdventistHealthCareShadyGroveMedicalCenter_StandardCharges.csv
"Adventist HealthCare, Inc. d.b.a. Adventist HealthCare Shady Grove Medical Center",52-1532556,96366,CPT,Add TX/PRO/DX IV Inf Each Hr,both,,,,discounted_cash,207.1,,,12/31/2025,52-1532556_AdventistHealthCareShadyGroveMedicalCenter_StandardCharges.csv
"Adventist HealthCare, Inc. d.b.a. Adventist HealthCare Shady Grove Medical Center",52-1532556,96366,CPT,Add TX/PRO/DX IV Inf Each Hr,both,,,,min,200.76,,,12/31/2025,52-1532556_AdventistHealthCareShadyGroveMedicalCenter_StandardCharges.csv
"Adventist HealthCare, Inc. d.b.a. Adventist HealthCare Shady Grove Medical Center",52-1532556,96366,CPT,Add TX/PRO/DX IV Inf Each Hr,both,,,,max,232.46,,,12/31/2025,52-1532556_AdventistHealthCareShadyGroveMedicalCenter_StandardCharges.csv
"Adventist HealthCare, Inc. d.b.a. Adventist HealthCare Shady Grove Medical Center",52-1532556,96366,CPT,Add TX/PRO/DX IV Inf Each Hr,both,,All Payers,All Plans,negotiated,211.33,,other,12/31/2025,52-1532556_AdventistHealthCareShadyGroveMedicalCenter_StandardCharges.csv
"Adventist HealthCare, Inc. d.b.a. Adventist HealthCare Shady Grove Medical Center",52-1532556,36513,CPT,Apheresis Platelets Therapeutic Charge,both,,,,gross,2641.62,,,12/31/2025,52-1532556_AdventistHealthCareShadyGroveMedicalCenter_StandardCharges.csv
"Adventist HealthCare, Inc. d.b.a. Adventist HealthCare Shady Grove Medical Center",52-1532556,36513,CPT,Apheresis Platelets Therapeutic Charge,both,,,,discounted_cash,2588.79,,,12/31/2025,52-1532556_AdventistHealthCareShadyGroveMedicalCenter_StandardCharges.csv
"Adventist HealthCare, Inc. d.b.a. Adventist HealthCare Shady Grove Medical Center",52-1532556,36513,CPT,Apheresis Platelets Therapeutic Charge,both,,,,min,2509.54,,,12/31/2025,52-1532556_AdventistHealthCareShadyGroveMedicalCenter_StandardCharges.csv
"Adventist HealthCare, Inc. d.b.a. Adventist HealthCare Shady Grove Medical Center",52-1532556,36513,CPT,Apheresis Platelets Therapeutic Charge,both,,,,max,2905.79,,,12/31/2025,52-1532556_AdventistHealthCareShadyGroveMedicalCenter_StandardCharges.csv
"Adventist HealthCare, Inc. d.b.a. Adventist HealthCare Shady Grove Medical Center",52-1532556,36513,CPT,Apheresis Platelets Therapeutic Charge,both,,All Payers,All Plans,negotiated,2641.62,,other,12/31/2025,52-1532556_AdventistHealthCareShadyGroveMedicalCenter_StandardCharges.csv
"Adventist HealthCare, Inc. d.b.a. Adventist HealthCare Shady Grove Medical Center",52-1532556,36512,CPT,Apheresis RBC Exchange Transfusion Chrge,both,,,,gross,2641.62,,,12/31/2025,52-1532556_AdventistHealthCareShadyGroveMedicalCenter_StandardCharges.csv
"Adventist HealthCare, Inc. d.b.a. Adventist HealthCare Shady Grove Medical Center",52-1532556,36512,CPT,Apheresis RBC Exchange Transfusion Chrge,both,,,,discounted_cash,2588.79,,,12/31/2025,52-1532556_AdventistHealthCareShadyGroveMedicalCenter_StandardCharges.csv
"Adventist HealthCare, Inc. d.b.a. Adventist HealthCare Shady Grove Medical Center",52-1532556,36512,CPT,Apheresis RBC Exchange Transfusion Chrge,both,,,,min,2509.54,,,12/31/2025,52-1532556_AdventistHealthCareShadyGroveMedicalCenter_StandardCharges.csv
"Adventist HealthCare, Inc. d.b.a. Adventist HealthCare Shady Grove Medical Center",52-1532556,36512,CPT,Apheresis RBC Exchange Transfusion Chrge,both,,,,max,2905.79,,,12/31/2025,52-1532556_AdventistHealthCareShadyGroveMedicalCenter_StandardCharges.csv
"Adventist HealthCare, Inc. d.b.a. Adventist HealthCare Shady Grove Medical Center",52-1532556,36512,CPT,Apheresis RBC Exchange Transfusion Chrge,both,,All Payers,All Plans,negotiated,2641.62,,other,12/31/2025,52-1532556_AdventistHealthCareShadyGroveMedicalCenter_StandardCharges.csv
"Adventist HealthCare, Inc. d.b.a. Adventist HealthCare Shady Grove Medical Center",52-1532556,36511,CPT,Apheresis WBC Therapeutic Charge,both,,,,gross,2641.62,,,12/31/2025,52-1532556_AdventistHealthCareShadyGroveMedicalCenter_StandardCharges.csv
"Adventist HealthCare, Inc. d.b.a. Adventist HealthCare Shady Grove Medical Center",52-1532556,36511,CPT,Apheresis WBC Therapeutic Charge,both,,,,discounted_cash,2588.79,,,12/31/2025,52-1532556_AdventistHealthCareShadyGroveMedicalCenter_StandardCharges.csv
"Adventist HealthCare, Inc. d.b.a. Adventist HealthCare Shady Grove Medical Center",52-1532556,36511,CPT,Apheresis WBC Therapeutic Charge,both,,,,min,2509.54,,,12/31/2025,52-1532556_AdventistHealthCareShadyGroveMedicalCenter_StandardCharges.csv
"Adventist HealthCare, Inc. d.b.a. Adventist HealthCare Shady Grove Medical Center",52-1532556,36511,CPT,Apheresis WBC Therapeutic Charge,both,,,,max,2905.79,,,12/31/2025,52-1532556_AdventistHealthCareShadyGroveMedicalCenter_StandardCharges.csv
"Adventist HealthCare, Inc. d.b.a. Adventist HealthCare Shady Grove Medical Center",52-1532556,36511,CPT,Apheresis WBC Therapeutic Charge,both,,All Payers,All Plans,negotiated,2641.62,,other,12/31/2025,52-1532556_AdventistHealthCareShadyGroveMedicalCenter_StandardCharges.csv
"Adventist HealthCare, Inc. d.b.a. Adventist HealthCare Shady Grove Medical Center",52-1532556,36430,CPT,Blood Transfusion 1st Hr (0-90min),both,,,,gross,581.16,,,12/31/2025,52-1532556_AdventistHealthCareShadyGroveMedicalCenter_StandardCharges.csv
"Adventist HealthCare, Inc. d.b.a. Adventist HealthCare Shady Grove Medical Center",52-1532556,36430,CPT,Blood Transfusion 1st Hr (0-90min),both,,,,discounted_cash,569.53,,,12/31/2025,52-1532556_AdventistHealthCareShadyGroveMedicalCenter_StandardCharges.csv
"Adventist HealthCare, Inc. d.b.a. Adventist HealthCare Shady Grove Medical Center",52-1532556,36430,CPT,Blood Transfusion 1st Hr (0-90min),both,,,,min,552.1,,,12/31/2025,52-1532556_AdventistHealthCareShadyGroveMedicalCenter_StandardCharges.csv
"Adventist HealthCare, Inc. d.b.a. Adventist HealthCare Shady Grove Medical Center",52-1532556,36430,CPT,Blood Transfusion 1st Hr (0-90min),both,,,,max,639.27,,,12/31/2025,52-1532556_AdventistHealthCareShadyGroveMedicalCenter_StandardCharges.csv
"Adventist HealthCare, Inc. d.b.a. Adventist HealthCare Shady Grove Medical Center",52-1532556,36430,CPT,Blood Transfusion 1st Hr (0-90min),both,,All Payers,All Plans,negotiated,581.16,,other,12/31/2025,52-1532556_AdventistHealthCareShadyGroveMedicalCenter_StandardCharges.csv
"Adventist HealthCare, Inc. d.b.a. Adventist HealthCare Shady Grove Medical Center",52-1532556,36430,CPT,Blood Transfusion 2nd Hr (91-150min),both,,,,gross,845.32,,,12/31/2025,52-1532556_AdventistHealthCareShadyGroveMedicalCenter_StandardCharges.csv
"Adventist HealthCare, Inc. d.b.a. Adventist HealthCare Shady Grove Medical Center",52-1532556,36430,CPT,Blood Transfusion 2nd Hr (91-150min),both,,,,discounted_cash,828.41,,,12/31/2025,52-1532556_AdventistHealthCareShadyGroveMedicalCenter_StandardCharges.csv
"Adventist HealthCare, Inc. d.b.a. Adventist HealthCare Shady Grove Medical Center",52-1532556,36430,CPT,Blood Transfusion 2nd Hr (91-150min),both,,,,min,803.05,,,12/31/2025,52-1532556_AdventistHealthCareShadyGroveMedicalCenter_StandardCharges.csv
"Adventist HealthCare, Inc. d.b.a. Adventist HealthCare Shady Grove Medical Center",52-1532556,36430,CPT,Blood Transfusion 2nd Hr (91-150min),both,,,,max,929.85,,,12/31/2025,52-1532556_AdventistHealthCareShadyGroveMedicalCenter_StandardCharges.csv
"Adventist HealthCare, Inc. d.b.a. Adventist HealthCare Shady Grove Medical Center",52-1532556,36430,CPT,Blood Transfusion 2nd Hr (91-150min),both,,All Payers,All Plans,negotiated,845.32,,other,12/31/2025,52-1532556_AdventistHealthCareShadyGroveMedicalCenter_StandardCharges.csv
"Adventist HealthCare, Inc. d.b.a. Adventist HealthCare Shady Grove Medical Center",52-1532556,36430,CPT,Blood Transfusion 3rd Hr (151-210min),both,,,,gross,1109.48,,,12/31/2025,52-1532556_AdventistHealthCareShadyGroveMedicalCenter_StandardCharges.csv
"Adventist HealthCare, Inc. d.b.a. Adventist HealthCare Shady Grove Medical Center",52-1532556,36430,CPT,Blood Transfusion 3rd Hr (151-210min),both,,,,discounted_cash,1087.29,,,12/31/2025,52-1532556_AdventistHealthCareShadyGroveMedicalCenter_StandardCharges.csv
"Adventist HealthCare, Inc. d.b.a. Adventist HealthCare Shady Grove Medical Center",52-1532556,36430,CPT,Blood Transfusion 3rd Hr (151-210min),both,,,,min,1054.01,,,12/31/2025,52-1532556_AdventistHealthCareShadyGroveMedicalCenter_StandardCharges.csv
"Adventist HealthCare, Inc. d.b.a. Adventist HealthCare Shady Grove Medical Center",52-1532556,36430,CPT,Blood Transfusion 3rd Hr (151-210min),both,,,,max,1220.43,,,12/31/2025,52-1532556_AdventistHealthCareShadyGroveMedicalCenter_StandardCharges.csv
"Adventist HealthCare, Inc. d.b.a. Adventist HealthCare Shady Grove Medical Center",52-1532556,36430,CPT,Blood Transfusion 3rd Hr (151-210min),both,,All Payers,All Plans,negotiated,1109.48,,other,12/31/2025,52-1532556_AdventistHealthCareShadyGroveMedicalCenter_StandardCharges.csv
"Adventist HealthCare, Inc. d.b.a. Adventist HealthCare Shady Grove Medical Center",52-1532556,36430,CPT,Blood Transfusion 4th Hr (211-270min),both,,,,gross,1373.64,,,12/31/2025,52-1532556_AdventistHealthCareShadyGroveMedicalCenter_StandardCharges.csv
"Adventist HealthCare, Inc. d.b.a. Adventist HealthCare Shady Grove Medical Center",52-1532556,36430,CPT,Blood Transfusion 4th Hr (211-270min),both,,,,discounted_cash,1346.17,,,12/31/2025,52-1532556_AdventistHealthCareShadyGroveMedicalCenter_StandardCharges.csv
"Adventist HealthCare, Inc. d.b.a. Adventist HealthCare Shady Grove Medical Center",52-1532556,36430,CPT,Blood Transfusion 4th Hr (211-270min),both,,,,min,1304.96,,,12/31/2025,52-1532556_AdventistHealthCareShadyGroveMedicalCenter_StandardCharges.csv
"Adventist HealthCare, Inc. d.b.a. Adventist HealthCare Shady Grove Medical Center",52-1532556,36430,CPT,Blood Transfusion 4th Hr (211-270min),both,,,,max,1511.01,,,12/31/2025,52-1532556_AdventistHealthCareShadyGroveMedicalCenter_StandardCharges.csv
"Adventist HealthCare, Inc. d.b.a. Adventist HealthCare Shady Grove Medical Center",52-1532556,36430,CPT,Blood Transfusion 4th Hr (211-270min),both,,All Payers,All Plans,negotiated,1373.64,,other,12/31/2025,52-1532556_AdventistHealthCareShadyGroveMedicalCenter_StandardCharges.csv
"Adventist HealthCare, Inc. d.b.a. Adventist HealthCare Shady Grove Medical Center",52-1532556,36430,CPT,Blood Transfusion 5th Hr (271-330min),both,,,,gross,1637.81,,,12/31/2025,52-1532556_AdventistHealthCareShadyGroveMedicalCenter_StandardCharges.csv
"Adventist HealthCare, Inc. d.b.a. Adventist HealthCare Shady Grove Medical Center",52-1532556,36430,CPT,Blood Transfusion 5th Hr (271-330min),both,,,,discounted_cash,1605.05,,,12/31/2025,52-1532556_AdventistHealthCareShadyGroveMedicalCenter_StandardCharges.csv
"Adventist HealthCare, Inc. d.b.a. Adventist HealthCare Shady Grove Medical Center",52-1532556,36430,CPT,Blood Transfusion 5th Hr (271-330min),both,,,,min,1555.92,,,12/31/2025,52-1532556_AdventistHealthCareShadyGroveMedicalCenter_StandardCharges.csv
"Adventist HealthCare, Inc. d.b.a. Adventist HealthCare Shady Grove Medical Center",52-1532556,36430,CPT,Blood Transfusion 5th Hr (271-330min),both,,,,max,1801.59,,,12/31/2025,52-1532556_AdventistHealthCareShadyGroveMedicalCenter_StandardCharges.csv
"Adventist HealthCare, Inc. d.b.a. Adventist HealthCare Shady Grove Medical Center",52-1532556,36430,CPT,Blood Transfusion 5th Hr (271-330min),both,,All Payers,All Plans,negotiated,1637.81,,other,12/31/2025,52-1532556_AdventistHealthCareShadyGroveMedicalCenter_StandardCharges.csv
"Adventist HealthCare, Inc. d.b.a. Adventist HealthCare Shady Grove Medical Center",52-1532556,36430,CPT,Blood Transfusion 6th Hr (331-390min),both,,,,gross,1901.97,,,12/31/2025,52-1532556_AdventistHealthCareShadyGroveMedicalCenter_StandardCharges.csv
"Adventist HealthCare, Inc. d.b.a. Adventist HealthCare Shady Grove Medical Center",52-1532556,36430,CPT,Blood Transfusion 6th Hr (331-390min),both,,,,discounted_cash,1863.93,,,12/31/2025,52-1532556_AdventistHealthCareShadyGroveMedicalCenter_StandardCharges.csv
"Adventist HealthCare, Inc. d.b.a. Adventist HealthCare Shady Grove Medical Center",52-1532556,36430,CPT,Blood Transfusion 6th Hr (331-390min),both,,,,min,1806.87,,,12/31/2025,52-1532556_AdventistHealthCareShadyGroveMedicalCenter_StandardCharges.csv
"Adventist HealthCare, Inc. d.b.a. Adventist HealthCare Shady Grove Medical Center",52-1532556,36430,CPT,Blood Transfusion 6th Hr (331-390min),both,,,,max,2092.17,,,12/31/2025,52-1532556_AdventistHealthCareShadyGroveMedicalCenter_StandardCharges.csv
"Adventist HealthCare, Inc. d.b.a. Adventist HealthCare Shady Grove Medical Center",52-1532556,36430,CPT,Blood Transfusion 6th Hr (331-390min),both,,All Payers,All Plans,negotiated,1901.97,,other,12/31/2025,52-1532556_AdventistHealthCareShadyGroveMedicalCenter_StandardCharges.csv
"Adventist HealthCare, Inc. d.b.a. Adventist HealthCare Shady Grove Medical Center",52-1532556,36430,CPT,Blood Transfusion 7th Hr (391-450min),both,,,,gross,2166.13,,,12/31/2025,52-1532556_AdventistHealthCareShadyGroveMedicalCenter_StandardCharges.csv
"Adventist HealthCare, Inc. d.b.a. Adventist HealthCare Shady Grove Medical Center",52-1532556,36430,CPT,Blood Transfusion 7th Hr (391-450min),both,,,,discounted_cash,2122.81,,,12/31/2025,52-1532556_AdventistHealthCareShadyGroveMedicalCenter_StandardCharges.csv
"Adventist HealthCare, Inc. d.b.a. Adventist HealthCare Shady Grove Medical Center",52-1532556,36430,CPT,Blood Transfusion 7th Hr (391-450min),both,,,,min,2057.82,,,12/31/2025,52-1532556_AdventistHealthCareShadyGroveMedicalCenter_StandardCharges.csv
"Adventist HealthCare, Inc. d.b.a. Adventist HealthCare Shady Grove Medical Center",52-1532556,36430,CPT,Blood Transfusion 7th Hr (391-450min),both,,,,max,2382.74,,,12/31/2025,52-1532556_AdventistHealthCareShadyGroveMedicalCenter_StandardCharges.csv
"Adventist HealthCare, Inc. d.b.a. Adventist HealthCare Shady Grove Medical Center",52-1532556,36430,CPT,Blood Transfusion 7th Hr (391-450min),both,,All Payers,All Plans,negotiated,2166.13,,other,12/31/2025,52-1532556_AdventistHealthCareShadyGroveMedicalCenter_StandardCharges.csv
"Adventist HealthCare, Inc. d.b.a. Adventist HealthCare Shady Grove Medical Center",52-1532556,36430,CPT,Blood Transfusion 8th Hr (451-510min),both,,,,gross,2430.29,,,12/31/2025,52-1532556_AdventistHealthCareShadyGroveMedicalCenter_StandardCharges.csv
"Adventist HealthCare, Inc. d.b.a. Adventist HealthCare Shady Grove Medical Center",52-1532556,36430,CPT,Blood Transfusion 8th Hr (451-510min),both,,,,discounted_cash,2381.69,,,12/31/2025,52-1532556_AdventistHealthCareShadyGroveMedicalCenter_StandardCharges.csv
"Adventist HealthCare, Inc. d.b.a. Adventist HealthCare Shady Grove Medical Center",52-1532556,36430,CPT,Blood Transfusion 8th Hr (451-510min),both,,,,min,2308.78,,,12/31/2025,52-1532556_AdventistHealthCareShadyGroveMedicalCenter_StandardCharges.csv
"Adventist HealthCare, Inc. d.b.a. Adventist HealthCare Shady Grove Medical Center",52-1532556,36430,CPT,Blood Transfusion 8th Hr (451-510min),both,,,,max,2673.32,,,12/31/2025,52-1532556_AdventistHealthCareShadyGroveMedicalCenter_StandardCharges.csv
"Adventist HealthCare, Inc. d.b.a. Adventist HealthCare Shady Grove Medical Center",52-1532556,36430,CPT,Blood Transfusion 8th Hr (451-510min),both,,All Payers,All Plans,negotiated,2430.29,,other,12/31/2025,52-1532556_AdventistHealthCareShadyGroveMedicalCenter_StandardCharges.csv
"Adventist HealthCare, Inc. d.b.a. Adventist HealthCare Shady Grove Medical Center",52-1532556,96417,CPT,Chemo IV Inf Add�l NEW DRUG Hr 1 16-90mn,both,,,,gross,52.83,,,12/31/2025,52-1532556_AdventistHealthCareShadyGroveMedicalCenter_StandardCharges.csv
"Adventist HealthCare, Inc. d.b.a. Adventist HealthCare Shady Grove Medical Center",52-1532556,96417,CPT,Chemo IV Inf Add�l NEW DRUG Hr 1 16-90mn,both,,,,discounted_cash,51.78,,,12/31/2025,52-1532556_AdventistHealthCareShadyGroveMedicalCenter_StandardCharges.csv
"Adventist HealthCare, Inc. d.b.a. Adventist HealthCare Shady Grove Medical Center",52-1532556,96417,CPT,Chemo IV Inf Add�l NEW DRUG Hr 1 16-90mn,both,,,,min,50.19,,,12/31/2025,52-1532556_AdventistHealthCareShadyGroveMedicalCenter_StandardCharges.csv
"Adventist HealthCare, Inc. d.b.a. Adventist HealthCare Shady Grove Medical Center",52-1532556,96417,CPT,Chemo IV Inf Add�l NEW DRUG Hr 1 16-90mn,both,,,,max,58.12,,,12/31/2025,52-1532556_AdventistHealthCareShadyGroveMedicalCenter_StandardCharges.csv
"Adventist HealthCare, Inc. d.b.a. Adventist HealthCare Shady Grove Medical Center",52-1532556,96417,CPT,Chemo IV Inf Add�l NEW DRUG Hr 1 16-90mn,both,,All Payers,All Plans,negotiated,52.83,,other,12/31/2025,52-1532556_AdventistHealthCareShadyGroveMedicalCenter_StandardCharges.csv
"Adventist HealthCare, Inc. d.b.a. Adventist HealthCare Shady Grove Medical Center",52-1532556,96415,CPT,Chemo IV Inf Each Add'l Hr Same Drug,both,,,,gross,211.33,,,12/31/2025,52-1532556_AdventistHealthCareShadyGroveMedicalCenter_StandardCharges.csv
"Adventist HealthCare, Inc. d.b.a. Adventist HealthCare Shady Grove Medical Center",52-1532556,96415,CPT,Chemo IV Inf Each Add'l Hr Same Drug,both,,,,discounted_cash,207.1,,,12/31/2025,52-1532556_AdventistHealthCareShadyGroveMedicalCenter_StandardCharges.csv
"Adventist HealthCare, Inc. d.b.a. Adventist HealthCare Shady Grove Medical Center",52-1532556,96415,CPT,Chemo IV Inf Each Add'l Hr Same Drug,both,,,,min,200.76,,,12/31/2025,52-1532556_AdventistHealthCareShadyGroveMedicalCenter_StandardCharges.csv
"Adventist HealthCare, Inc. d.b.a. Adventist HealthCare Shady Grove Medical Center",52-1532556,96415,CPT,Chemo IV Inf Each Add'l Hr Same Drug,both,,,,max,232.46,,,12/31/2025,52-1532556_AdventistHealthCareShadyGroveMedicalCenter_StandardCharges.csv
"Adventist HealthCare, Inc. d.b.a. Adventist HealthCare Shady Grove Medical Center",52-1532556,96415,CPT,Chemo IV Inf Each Add'l Hr Same Drug,both,,All Payers,All Plans,negotiated,211.33,,other,12/31/2025,52-1532556_AdventistHealthCareShadyGroveMedicalCenter_StandardCharges.csv
"Adventist HealthCare, Inc. d.b.a. Adventist HealthCare Shady Grove Medical Center",52-1532556,96402,CPT,"Chemo, Hormonal Anti-Neo SQ/IM",both,,,,gross,369.83,,,12/31/2025,52-1532556_AdventistHealthCareShadyGroveMedicalCenter_StandardCharges.csv
"Adventist HealthCare, Inc. d.b.a. Adventist HealthCare Shady Grove Medical Center",52-1532556,96402,CPT,"Chemo, Hormonal Anti-Neo SQ/IM",both,,,,discounted_cash,362.43,,,12/31/2025,52-1532556_AdventistHealthCareShadyGroveMedicalCenter_StandardCharges.csv
"Adventist HealthCare, Inc. d.b.a. Adventist HealthCare Shady Grove Medical Center",52-1532556,96402,CPT,"Chemo, Hormonal Anti-Neo SQ/IM",both,,,,min,351.34,,,12/31/2025,52-1532556_AdventistHealthCareShadyGroveMedicalCenter_StandardCharges.csv
"Adventist HealthCare, Inc. d.b.a. Adventist HealthCare Shady Grove Medical Center",52-1532556,96402,CPT,"Chemo, Hormonal Anti-Neo SQ/IM",both,,,,max,406.81,,,12/31/2025,52-1532556_AdventistHealthCareShadyGroveMedicalCenter_StandardCharges.csv
"Adventist HealthCare, Inc. d.b.a. Adventist HealthCare Shady Grove Medical Center",52-1532556,96402,CPT,"Chemo, Hormonal Anti-Neo SQ/IM",both,,All Payers,All Plans,negotiated,369.83,,other,12/31/2025,52-1532556_AdventistHealthCareShadyGroveMedicalCenter_StandardCharges.csv
"Adventist HealthCare, Inc. d.b.a. Adventist HealthCare Shady Grove Medical Center",52-1532556,96401,CPT,"Chemo, Non-Horm Anti-Neo SQ/IM",both,,,,gross,369.83,,,12/31/2025,52-1532556_AdventistHealthCareShadyGroveMedicalCenter_StandardCharges.csv
"Adventist HealthCare, Inc. d.b.a. Adventist HealthCare Shady Grove Medical Center",52-1532556,96401,CPT,"Chemo, Non-Horm Anti-Neo SQ/IM",both,,,,discounted_cash,362.43,,,12/31/2025,52-1532556_AdventistHealthCareShadyGroveMedicalCenter_StandardCharges.csv
"Adventist HealthCare, Inc. d.b.a. Adventist HealthCare Shady Grove Medical Center",52-1532556,96401,CPT,"Chemo, Non-Horm Anti-Neo SQ/IM",both,,,,min,351.34,,,12/31/2025,52-1532556_AdventistHealthCareShadyGroveMedicalCenter_StandardCharges.csv
"Adventist HealthCare, Inc. d.b.a. Adventist HealthCare Shady Grove Medical Center",52-1532556,96401,CPT,"Chemo, Non-Horm Anti-Neo SQ/IM",both,,,,max,406.81,,,12/31/2025,52-1532556_AdventistHealthCareShadyGroveMedicalCenter_StandardCharges.csv
"Adventist HealthCare, Inc. d.b.a. Adventist HealthCare Shady Grove Medical Center",52-1532556,96401,CPT,"Chemo, Non-Horm Anti-Neo SQ/IM",both,,All Payers,All Plans,negotiated,369.83,,other,12/31/2025,52-1532556_AdventistHealthCareShadyGroveMedicalCenter_StandardCharges.csv
"Adventist HealthCare, Inc. d.b.a. Adventist HealthCare Shady Grove Medical Center",52-1532556,36591,CPT,Collect Blood Venous Device-Only,both,,,,gross,422.66,,,12/31/2025,52-1532556_AdventistHealthCareShadyGroveMedicalCenter_StandardCharges.csv
"Adventist HealthCare, Inc. d.b.a. Adventist HealthCare Shady Grove Medical Center",52-1532556,36591,CPT,Collect Blood Venous Device-Only,both,,,,discounted_cash,414.21,,,12/31/2025,52-1532556_AdventistHealthCareShadyGroveMedicalCenter_StandardCharges.csv
"Adventist HealthCare, Inc. d.b.a. Adventist HealthCare Shady Grove Medical Center",52-1532556,36591,CPT,Collect Blood Venous Device-Only,both,,,,min,401.53,,,12/31/2025,52-1532556_AdventistHealthCareShadyGroveMedicalCenter_StandardCharges.csv
"Adventist HealthCare, Inc. d.b.a. Adventist HealthCare Shady Grove Medical Center",52-1532556,36591,CPT,Collect Blood Venous Device-Only,both,,,,max,464.93,,,12/31/2025,52-1532556_AdventistHealthCareShadyGroveMedicalCenter_StandardCharges.csv
"Adventist HealthCare, Inc. d.b.a. Adventist HealthCare Shady Grove Medical Center",52-1532556,36591,CPT,Collect Blood Venous Device-Only,both,,All Payers,All Plans,negotiated,422.66,,other,12/31/2025,52-1532556_AdventistHealthCareShadyGroveMedicalCenter_StandardCharges.csv
"Adventist HealthCare, Inc. d.b.a. Adventist HealthCare Shady Grove Medical Center",52-1532556,36593,CPT,Declot Vascular Device,both,,,,gross,528.32,,,12/31/2025,52-1532556_AdventistHealthCareShadyGroveMedicalCenter_StandardCharges.csv
"Adventist HealthCare, Inc. d.b.a. Adventist HealthCare Shady Grove Medical Center",52-1532556,36593,CPT,Declot Vascular Device,both,,,,discounted_cash,517.76,,,12/31/2025,52-1532556_AdventistHealthCareShadyGroveMedicalCenter_StandardCharges.csv
"Adventist HealthCare, Inc. d.b.a. Adventist HealthCare Shady Grove Medical Center",52-1532556,36593,CPT,Declot Vascular Device,both,,,,min,501.91,,,12/31/2025,52-1532556_AdventistHealthCareShadyGroveMedicalCenter_StandardCharges.csv
"Adventist HealthCare, Inc. d.b.a. Adventist HealthCare Shady Grove Medical Center",52-1532556,36593,CPT,Declot Vascular Device,both,,,,max,581.16,,,12/31/2025,52-1532556_AdventistHealthCareShadyGroveMedicalCenter_StandardCharges.csv
"Adventist HealthCare, Inc. d.b.a. Adventist HealthCare Shady Grove Medical Center",52-1532556,36593,CPT,Declot Vascular Device,both,,All Payers,All Plans,negotiated,528.32,,other,12/31/2025,52-1532556_AdventistHealthCareShadyGroveMedicalCenter_StandardCharges.csv
"Adventist HealthCare, Inc. d.b.a. Adventist HealthCare Shady Grove Medical Center",52-1532556,99211,CPT,E&M Est Outpt Brief Remove PICC/Dres chg,both,,,,gross,105.66,,,12/31/2025,52-1532556_AdventistHealthCareShadyGroveMedicalCenter_StandardCharges.csv
"Adventist HealthCare, Inc. d.b.a. Adventist HealthCare Shady Grove Medical Center",52-1532556,99211,CPT,E&M Est Outpt Brief Remove PICC/Dres chg,both,,,,discounted_cash,103.55,,,12/31/2025,52-1532556_AdventistHealthCareShadyGroveMedicalCenter_StandardCharges.csv
"Adventist HealthCare, Inc. d.b.a. Adventist HealthCare Shady Grove Medical Center",52-1532556,99211,CPT,E&M Est Outpt Brief Remove PICC/Dres chg,both,,,,min,100.38,,,12/31/2025,52-1532556_AdventistHealthCareShadyGroveMedicalCenter_StandardCharges.csv
"Adventist HealthCare, Inc. d.b.a. Adventist HealthCare Shady Grove Medical Center",52-1532556,99211,CPT,E&M Est Outpt Brief Remove PICC/Dres chg,both,,,,max,116.23,,,12/31/2025,52-1532556_AdventistHealthCareShadyGroveMedicalCenter_StandardCharges.csv
"Adventist HealthCare, Inc. d.b.a. Adventist HealthCare Shady Grove Medical Center",52-1532556,99211,CPT,E&M Est Outpt Brief Remove PICC/Dres chg,both,,All Payers,All Plans,negotiated,105.66,,other,12/31/2025,52-1532556_AdventistHealthCareShadyGroveMedicalCenter_StandardCharges.csv
"Adventist HealthCare, Inc. d.b.a. Adventist HealthCare Shady Grove Medical Center",52-1532556,M0220,HCPCS,IM Injection Evusheld,both,,,,gross,40.0,,,12/31/2025,52-1532556_AdventistHealthCareShadyGroveMedicalCenter_StandardCharges.csv
"Adventist HealthCare, Inc. d.b.a. Adventist HealthCare Shady Grove Medical Center",52-1532556,M0220,HCPCS,IM Injection Evusheld,both,,,,discounted_cash,40.0,,,12/31/2025,52-1532556_AdventistHealthCareShadyGroveMedicalCenter_StandardCharges.csv
"Adventist HealthCare, Inc. d.b.a. Adventist HealthCare Shady Grove Medical Center",52-1532556,M0220,HCPCS,IM Injection Evusheld,both,,,,min,40.0,,,12/31/2025,52-1532556_AdventistHealthCareShadyGroveMedicalCenter_StandardCharges.csv
"Adventist HealthCare, Inc. d.b.a. Adventist HealthCare Shady Grove Medical Center",52-1532556,M0220,HCPCS,IM Injection Evusheld,both,,,,max,40.0,,,12/31/2025,52-1532556_AdventistHealthCareShadyGroveMedicalCenter_StandardCharges.csv
"Adventist HealthCare, Inc. d.b.a. Adventist HealthCare Shady Grove Medical Center",52-1532556,M0220,HCPCS,IM Injection Evusheld,both,,All Payers,All Plans,negotiated,40.0,,other,12/31/2025,52-1532556_AdventistHealthCareShadyGroveMedicalCenter_StandardCharges.csv
"Adventist HealthCare, Inc. d.b.a. Adventist HealthCare Shady Grove Medical Center",52-1532556,96376,CPT,IVP Same NonChemo >30M After Prev Push,both,,,,gross,52.83,,,12/31/2025,52-1532556_AdventistHealthCareShadyGroveMedicalCenter_StandardCharges.csv
"Adventist HealthCare, Inc. d.b.a. Adventist HealthCare Shady Grove Medical Center",52-1532556,96376,CPT,IVP Same NonChemo >30M After Prev Push,both,,,,discounted_cash,51.78,,,12/31/2025,52-1532556_AdventistHealthCareShadyGroveMedicalCenter_StandardCharges.csv
"Adventist HealthCare, Inc. d.b.a. Adventist HealthCare Shady Grove Medical Center",52-1532556,96376,CPT,IVP Same NonChemo >30M After Prev Push,both,,,,min,50.19,,,12/31/2025,52-1532556_AdventistHealthCareShadyGroveMedicalCenter_StandardCharges.csv
"Adventist HealthCare, Inc. d.b.a. Adventist HealthCare Shady Grove Medical Center",52-1532556,96376,CPT,IVP Same NonChemo >30M After Prev Push,both,,,,max,58.12,,,12/31/2025,52-1532556_AdventistHealthCareShadyGroveMedicalCenter_StandardCharges.csv
"Adventist HealthCare, Inc. d.b.a. Adventist HealthCare Shady Grove Medical Center",52-1532556,96376,CPT,IVP Same NonChemo >30M After Prev Push,both,,All Payers,All Plans,negotiated,52.83,,other,12/31/2025,52-1532556_AdventistHealthCareShadyGroveMedicalCenter_StandardCharges.csv
"Adventist HealthCare, Inc. d.b.a. Adventist HealthCare Shady Grove Medical Center",52-1532556,96409,CPT,Initial Chemo IV Push-15 Min or Less,both,,,,gross,528.32,,,12/31/2025,52-1532556_AdventistHealthCareShadyGroveMedicalCenter_StandardCharges.csv
"Adventist HealthCare, Inc. d.b.a. Adventist HealthCare Shady Grove Medical Center",52-1532556,96409,CPT,Initial Chemo IV Push-15 Min or Less,both,,,,discounted_cash,517.76,,,12/31/2025,52-1532556_AdventistHealthCareShadyGroveMedicalCenter_StandardCharges.csv
"Adventist HealthCare, Inc. d.b.a. Adventist HealthCare Shady Grove Medical Center",52-1532556,96409,CPT,Initial Chemo IV Push-15 Min or Less,both,,,,min,501.91,,,12/31/2025,52-1532556_AdventistHealthCareShadyGroveMedicalCenter_StandardCharges.csv
"Adventist HealthCare, Inc. d.b.a. Adventist HealthCare Shady Grove Medical Center",52-1532556,96409,CPT,Initial Chemo IV Push-15 Min or Less,both,,,,max,581.16,,,12/31/2025,52-1532556_AdventistHealthCareShadyGroveMedicalCenter_StandardCharges.csv
"Adventist HealthCare, Inc. d.b.a. Adventist HealthCare Shady Grove Medical Center",52-1532556,96409,CPT,Initial Chemo IV Push-15 Min or Less,both,,All Payers,All Plans,negotiated,528.32,,other,12/31/2025,52-1532556_AdventistHealthCareShadyGroveMedicalCenter_StandardCharges.csv
"Adventist HealthCare, Inc. d.b.a. Adventist HealthCare Shady Grove Medical Center",52-1532556,96360,CPT,Initial Hydration IV Inf 31 mn � 1 Hr,both,,,,gross,422.66,,,12/31/2025,52-1532556_AdventistHealthCareShadyGroveMedicalCenter_StandardCharges.csv
"Adventist HealthCare, Inc. d.b.a. Adventist HealthCare Shady Grove Medical Center",52-1532556,96360,CPT,Initial Hydration IV Inf 31 mn � 1 Hr,both,,,,discounted_cash,414.21,,,12/31/2025,52-1532556_AdventistHealthCareShadyGroveMedicalCenter_StandardCharges.csv
"Adventist HealthCare, Inc. d.b.a. Adventist HealthCare Shady Grove Medical Center",52-1532556,96360,CPT,Initial Hydration IV Inf 31 mn � 1 Hr,both,,,,min,401.53,,,12/31/2025,52-1532556_AdventistHealthCareShadyGroveMedicalCenter_StandardCharges.csv
"Adventist HealthCare, Inc. d.b.a. Adventist HealthCare Shady Grove Medical Center",52-1532556,96360,CPT,Initial Hydration IV Inf 31 mn � 1 Hr,both,,,,max,464.93,,,12/31/2025,52-1532556_AdventistHealthCareShadyGroveMedicalCenter_StandardCharges.csv
"Adventist HealthCare, Inc. d.b.a. Adventist HealthCare Shady Grove Medical Center",52-1532556,96360,CPT,Initial Hydration IV Inf 31 mn � 1 Hr,both,,All Payers,All Plans,negotiated,422.66,,other,12/31/2025,52-1532556_AdventistHealthCareShadyGroveMedicalCenter_StandardCharges.csv
"Adventist HealthCare, Inc. d.b.a. Adventist HealthCare Shady Grove Medical Center",52-1532556,96413,CPT,Int Chemo Drug IV Inf Hr 1 16-90 mn,both,,,,gross,950.98,,,12/31/2025,52-1532556_AdventistHealthCareShadyGroveMedicalCenter_StandardCharges.csv
"Adventist HealthCare, Inc. d.b.a. Adventist HealthCare Shady Grove Medical Center",52-1532556,96413,CPT,Int Chemo Drug IV Inf Hr 1 16-90 mn,both,,,,discounted_cash,931.96,,,12/31/2025,52-1532556_AdventistHealthCareShadyGroveMedicalCenter_StandardCharges.csv
"Adventist HealthCare, Inc. d.b.a. Adventist HealthCare Shady Grove Medical Center",52-1532556,96413,CPT,Int Chemo Drug IV Inf Hr 1 16-90 mn,both,,,,min,903.44,,,12/31/2025,52-1532556_AdventistHealthCareShadyGroveMedicalCenter_StandardCharges.csv
"Adventist HealthCare, Inc. d.b.a. Adventist HealthCare Shady Grove Medical Center",52-1532556,96413,CPT,Int Chemo Drug IV Inf Hr 1 16-90 mn,both,,,,max,1046.08,,,12/31/2025,52-1532556_AdventistHealthCareShadyGroveMedicalCenter_StandardCharges.csv
"Adventist HealthCare, Inc. d.b.a. Adventist HealthCare Shady Grove Medical Center",52-1532556,96413,CPT,Int Chemo Drug IV Inf Hr 1 16-90 mn,both,,All Payers,All Plans,negotiated,950.98,,other,12/31/2025,52-1532556_AdventistHealthCareShadyGroveMedicalCenter_StandardCharges.csv
"Adventist HealthCare, Inc. d.b.a. Adventist HealthCare Shady Grove Medical Center",52-1532556,96365,CPT,Int THER/PRO/DX IV Inf Hr 1 16-90mn,both,,,,gross,950.98,,,12/31/2025,52-1532556_AdventistHealthCareShadyGroveMedicalCenter_StandardCharges.csv
"Adventist HealthCare, Inc. d.b.a. Adventist HealthCare Shady Grove Medical Center",52-1532556,96365,CPT,Int THER/PRO/DX IV Inf Hr 1 16-90mn,both,,,,discounted_cash,931.96,,,12/31/2025,52-1532556_AdventistHealthCareShadyGroveMedicalCenter_StandardCharges.csv
"Adventist HealthCare, Inc. d.b.a. Adventist HealthCare Shady Grove Medical Center",52-1532556,96365,CPT,Int THER/PRO/DX IV Inf Hr 1 16-90mn,both,,,,min,903.44,,,12/31/2025,52-1532556_AdventistHealthCareShadyGroveMedicalCenter_StandardCharges.csv
"Adventist HealthCare, Inc. d.b.a. Adventist HealthCare Shady Grove Medical Center",52-1532556,96365,CPT,Int THER/PRO/DX IV Inf Hr 1 16-90mn,both,,,,max,1046.08,,,12/31/2025,52-1532556_AdventistHealthCareShadyGroveMedicalCenter_StandardCharges.csv
"Adventist HealthCare, Inc. d.b.a. Adventist HealthCare Shady Grove Medical Center",52-1532556,96365,CPT,Int THER/PRO/DX IV Inf Hr 1 16-90mn,both,,All Payers,All Plans,negotiated,950.98,,other,12/31/2025,52-1532556_AdventistHealthCareShadyGroveMedicalCenter_StandardCharges.csv
"Adventist HealthCare, Inc. d.b.a. Adventist HealthCare Shady Grove Medical Center",52-1532556,96374,CPT,Int TX/PRO/DX IVP Drug-15 Min or Less,both,,,,gross,528.32,,,12/31/2025,52-1532556_AdventistHealthCareShadyGroveMedicalCenter_StandardCharges.csv
"Adventist HealthCare, Inc. d.b.a. Adventist HealthCare Shady Grove Medical Center",52-1532556,96374,CPT,Int TX/PRO/DX IVP Drug-15 Min or Less,both,,,,discounted_cash,517.76,,,12/31/2025,52-1532556_AdventistHealthCareShadyGroveMedicalCenter_StandardCharges.csv
"Adventist HealthCare, Inc. d.b.a. Adventist HealthCare Shady Grove Medical Center",52-1532556,96374,CPT,Int TX/PRO/DX IVP Drug-15 Min or Less,both,,,,min,501.91,,,12/31/2025,52-1532556_AdventistHealthCareShadyGroveMedicalCenter_StandardCharges.csv
"Adventist HealthCare, Inc. d.b.a. Adventist HealthCare Shady Grove Medical Center",52-1532556,96374,CPT,Int TX/PRO/DX IVP Drug-15 Min or Less,both,,,,max,581.16,,,12/31/2025,52-1532556_AdventistHealthCareShadyGroveMedicalCenter_StandardCharges.csv
"Adventist HealthCare, Inc. d.b.a. Adventist HealthCare Shady Grove Medical Center",52-1532556,96374,CPT,Int TX/PRO/DX IVP Drug-15 Min or Less,both,,All Payers,All Plans,negotiated,528.32,,other,12/31/2025,52-1532556_AdventistHealthCareShadyGroveMedicalCenter_StandardCharges.csv
"Adventist HealthCare, Inc. d.b.a. Adventist HealthCare Shady Grove Medical Center",52-1532556,96523,CPT,Irrig Implt Venous ACC Device,both,,,,gross,158.5,,,12/31/2025,52-1532556_AdventistHealthCareShadyGroveMedicalCenter_StandardCharges.csv
"Adventist HealthCare, Inc. d.b.a. Adventist HealthCare Shady Grove Medical Center",52-1532556,96523,CPT,Irrig Implt Venous ACC Device,both,,,,discounted_cash,155.33,,,12/31/2025,52-1532556_AdventistHealthCareShadyGroveMedicalCenter_StandardCharges.csv
"Adventist HealthCare, Inc. d.b.a. Adventist HealthCare Shady Grove Medical Center",52-1532556,96523,CPT,Irrig Implt Venous ACC Device,both,,,,min,150.57,,,12/31/2025,52-1532556_AdventistHealthCareShadyGroveMedicalCenter_StandardCharges.csv
"Adventist HealthCare, Inc. d.b.a. Adventist HealthCare Shady Grove Medical Center",52-1532556,96523,CPT,Irrig Implt Venous ACC Device,both,,,,max,174.35,,,12/31/2025,52-1532556_AdventistHealthCareShadyGroveMedicalCenter_StandardCharges.csv
"Adventist HealthCare, Inc. d.b.a. Adventist HealthCare Shady Grove Medical Center",52-1532556,96523,CPT,Irrig Implt Venous ACC Device,both,,All Payers,All Plans,negotiated,158.5,,other,12/31/2025,52-1532556_AdventistHealthCareShadyGroveMedicalCenter_StandardCharges.csv
"Adventist HealthCare, Inc. d.b.a. Adventist HealthCare Shady Grove Medical Center",52-1532556,36591,CPT,Mediport/Passport Lab Draw,both,,,,gross,422.66,,,12/31/2025,52-1532556_AdventistHealthCareShadyGroveMedicalCenter_StandardCharges.csv
"Adventist HealthCare, Inc. d.b.a. Adventist HealthCare Shady Grove Medical Center",52-1532556,36591,CPT,Mediport/Passport Lab Draw,both,,,,discounted_cash,414.21,,,12/31/2025,52-1532556_AdventistHealthCareShadyGroveMedicalCenter_StandardCharges.csv
"Adventist HealthCare, Inc. d.b.a. Adventist HealthCare Shady Grove Medical Center",52-1532556,36591,CPT,Mediport/Passport Lab Draw,both,,,,min,401.53,,,12/31/2025,52-1532556_AdventistHealthCareShadyGroveMedicalCenter_StandardCharges.csv
"Adventist HealthCare, Inc. d.b.a. Adventist HealthCare Shady Grove Medical Center",52-1532556,36591,CPT,Mediport/Passport Lab Draw,both,,,,max,464.93,,,12/31/2025,52-1532556_AdventistHealthCareShadyGroveMedicalCenter_StandardCharges.csv
"Adventist HealthCare, Inc. d.b.a. Adventist HealthCare Shady Grove Medical Center",52-1532556,36591,CPT,Mediport/Passport Lab Draw,both,,All Payers,All Plans,negotiated,422.66,,other,12/31/2025,52-1532556_AdventistHealthCareShadyGroveMedicalCenter_StandardCharges.csv
"Adventist HealthCare, Inc. d.b.a. Adventist HealthCare Shady Grove Medical Center",52-1532556,36592,CPT,PICC/Midline Lab Draw,both,,,,gross,475.49,,,12/31/2025,52-1532556_AdventistHealthCareShadyGroveMedicalCenter_StandardCharges.csv
"Adventist HealthCare, Inc. d.b.a. Adventist HealthCare Shady Grove Medical Center",52-1532556,36592,CPT,PICC/Midline Lab Draw,both,,,,discounted_cash,465.98,,,12/31/2025,52-1532556_AdventistHealthCareShadyGroveMedicalCenter_StandardCharges.csv
"Adventist HealthCare, Inc. d.b.a. Adventist HealthCare Shady Grove Medical Center",52-1532556,36592,CPT,PICC/Midline Lab Draw,both,,,,min,451.72,,,12/31/2025,52-1532556_AdventistHealthCareShadyGroveMedicalCenter_StandardCharges.csv
"Adventist HealthCare, Inc. d.b.a. Adventist HealthCare Shady Grove Medical Center",52-1532556,36592,CPT,PICC/Midline Lab Draw,both,,,,max,523.04,,,12/31/2025,52-1532556_AdventistHealthCareShadyGroveMedicalCenter_StandardCharges.csv
"Adventist HealthCare, Inc. d.b.a. Adventist HealthCare Shady Grove Medical Center",52-1532556,36592,CPT,PICC/Midline Lab Draw,both,,All Payers,All Plans,negotiated,475.49,,other,12/31/2025,52-1532556_AdventistHealthCareShadyGroveMedicalCenter_StandardCharges.csv
"Adventist HealthCare, Inc. d.b.a. Adventist HealthCare Shady Grove Medical Center",52-1532556,36514,CPT,Plasmapheresis Proc Charge,both,,,,gross,2641.62,,,12/31/2025,52-1532556_AdventistHealthCareShadyGroveMedicalCenter_StandardCharges.csv
"Adventist HealthCare, Inc. d.b.a. Adventist HealthCare Shady Grove Medical Center",52-1532556,36514,CPT,Plasmapheresis Proc Charge,both,,,,discounted_cash,2588.79,,,12/31/2025,52-1532556_AdventistHealthCareShadyGroveMedicalCenter_StandardCharges.csv
"Adventist HealthCare, Inc. d.b.a. Adventist HealthCare Shady Grove Medical Center",52-1532556,36514,CPT,Plasmapheresis Proc Charge,both,,,,min,2509.54,,,12/31/2025,52-1532556_AdventistHealthCareShadyGroveMedicalCenter_StandardCharges.csv
"Adventist HealthCare, Inc. d.b.a. Adventist HealthCare Shady Grove Medical Center",52-1532556,36514,CPT,Plasmapheresis Proc Charge,both,,,,max,2905.79,,,12/31/2025,52-1532556_AdventistHealthCareShadyGroveMedicalCenter_StandardCharges.csv
"Adventist HealthCare, Inc. d.b.a. Adventist HealthCare Shady Grove Medical Center",52-1532556,36514,CPT,Plasmapheresis Proc Charge,both,,All Payers,All Plans,negotiated,2641.62,,other,12/31/2025,52-1532556_AdventistHealthCareShadyGroveMedicalCenter_StandardCharges.csv
"Adventist HealthCare, Inc. d.b.a. Adventist HealthCare Shady Grove Medical Center",52-1532556,90471,CPT,Rabies Vaccination Administration,both,,,,gross,158.5,,,12/31/2025,52-1532556_AdventistHealthCareShadyGroveMedicalCenter_StandardCharges.csv
"Adventist HealthCare, Inc. d.b.a. Adventist HealthCare Shady Grove Medical Center",52-1532556,90471,CPT,Rabies Vaccination Administration,both,,,,discounted_cash,155.33,,,12/31/2025,52-1532556_AdventistHealthCareShadyGroveMedicalCenter_StandardCharges.csv
"Adventist HealthCare, Inc. d.b.a. Adventist HealthCare Shady Grove Medical Center",52-1532556,90471,CPT,Rabies Vaccination Administration,both,,,,min,150.57,,,12/31/2025,52-1532556_AdventistHealthCareShadyGroveMedicalCenter_StandardCharges.csv
"Adventist HealthCare, Inc. d.b.a. Adventist HealthCare Shady Grove Medical Center",52-1532556,90471,CPT,Rabies Vaccination Administration,both,,,,max,174.35,,,12/31/2025,52-1532556_AdventistHealthCareShadyGroveMedicalCenter_StandardCharges.csv
"Adventist HealthCare, Inc. d.b.a. Adventist HealthCare Shady Grove Medical Center",52-1532556,90471,CPT,Rabies Vaccination Administration,both,,All Payers,All Plans,negotiated,158.5,,other,12/31/2025,52-1532556_AdventistHealthCareShadyGroveMedicalCenter_StandardCharges.csv
"Adventist HealthCare, Inc. d.b.a. Adventist HealthCare Shady Grove Medical Center",52-1532556,96372,CPT,SC/IM Each Injection,both,,,,gross,105.66,,,12/31/2025,52-1532556_AdventistHealthCareShadyGroveMedicalCenter_StandardCharges.csv
"Adventist HealthCare, Inc. d.b.a. Adventist HealthCare Shady Grove Medical Center",52-1532556,96372,CPT,SC/IM Each Injection,both,,,,discounted_cash,103.55,,,12/31/2025,52-1532556_AdventistHealthCareShadyGroveMedicalCenter_StandardCharges.csv
"Adventist HealthCare, Inc. d.b.a. Adventist HealthCare Shady Grove Medical Center",52-1532556,96372,CPT,SC/IM Each Injection,both,,,,min,100.38,,,12/31/2025,52-1532556_AdventistHealthCareShadyGroveMedicalCenter_StandardCharges.csv
"Adventist HealthCare, Inc. d.b.a. Adventist HealthCare Shady Grove Medical Center",52-1532556,96372,CPT,SC/IM Each Injection,both,,,,max,116.23,,,12/31/2025,52-1532556_AdventistHealthCareShadyGroveMedicalCenter_StandardCharges.csv
"Adventist HealthCare, Inc. d.b.a. Adventist HealthCare Shady Grove Medical Center",52-1532556,96372,CPT,SC/IM Each Injection,both,,All Payers,All Plans,negotiated,105.66,,other,12/31/2025,52-1532556_AdventistHealthCareShadyGroveMedicalCenter_StandardCharges.csv
"Adventist HealthCare, Inc. d.b.a. Adventist HealthCare Shady Grove Medical Center",52-1532556,96372,CPT,SC/IM Each Injection,both,,All Payers,All Plans,negotiated,105.66,,other,12/31/2025,52-1532556_AdventistHealthCareShadyGroveMedicalCenter_StandardCharges.csv
"Adventist HealthCare, Inc. d.b.a. Adventist HealthCare Shady Grove Medical Center",52-1532556,99215,CPT,Established Obstetric Patient -> OB - Est. E&M Level 5,both,,,,gross,316.99,,,12/31/2025,52-1532556_AdventistHealthCareShadyGroveMedicalCenter_StandardCharges.csv
"Adventist HealthCare, Inc. d.b.a. Adventist HealthCare Shady Grove Medical Center",52-1532556,99215,CPT,Established Obstetric Patient -> OB - Est. E&M Level 5,both,,,,discounted_cash,310.65,,,12/31/2025,52-1532556_AdventistHealthCareShadyGroveMedicalCenter_StandardCharges.csv
"Adventist HealthCare, Inc. d.b.a. Adventist HealthCare Shady Grove Medical Center",52-1532556,99215,CPT,Established Obstetric Patient -> OB - Est. E&M Level 5,both,,,,min,301.15,,,12/31/2025,52-1532556_AdventistHealthCareShadyGroveMedicalCenter_StandardCharges.csv
"Adventist HealthCare, Inc. d.b.a. Adventist HealthCare Shady Grove Medical Center",52-1532556,99215,CPT,Established Obstetric Patient -> OB - Est. E&M Level 5,both,,,,max,348.69,,,12/31/2025,52-1532556_AdventistHealthCareShadyGroveMedicalCenter_StandardCharges.csv
"Adventist HealthCare, Inc. d.b.a. Adventist HealthCare Shady Grove Medical Center",52-1532556,99215,CPT,Established Obstetric Patient -> OB - Est. E&M Level 5,both,,All Payers,All Plans,negotiated,316.99,,other,12/31/2025,52-1532556_AdventistHealthCareShadyGroveMedicalCenter_StandardCharges.csv
"Adventist HealthCare, Inc. d.b.a. Adventist HealthCare Shady Grove Medical Center",52-1532556,99214,CPT,Established Obstetric Patient -> OB - Est. E&M Level 4,both,,,,gross,264.16,,,12/31/2025,52-1532556_AdventistHealthCareShadyGroveMedicalCenter_StandardCharges.csv
"Adventist HealthCare, Inc. d.b.a. Adventist HealthCare Shady Grove Medical Center",52-1532556,99214,CPT,Established Obstetric Patient -> OB - Est. E&M Level 4,both,,,,discounted_cash,258.88,,,12/31/2025,52-1532556_AdventistHealthCareShadyGroveMedicalCenter_StandardCharges.csv
"Adventist HealthCare, Inc. d.b.a. Adventist HealthCare Shady Grove Medical Center",52-1532556,99214,CPT,Established Obstetric Patient -> OB - Est. E&M Level 4,both,,,,min,250.95,,,12/31/2025,52-1532556_AdventistHealthCareShadyGroveMedicalCenter_StandardCharges.csv
"Adventist HealthCare, Inc. d.b.a. Adventist HealthCare Shady Grove Medical Center",52-1532556,99214,CPT,Established Obstetric Patient -> OB - Est. E&M Level 4,both,,,,max,290.58,,,12/31/2025,52-1532556_AdventistHealthCareShadyGroveMedicalCenter_StandardCharges.csv
"Adventist HealthCare, Inc. d.b.a. Adventist HealthCare Shady Grove Medical Center",52-1532556,99214,CPT,Established Obstetric Patient -> OB - Est. E&M Level 4,both,,All Payers,All Plans,negotiated,264.16,,other,12/31/2025,52-1532556_AdventistHealthCareShadyGroveMedicalCenter_StandardCharges.csv
"Adventist HealthCare, Inc. d.b.a. Adventist HealthCare Shady Grove Medical Center",52-1532556,99213,CPT,Established Obstetric Patient -> OB - Est. E&M Level 3,both,,,,gross,211.33,,,12/31/2025,52-1532556_AdventistHealthCareShadyGroveMedicalCenter_StandardCharges.csv
"Adventist HealthCare, Inc. d.b.a. Adventist HealthCare Shady Grove Medical Center",52-1532556,99213,CPT,Established Obstetric Patient -> OB - Est. E&M Level 3,both,,,,discounted_cash,207.1,,,12/31/2025,52-1532556_AdventistHealthCareShadyGroveMedicalCenter_StandardCharges.csv
"Adventist HealthCare, Inc. d.b.a. Adventist HealthCare Shady Grove Medical Center",52-1532556,99213,CPT,Established Obstetric Patient -> OB - Est. E&M Level 3,both,,,,min,200.76,,,12/31/2025,52-1532556_AdventistHealthCareShadyGroveMedicalCenter_StandardCharges.csv
"Adventist HealthCare, Inc. d.b.a. Adventist HealthCare Shady Grove Medical Center",52-1532556,99213,CPT,Established Obstetric Patient -> OB - Est. E&M Level 3,both,,,,max,232.46,,,12/31/2025,52-1532556_AdventistHealthCareShadyGroveMedicalCenter_StandardCharges.csv
"Adventist HealthCare, Inc. d.b.a. Adventist HealthCare Shady Grove Medical Center",52-1532556,99213,CPT,Established Obstetric Patient -> OB - Est. E&M Level 3,both,,All Payers,All Plans,negotiated,211.33,,other,12/31/2025,52-1532556_AdventistHealthCareShadyGroveMedicalCenter_StandardCharges.csv
"Adventist HealthCare, Inc. d.b.a. Adventist HealthCare Shady Grove Medical Center",52-1532556,99212,CPT,Established Obstetric Patient -> OB - Est. E&M Level 2,both,,,,gross,158.5,,,12/31/2025,52-1532556_AdventistHealthCareShadyGroveMedicalCenter_StandardCharges.csv
"Adventist HealthCare, Inc. d.b.a. Adventist HealthCare Shady Grove Medical Center",52-1532556,99212,CPT,Established Obstetric Patient -> OB - Est. E&M Level 2,both,,,,discounted_cash,155.33,,,12/31/2025,52-1532556_AdventistHealthCareShadyGroveMedicalCenter_StandardCharges.csv
"Adventist HealthCare, Inc. d.b.a. Adventist HealthCare Shady Grove Medical Center",52-1532556,99212,CPT,Established Obstetric Patient -> OB - Est. E&M Level 2,both,,,,min,150.57,,,12/31/2025,52-1532556_AdventistHealthCareShadyGroveMedicalCenter_StandardCharges.csv
"Adventist HealthCare, Inc. d.b.a. Adventist HealthCare Shady Grove Medical Center",52-1532556,99212,CPT,Established Obstetric Patient -> OB - Est. E&M Level 2,both,,,,max,174.35,,,12/31/2025,52-1532556_AdventistHealthCareShadyGroveMedicalCenter_StandardCharges.csv
"Adventist HealthCare, Inc. d.b.a. Adventist HealthCare Shady Grove Medical Center",52-1532556,99212,CPT,Established Obstetric Patient -> OB - Est. E&M Level 2,both,,All Payers,All Plans,negotiated,158.5,,other,12/31/2025,52-1532556_AdventistHealthCareShadyGroveMedicalCenter_StandardCharges.csv
"Adventist HealthCare, Inc. d.b.a. Adventist HealthCare Shady Grove Medical Center",52-1532556,99211,CPT,Established Obstetric Patient -> OB - Est. E&M Level 1,both,,,,gross,105.66,,,12/31/2025,52-1532556_AdventistHealthCareShadyGroveMedicalCenter_StandardCharges.csv
"Adventist HealthCare, Inc. d.b.a. Adventist HealthCare Shady Grove Medical Center",52-1532556,99211,CPT,Established Obstetric Patient -> OB - Est. E&M Level 1,both,,,,discounted_cash,103.55,,,12/31/2025,52-1532556_AdventistHealthCareShadyGroveMedicalCenter_StandardCharges.csv
"Adventist HealthCare, Inc. d.b.a. Adventist HealthCare Shady Grove Medical Center",52-1532556,99211,CPT,Established Obstetric Patient -> OB - Est. E&M Level 1,both,,,,min,100.38,,,12/31/2025,52-1532556_AdventistHealthCareShadyGroveMedicalCenter_StandardCharges.csv
"Adventist HealthCare, Inc. d.b.a. Adventist HealthCare Shady Grove Medical Center",52-1532556,99211,CPT,Established Obstetric Patient -> OB - Est. E&M Level 1,both,,,,max,116.23,,,12/31/2025,52-1532556_AdventistHealthCareShadyGroveMedicalCenter_StandardCharges.csv
"Adventist HealthCare, Inc. d.b.a. Adventist HealthCare Shady Grove Medical Center",52-1532556,99211,CPT,Established Obstetric Patient -> OB - Est. E&M Level 1,both,,All Payers,All Plans,negotiated,105.66,,other,12/31/2025,52-1532556_AdventistHealthCareShadyGroveMedicalCenter_StandardCharges.csv
"Adventist HealthCare, Inc. d.b.a. Adventist HealthCare Shady Grove Medical Center",52-1532556,99205,CPT,New Obstetric Patient -> OB - New E&M Level 5,both,,,,gross,316.99,,,12/31/2025,52-1532556_AdventistHealthCareShadyGroveMedicalCenter_StandardCharges.csv
"Adventist HealthCare, Inc. d.b.a. Adventist HealthCare Shady Grove Medical Center",52-1532556,99205,CPT,New Obstetric Patient -> OB - New E&M Level 5,both,,,,discounted_cash,310.65,,,12/31/2025,52-1532556_AdventistHealthCareShadyGroveMedicalCenter_StandardCharges.csv
"Adventist HealthCare, Inc. d.b.a. Adventist HealthCare Shady Grove Medical Center",52-1532556,99205,CPT,New Obstetric Patient -> OB - New E&M Level 5,both,,,,min,301.15,,,12/31/2025,52-1532556_AdventistHealthCareShadyGroveMedicalCenter_StandardCharges.csv
"Adventist HealthCare, Inc. d.b.a. Adventist HealthCare Shady Grove Medical Center",52-1532556,99205,CPT,New Obstetric Patient -> OB - New E&M Level 5,both,,,,max,348.69,,,12/31/2025,52-1532556_AdventistHealthCareShadyGroveMedicalCenter_StandardCharges.csv
"Adventist HealthCare, Inc. d.b.a. Adventist HealthCare Shady Grove Medical Center",52-1532556,99205,CPT,New Obstetric Patient -> OB - New E&M Level 5,both,,All Payers,All Plans,negotiated,316.99,,other,12/31/2025,52-1532556_AdventistHealthCareShadyGroveMedicalCenter_StandardCharges.csv
"Adventist HealthCare, Inc. d.b.a. Adventist HealthCare Shady Grove Medical Center",52-1532556,99204,CPT,New Obstetric Patient -> OB - New E&M Level 4,both,,,,gross,264.16,,,12/31/2025,52-1532556_AdventistHealthCareShadyGroveMedicalCenter_StandardCharges.csv
"Adventist HealthCare, Inc. d.b.a. Adventist HealthCare Shady Grove Medical Center",52-1532556,99204,CPT,New Obstetric Patient -> OB - New E&M Level 4,both,,,,discounted_cash,258.88,,,12/31/2025,52-1532556_AdventistHealthCareShadyGroveMedicalCenter_StandardCharges.csv
"Adventist HealthCare, Inc. d.b.a. Adventist HealthCare Shady Grove Medical Center",52-1532556,99204,CPT,New Obstetric Patient -> OB - New E&M Level 4,both,,,,min,250.95,,,12/31/2025,52-1532556_AdventistHealthCareShadyGroveMedicalCenter_StandardCharges.csv
"Adventist HealthCare, Inc. d.b.a. Adventist HealthCare Shady Grove Medical Center",52-1532556,99204,CPT,New Obstetric Patient -> OB - New E&M Level 4,both,,,,max,290.58,,,12/31/2025,52-1532556_AdventistHealthCareShadyGroveMedicalCenter_StandardCharges.csv
"Adventist HealthCare, Inc. d.b.a. Adventist HealthCare Shady Grove Medical Center",52-1532556,99204,CPT,New Obstetric Patient -> OB - New E&M Level 4,both,,All Payers,All Plans,negotiated,264.16,,other,12/31/2025,52-1532556_AdventistHealthCareShadyGroveMedicalCenter_StandardCharges.csv
"Adventist HealthCare, Inc. d.b.a. Adventist HealthCare Shady Grove Medical Center",52-1532556,99203,CPT,New Obstetric Patient -> OB - New E&M Level 3,both,,,,gross,211.33,,,12/31/2025,52-1532556_AdventistHealthCareShadyGroveMedicalCenter_StandardCharges.csv
"Adventist HealthCare, Inc. d.b.a. Adventist HealthCare Shady Grove Medical Center",52-1532556,99203,CPT,New Obstetric Patient -> OB - New E&M Level 3,both,,,,discounted_cash,207.1,,,12/31/2025,52-1532556_AdventistHealthCareShadyGroveMedicalCenter_StandardCharges.csv
"Adventist HealthCare, Inc. d.b.a. Adventist HealthCare Shady Grove Medical Center",52-1532556,99203,CPT,New Obstetric Patient -> OB - New E&M Level 3,both,,,,min,200.76,,,12/31/2025,52-1532556_AdventistHealthCareShadyGroveMedicalCenter_StandardCharges.csv
"Adventist HealthCare, Inc. d.b.a. Adventist HealthCare Shady Grove Medical Center",52-1532556,99203,CPT,New Obstetric Patient -> OB - New E&M Level 3,both,,,,max,232.46,,,12/31/2025,52-1532556_AdventistHealthCareShadyGroveMedicalCenter_StandardCharges.csv
"Adventist HealthCare, Inc. d.b.a. Adventist HealthCare Shady Grove Medical Center",52-1532556,99203,CPT,New Obstetric Patient -> OB - New E&M Level 3,both,,All Payers,All Plans,negotiated,211.33,,other,12/31/2025,52-1532556_AdventistHealthCareShadyGroveMedicalCenter_StandardCharges.csv
"Adventist HealthCare, Inc. d.b.a. Adventist HealthCare Shady Grove Medical Center",52-1532556,99202,CPT,New Obstetric Patient -> OB - New E&M Level 2,both,,,,gross,158.5,,,12/31/2025,52-1532556_AdventistHealthCareShadyGroveMedicalCenter_StandardCharges.csv
"Adventist HealthCare, Inc. d.b.a. Adventist HealthCare Shady Grove Medical Center",52-1532556,99202,CPT,New Obstetric Patient -> OB - New E&M Level 2,both,,,,discounted_cash,155.33,,,12/31/2025,52-1532556_AdventistHealthCareShadyGroveMedicalCenter_StandardCharges.csv
"Adventist HealthCare, Inc. d.b.a. Adventist HealthCare Shady Grove Medical Center",52-1532556,99202,CPT,New Obstetric Patient -> OB - New E&M Level 2,both,,,,min,150.57,,,12/31/2025,52-1532556_AdventistHealthCareShadyGroveMedicalCenter_StandardCharges.csv
"Adventist HealthCare, Inc. d.b.a. Adventist HealthCare Shady Grove Medical Center",52-1532556,99202,CPT,New Obstetric Patient -> OB - New E&M Level 2,both,,,,max,174.35,,,12/31/2025,52-1532556_AdventistHealthCareShadyGroveMedicalCenter_StandardCharges.csv
"Adventist HealthCare, Inc. d.b.a. Adventist HealthCare Shady Grove Medical Center",52-1532556,99202,CPT,New Obstetric Patient -> OB - New E&M Level 2,both,,All Payers,All Plans,negotiated,158.5,,other,12/31/2025,52-1532556_AdventistHealthCareShadyGroveMedicalCenter_StandardCharges.csv
"Adventist HealthCare, Inc. d.b.a. Adventist HealthCare Shady Grove Medical Center",52-1532556,99211,CPT,New Obstetric Patient -> OB - New E&M Level 1,both,,,,gross,105.66,,,12/31/2025,52-1532556_AdventistHealthCareShadyGroveMedicalCenter_StandardCharges.csv
"Adventist HealthCare, Inc. d.b.a. Adventist HealthCare Shady Grove Medical Center",52-1532556,99211,CPT,New Obstetric Patient -> OB - New E&M Level 1,both,,,,discounted_cash,103.55,,,12/31/2025,52-1532556_AdventistHealthCareShadyGroveMedicalCenter_StandardCharges.csv
"Adventist HealthCare, Inc. d.b.a. Adventist HealthCare Shady Grove Medical Center",52-1532556,99211,CPT,New Obstetric Patient -> OB - New E&M Level 1,both,,,,min,100.38,,,12/31/2025,52-1532556_AdventistHealthCareShadyGroveMedicalCenter_StandardCharges.csv
"Adventist HealthCare, Inc. d.b.a. Adventist HealthCare Shady Grove Medical Center",52-1532556,99211,CPT,New Obstetric Patient -> OB - New E&M Level 1,both,,,,max,116.23,,,12/31/2025,52-1532556_AdventistHealthCareShadyGroveMedicalCenter_StandardCharges.csv
"Adventist HealthCare, Inc. d.b.a. Adventist HealthCare Shady Grove Medical Center",52-1532556,99211,CPT,New Obstetric Patient -> OB - New E&M Level 1,both,,All Payers,All Plans,negotiated,105.66,,other,12/31/2025,52-1532556_AdventistHealthCareShadyGroveMedicalCenter_StandardCharges.csv
"Adventist HealthCare, Inc. d.b.a. Adventist HealthCare Shady Grove Medical Center",52-1532556,99215,CPT,OB Established E&M Level 5,both,,,,gross,316.99,,,12/31/2025,52-1532556_AdventistHealthCareShadyGroveMedicalCenter_StandardCharges.csv
"Adventist HealthCare, Inc. d.b.a. Adventist HealthCare Shady Grove Medical Center",52-1532556,99215,CPT,OB Established E&M Level 5,both,,,,discounted_cash,310.65,,,12/31/2025,52-1532556_AdventistHealthCareShadyGroveMedicalCenter_StandardCharges.csv
"Adventist HealthCare, Inc. d.b.a. Adventist HealthCare Shady Grove Medical Center",52-1532556,99215,CPT,OB Established E&M Level 5,both,,,,min,301.15,,,12/31/2025,52-1532556_AdventistHealthCareShadyGroveMedicalCenter_StandardCharges.csv
"Adventist HealthCare, Inc. d.b.a. Adventist HealthCare Shady Grove Medical Center",52-1532556,99215,CPT,OB Established E&M Level 5,both,,,,max,348.69,,,12/31/2025,52-1532556_AdventistHealthCareShadyGroveMedicalCenter_StandardCharges.csv
"Adventist HealthCare, Inc. d.b.a. Adventist HealthCare Shady Grove Medical Center",52-1532556,99215,CPT,OB Established E&M Level 5,both,,All Payers,All Plans,negotiated,316.99,,other,12/31/2025,52-1532556_AdventistHealthCareShadyGroveMedicalCenter_StandardCharges.csv
"Adventist HealthCare, Inc. d.b.a. Adventist HealthCare Shady Grove Medical Center",52-1532556,99203,CPT,OB New E&M Level 3,both,,,,gross,211.33,,,12/31/2025,52-1532556_AdventistHealthCareShadyGroveMedicalCenter_StandardCharges.csv
"Adventist HealthCare, Inc. d.b.a. Adventist HealthCare Shady Grove Medical Center",52-1532556,99203,CPT,OB New E&M Level 3,both,,,,discounted_cash,207.1,,,12/31/2025,52-1532556_AdventistHealthCareShadyGroveMedicalCenter_StandardCharges.csv
"Adventist HealthCare, Inc. d.b.a. Adventist HealthCare Shady Grove Medical Center",52-1532556,99203,CPT,OB New E&M Level 3,both,,,,min,200.76,,,12/31/2025,52-1532556_AdventistHealthCareShadyGroveMedicalCenter_StandardCharges.csv
"Adventist HealthCare, Inc. d.b.a. Adventist HealthCare Shady Grove Medical Center",52-1532556,99203,CPT,OB New E&M Level 3,both,,,,max,232.46,,,12/31/2025,52-1532556_AdventistHealthCareShadyGroveMedicalCenter_StandardCharges.csv
"Adventist HealthCare, Inc. d.b.a. Adventist HealthCare Shady Grove Medical Center",52-1532556,99203,CPT,OB New E&M Level 3,both,,All Payers,All Plans,negotiated,211.33,,other,12/31/2025,52-1532556_AdventistHealthCareShadyGroveMedicalCenter_StandardCharges.csv
"Adventist HealthCare, Inc. d.b.a. Adventist HealthCare Shady Grove Medical Center",52-1532556,96372,CPT,OB OP Rhogam Injection,both,,,,gross,105.66,,,12/31/2025,52-1532556_AdventistHealthCareShadyGroveMedicalCenter_StandardCharges.csv
"Adventist HealthCare, Inc. d.b.a. Adventist HealthCare Shady Grove Medical Center",52-1532556,96372,CPT,OB OP Rhogam Injection,both,,,,discounted_cash,103.55,,,12/31/2025,52-1532556_AdventistHealthCareShadyGroveMedicalCenter_StandardCharges.csv
"Adventist HealthCare, Inc. d.b.a. Adventist HealthCare Shady Grove Medical Center",52-1532556,96372,CPT,OB OP Rhogam Injection,both,,,,min,100.38,,,12/31/2025,52-1532556_AdventistHealthCareShadyGroveMedicalCenter_StandardCharges.csv
"Adventist HealthCare, Inc. d.b.a. Adventist HealthCare Shady Grove Medical Center",52-1532556,96372,CPT,OB OP Rhogam Injection,both,,,,max,116.23,,,12/31/2025,52-1532556_AdventistHealthCareShadyGroveMedicalCenter_StandardCharges.csv
"Adventist HealthCare, Inc. d.b.a. Adventist HealthCare Shady Grove Medical Center",52-1532556,96372,CPT,OB OP Rhogam Injection,both,,All Payers,All Plans,negotiated,105.66,,other,12/31/2025,52-1532556_AdventistHealthCareShadyGroveMedicalCenter_StandardCharges.csv
"Adventist HealthCare, Inc. d.b.a. Adventist HealthCare Shady Grove Medical Center",52-1532556,99242,CPT,Opt Consult L2 Avg 30 Min-M,both,,,,gross,211.33,,,12/31/2025,52-1532556_AdventistHealthCareShadyGroveMedicalCenter_StandardCharges.csv
"Adventist HealthCare, Inc. d.b.a. Adventist HealthCare Shady Grove Medical Center",52-1532556,99242,CPT,Opt Consult L2 Avg 30 Min-M,both,,,,discounted_cash,207.1,,,12/31/2025,52-1532556_AdventistHealthCareShadyGroveMedicalCenter_StandardCharges.csv
"Adventist HealthCare, Inc. d.b.a. Adventist HealthCare Shady Grove Medical Center",52-1532556,99242,CPT,Opt Consult L2 Avg 30 Min-M,both,,,,min,200.76,,,12/31/2025,52-1532556_AdventistHealthCareShadyGroveMedicalCenter_StandardCharges.csv
"Adventist HealthCare, Inc. d.b.a. Adventist HealthCare Shady Grove Medical Center",52-1532556,99242,CPT,Opt Consult L2 Avg 30 Min-M,both,,,,max,232.46,,,12/31/2025,52-1532556_AdventistHealthCareShadyGroveMedicalCenter_StandardCharges.csv
"Adventist HealthCare, Inc. d.b.a. Adventist HealthCare Shady Grove Medical Center",52-1532556,99242,CPT,Opt Consult L2 Avg 30 Min-M,both,,All Payers,All Plans,negotiated,211.33,,other,12/31/2025,52-1532556_AdventistHealthCareShadyGroveMedicalCenter_StandardCharges.csv
"Adventist HealthCare, Inc. d.b.a. Adventist HealthCare Shady Grove Medical Center",52-1532556,99243,CPT,Opt Consult L3 Avg 40 Min-M,both,,,,gross,369.83,,,12/31/2025,52-1532556_AdventistHealthCareShadyGroveMedicalCenter_StandardCharges.csv
"Adventist HealthCare, Inc. d.b.a. Adventist HealthCare Shady Grove Medical Center",52-1532556,99243,CPT,Opt Consult L3 Avg 40 Min-M,both,,,,discounted_cash,362.43,,,12/31/2025,52-1532556_AdventistHealthCareShadyGroveMedicalCenter_StandardCharges.csv
"Adventist HealthCare, Inc. d.b.a. Adventist HealthCare Shady Grove Medical Center",52-1532556,99243,CPT,Opt Consult L3 Avg 40 Min-M,both,,,,min,351.34,,,12/31/2025,52-1532556_AdventistHealthCareShadyGroveMedicalCenter_StandardCharges.csv
"Adventist HealthCare, Inc. d.b.a. Adventist HealthCare Shady Grove Medical Center",52-1532556,99243,CPT,Opt Consult L3 Avg 40 Min-M,both,,,,max,406.81,,,12/31/2025,52-1532556_AdventistHealthCareShadyGroveMedicalCenter_StandardCharges.csv
"Adventist HealthCare, Inc. d.b.a. Adventist HealthCare Shady Grove Medical Center",52-1532556,99243,CPT,Opt Consult L3 Avg 40 Min-M,both,,All Payers,All Plans,negotiated,369.83,,other,12/31/2025,52-1532556_AdventistHealthCareShadyGroveMedicalCenter_StandardCharges.csv
"Adventist HealthCare, Inc. d.b.a. Adventist HealthCare Shady Grove Medical Center",52-1532556,99244,CPT,Opt Consult L4 Avg 60 Min-M,both,,,,gross,792.49,,,12/31/2025,52-1532556_AdventistHealthCareShadyGroveMedicalCenter_StandardCharges.csv
"Adventist HealthCare, Inc. d.b.a. Adventist HealthCare Shady Grove Medical Center",52-1532556,99244,CPT,Opt Consult L4 Avg 60 Min-M,both,,,,discounted_cash,776.64,,,12/31/2025,52-1532556_AdventistHealthCareShadyGroveMedicalCenter_StandardCharges.csv
"Adventist HealthCare, Inc. d.b.a. Adventist HealthCare Shady Grove Medical Center",52-1532556,99244,CPT,Opt Consult L4 Avg 60 Min-M,both,,,,min,752.86,,,12/31/2025,52-1532556_AdventistHealthCareShadyGroveMedicalCenter_StandardCharges.csv
"Adventist HealthCare, Inc. d.b.a. Adventist HealthCare Shady Grove Medical Center",52-1532556,99244,CPT,Opt Consult L4 Avg 60 Min-M,both,,,,max,871.74,,,12/31/2025,52-1532556_AdventistHealthCareShadyGroveMedicalCenter_StandardCharges.csv
"Adventist HealthCare, Inc. d.b.a. Adventist HealthCare Shady Grove Medical Center",52-1532556,99244,CPT,Opt Consult L4 Avg 60 Min-M,both,,All Payers,All Plans,negotiated,792.49,,other,12/31/2025,52-1532556_AdventistHealthCareShadyGroveMedicalCenter_StandardCharges.csv
"Adventist HealthCare, Inc. d.b.a. Adventist HealthCare Shady Grove Medical Center",52-1532556,99245,CPT,Opt Consult L5 Avg 80 Min-M,both,,,,gross,950.98,,,12/31/2025,52-1532556_AdventistHealthCareShadyGroveMedicalCenter_StandardCharges.csv
"Adventist HealthCare, Inc. d.b.a. Adventist HealthCare Shady Grove Medical Center",52-1532556,99245,CPT,Opt Consult L5 Avg 80 Min-M,both,,,,discounted_cash,931.96,,,12/31/2025,52-1532556_AdventistHealthCareShadyGroveMedicalCenter_StandardCharges.csv
"Adventist HealthCare, Inc. d.b.a. Adventist HealthCare Shady Grove Medical Center",52-1532556,99245,CPT,Opt Consult L5 Avg 80 Min-M,both,,,,min,903.44,,,12/31/2025,52-1532556_AdventistHealthCareShadyGroveMedicalCenter_StandardCharges.csv
"Adventist HealthCare, Inc. d.b.a. Adventist HealthCare Shady Grove Medical Center",52-1532556,99245,CPT,Opt Consult L5 Avg 80 Min-M,both,,,,max,1046.08,,,12/31/2025,52-1532556_AdventistHealthCareShadyGroveMedicalCenter_StandardCharges.csv
"Adventist HealthCare, Inc. d.b.a. Adventist HealthCare Shady Grove Medical Center",52-1532556,99245,CPT,Opt Consult L5 Avg 80 Min-M,both,,All Payers,All Plans,negotiated,950.98,,other,12/31/2025,52-1532556_AdventistHealthCareShadyGroveMedicalCenter_StandardCharges.csv
"Adventist HealthCare, Inc. d.b.a. Adventist HealthCare Shady Grove Medical Center",52-1532556,99203,CPT,Opt New L3 Low Cmplx,both,,,,gross,211.33,,,12/31/2025,52-1532556_AdventistHealthCareShadyGroveMedicalCenter_StandardCharges.csv
"Adventist HealthCare, Inc. d.b.a. Adventist HealthCare Shady Grove Medical Center",52-1532556,99203,CPT,Opt New L3 Low Cmplx,both,,,,discounted_cash,207.1,,,12/31/2025,52-1532556_AdventistHealthCareShadyGroveMedicalCenter_StandardCharges.csv
"Adventist HealthCare, Inc. d.b.a. Adventist HealthCare Shady Grove Medical Center",52-1532556,99203,CPT,Opt New L3 Low Cmplx,both,,,,min,200.76,,,12/31/2025,52-1532556_AdventistHealthCareShadyGroveMedicalCenter_StandardCharges.csv
"Adventist HealthCare, Inc. d.b.a. Adventist HealthCare Shady Grove Medical Center",52-1532556,99203,CPT,Opt New L3 Low Cmplx,both,,,,max,232.46,,,12/31/2025,52-1532556_AdventistHealthCareShadyGroveMedicalCenter_StandardCharges.csv
"Adventist HealthCare, Inc. d.b.a. Adventist HealthCare Shady Grove Medical Center",52-1532556,99203,CPT,Opt New L3 Low Cmplx,both,,All Payers,All Plans,negotiated,211.33,,other,12/31/2025,52-1532556_AdventistHealthCareShadyGroveMedicalCenter_StandardCharges.csv
"Adventist HealthCare, Inc. d.b.a. Adventist HealthCare Shady Grove Medical Center",52-1532556,99203,CPT,Opt New L3 Low Cmplx-M,both,,,,gross,211.33,,,12/31/2025,52-1532556_AdventistHealthCareShadyGroveMedicalCenter_StandardCharges.csv
"Adventist HealthCare, Inc. d.b.a. Adventist HealthCare Shady Grove Medical Center",52-1532556,99203,CPT,Opt New L3 Low Cmplx-M,both,,,,discounted_cash,207.1,,,12/31/2025,52-1532556_AdventistHealthCareShadyGroveMedicalCenter_StandardCharges.csv
"Adventist HealthCare, Inc. d.b.a. Adventist HealthCare Shady Grove Medical Center",52-1532556,99203,CPT,Opt New L3 Low Cmplx-M,both,,,,min,200.76,,,12/31/2025,52-1532556_AdventistHealthCareShadyGroveMedicalCenter_StandardCharges.csv
"Adventist HealthCare, Inc. d.b.a. Adventist HealthCare Shady Grove Medical Center",52-1532556,99203,CPT,Opt New L3 Low Cmplx-M,both,,,,max,232.46,,,12/31/2025,52-1532556_AdventistHealthCareShadyGroveMedicalCenter_StandardCharges.csv
"Adventist HealthCare, Inc. d.b.a. Adventist HealthCare Shady Grove Medical Center",52-1532556,99203,CPT,Opt New L3 Low Cmplx-M,both,,All Payers,All Plans,negotiated,211.33,,other,12/31/2025,52-1532556_AdventistHealthCareShadyGroveMedicalCenter_StandardCharges.csv
"Adventist HealthCare, Inc. d.b.a. Adventist HealthCare Shady Grove Medical Center",52-1532556,99211,CPT,Opt Vis Est L1 Brief Smpl,both,,,,gross,105.66,,,12/31/2025,52-1532556_AdventistHealthCareShadyGroveMedicalCenter_StandardCharges.csv
"Adventist HealthCare, Inc. d.b.a. Adventist HealthCare Shady Grove Medical Center",52-1532556,99211,CPT,Opt Vis Est L1 Brief Smpl,both,,,,discounted_cash,103.55,,,12/31/2025,52-1532556_AdventistHealthCareShadyGroveMedicalCenter_StandardCharges.csv
"Adventist HealthCare, Inc. d.b.a. Adventist HealthCare Shady Grove Medical Center",52-1532556,99211,CPT,Opt Vis Est L1 Brief Smpl,both,,,,min,100.38,,,12/31/2025,52-1532556_AdventistHealthCareShadyGroveMedicalCenter_StandardCharges.csv
"Adventist HealthCare, Inc. d.b.a. Adventist HealthCare Shady Grove Medical Center",52-1532556,99211,CPT,Opt Vis Est L1 Brief Smpl,both,,,,max,116.23,,,12/31/2025,52-1532556_AdventistHealthCareShadyGroveMedicalCenter_StandardCharges.csv
"Adventist HealthCare, Inc. d.b.a. Adventist HealthCare Shady Grove Medical Center",52-1532556,99211,CPT,Opt Vis Est L1 Brief Smpl,both,,All Payers,All Plans,negotiated,105.66,,other,12/31/2025,52-1532556_AdventistHealthCareShadyGroveMedicalCenter_StandardCharges.csv
"Adventist HealthCare, Inc. d.b.a. Adventist HealthCare Shady Grove Medical Center",52-1532556,99211,CPT,Opt Vis Est L1 Brief Smpl-M,both,,,,gross,105.66,,,12/31/2025,52-1532556_AdventistHealthCareShadyGroveMedicalCenter_StandardCharges.csv
"Adventist HealthCare, Inc. d.b.a. Adventist HealthCare Shady Grove Medical Center",52-1532556,99211,CPT,Opt Vis Est L1 Brief Smpl-M,both,,,,discounted_cash,103.55,,,12/31/2025,52-1532556_AdventistHealthCareShadyGroveMedicalCenter_StandardCharges.csv
"Adventist HealthCare, Inc. d.b.a. Adventist HealthCare Shady Grove Medical Center",52-1532556,99211,CPT,Opt Vis Est L1 Brief Smpl-M,both,,,,min,100.38,,,12/31/2025,52-1532556_AdventistHealthCareShadyGroveMedicalCenter_StandardCharges.csv
"Adventist HealthCare, Inc. d.b.a. Adventist HealthCare Shady Grove Medical Center",52-1532556,99211,CPT,Opt Vis Est L1 Brief Smpl-M,both,,,,max,116.23,,,12/31/2025,52-1532556_AdventistHealthCareShadyGroveMedicalCenter_StandardCharges.csv
"Adventist HealthCare, Inc. d.b.a. Adventist HealthCare Shady Grove Medical Center",52-1532556,99211,CPT,Opt Vis Est L1 Brief Smpl-M,both,,All Payers,All Plans,negotiated,105.66,,other,12/31/2025,52-1532556_AdventistHealthCareShadyGroveMedicalCenter_StandardCharges.csv
"Adventist HealthCare, Inc. d.b.a. Adventist HealthCare Shady Grove Medical Center",52-1532556,99212,CPT,Opt Vis Est L2 Prob Focused,both,,,,gross,158.5,,,12/31/2025,52-1532556_AdventistHealthCareShadyGroveMedicalCenter_StandardCharges.csv
"Adventist HealthCare, Inc. d.b.a. Adventist HealthCare Shady Grove Medical Center",52-1532556,99212,CPT,Opt Vis Est L2 Prob Focused,both,,,,discounted_cash,155.33,,,12/31/2025,52-1532556_AdventistHealthCareShadyGroveMedicalCenter_StandardCharges.csv
"Adventist HealthCare, Inc. d.b.a. Adventist HealthCare Shady Grove Medical Center",52-1532556,99212,CPT,Opt Vis Est L2 Prob Focused,both,,,,min,150.57,,,12/31/2025,52-1532556_AdventistHealthCareShadyGroveMedicalCenter_StandardCharges.csv
"Adventist HealthCare, Inc. d.b.a. Adventist HealthCare Shady Grove Medical Center",52-1532556,99212,CPT,Opt Vis Est L2 Prob Focused,both,,,,max,174.35,,,12/31/2025,52-1532556_AdventistHealthCareShadyGroveMedicalCenter_StandardCharges.csv
"Adventist HealthCare, Inc. d.b.a. Adventist HealthCare Shady Grove Medical Center",52-1532556,99212,CPT,Opt Vis Est L2 Prob Focused,both,,All Payers,All Plans,negotiated,158.5,,other,12/31/2025,52-1532556_AdventistHealthCareShadyGroveMedicalCenter_StandardCharges.csv
"Adventist HealthCare, Inc. d.b.a. Adventist HealthCare Shady Grove Medical Center",52-1532556,99212,CPT,Opt Vis Est L2 Prob Focused-M,both,,,,gross,158.5,,,12/31/2025,52-1532556_AdventistHealthCareShadyGroveMedicalCenter_StandardCharges.csv
"Adventist HealthCare, Inc. d.b.a. Adventist HealthCare Shady Grove Medical Center",52-1532556,99212,CPT,Opt Vis Est L2 Prob Focused-M,both,,,,discounted_cash,155.33,,,12/31/2025,52-1532556_AdventistHealthCareShadyGroveMedicalCenter_StandardCharges.csv
"Adventist HealthCare, Inc. d.b.a. Adventist HealthCare Shady Grove Medical Center",52-1532556,99212,CPT,Opt Vis Est L2 Prob Focused-M,both,,,,min,150.57,,,12/31/2025,52-1532556_AdventistHealthCareShadyGroveMedicalCenter_StandardCharges.csv
"Adventist HealthCare, Inc. d.b.a. Adventist HealthCare Shady Grove Medical Center",52-1532556,99212,CPT,Opt Vis Est L2 Prob Focused-M,both,,,,max,174.35,,,12/31/2025,52-1532556_AdventistHealthCareShadyGroveMedicalCenter_StandardCharges.csv
"Adventist HealthCare, Inc. d.b.a. Adventist HealthCare Shady Grove Medical Center",52-1532556,99212,CPT,Opt Vis Est L2 Prob Focused-M,both,,All Payers,All Plans,negotiated,158.5,,other,12/31/2025,52-1532556_AdventistHealthCareShadyGroveMedicalCenter_StandardCharges.csv
"Adventist HealthCare, Inc. d.b.a. Adventist HealthCare Shady Grove Medical Center",52-1532556,99213,CPT,Opt Vis Est L3 Expanded,both,,,,gross,211.33,,,12/31/2025,52-1532556_AdventistHealthCareShadyGroveMedicalCenter_StandardCharges.csv
"Adventist HealthCare, Inc. d.b.a. Adventist HealthCare Shady Grove Medical Center",52-1532556,99213,CPT,Opt Vis Est L3 Expanded,both,,,,discounted_cash,207.1,,,12/31/2025,52-1532556_AdventistHealthCareShadyGroveMedicalCenter_StandardCharges.csv
"Adventist HealthCare, Inc. d.b.a. Adventist HealthCare Shady Grove Medical Center",52-1532556,99213,CPT,Opt Vis Est L3 Expanded,both,,,,min,200.76,,,12/31/2025,52-1532556_AdventistHealthCareShadyGroveMedicalCenter_StandardCharges.csv
"Adventist HealthCare, Inc. d.b.a. Adventist HealthCare Shady Grove Medical Center",52-1532556,99213,CPT,Opt Vis Est L3 Expanded,both,,,,max,232.46,,,12/31/2025,52-1532556_AdventistHealthCareShadyGroveMedicalCenter_StandardCharges.csv
"Adventist HealthCare, Inc. d.b.a. Adventist HealthCare Shady Grove Medical Center",52-1532556,99213,CPT,Opt Vis Est L3 Expanded,both,,All Payers,All Plans,negotiated,211.33,,other,12/31/2025,52-1532556_AdventistHealthCareShadyGroveMedicalCenter_StandardCharges.csv
"Adventist HealthCare, Inc. d.b.a. Adventist HealthCare Shady Grove Medical Center",52-1532556,99213,CPT,Opt Vis Est L3 Expanded-M,both,,,,gross,211.33,,,12/31/2025,52-1532556_AdventistHealthCareShadyGroveMedicalCenter_StandardCharges.csv
"Adventist HealthCare, Inc. d.b.a. Adventist HealthCare Shady Grove Medical Center",52-1532556,99213,CPT,Opt Vis Est L3 Expanded-M,both,,,,discounted_cash,207.1,,,12/31/2025,52-1532556_AdventistHealthCareShadyGroveMedicalCenter_StandardCharges.csv
"Adventist HealthCare, Inc. d.b.a. Adventist HealthCare Shady Grove Medical Center",52-1532556,99213,CPT,Opt Vis Est L3 Expanded-M,both,,,,min,200.76,,,12/31/2025,52-1532556_AdventistHealthCareShadyGroveMedicalCenter_StandardCharges.csv
"Adventist HealthCare, Inc. d.b.a. Adventist HealthCare Shady Grove Medical Center",52-1532556,99213,CPT,Opt Vis Est L3 Expanded-M,both,,,,max,232.46,,,12/31/2025,52-1532556_AdventistHealthCareShadyGroveMedicalCenter_StandardCharges.csv
"Adventist HealthCare, Inc. d.b.a. Adventist HealthCare Shady Grove Medical Center",52-1532556,99213,CPT,Opt Vis Est L3 Expanded-M,both,,All Payers,All Plans,negotiated,211.33,,other,12/31/2025,52-1532556_AdventistHealthCareShadyGroveMedicalCenter_StandardCharges.csv
"Adventist HealthCare, Inc. d.b.a. Adventist HealthCare Shady Grove Medical Center",52-1532556,99214,CPT,Opt Vis Est L4 Mod Cmplx-M,both,,,,gross,264.16,,,12/31/2025,52-1532556_AdventistHealthCareShadyGroveMedicalCenter_StandardCharges.csv
"Adventist HealthCare, Inc. d.b.a. Adventist HealthCare Shady Grove Medical Center",52-1532556,99214,CPT,Opt Vis Est L4 Mod Cmplx-M,both,,,,discounted_cash,258.88,,,12/31/2025,52-1532556_AdventistHealthCareShadyGroveMedicalCenter_StandardCharges.csv
"Adventist HealthCare, Inc. d.b.a. Adventist HealthCare Shady Grove Medical Center",52-1532556,99214,CPT,Opt Vis Est L4 Mod Cmplx-M,both,,,,min,250.95,,,12/31/2025,52-1532556_AdventistHealthCareShadyGroveMedicalCenter_StandardCharges.csv
"Adventist HealthCare, Inc. d.b.a. Adventist HealthCare Shady Grove Medical Center",52-1532556,99214,CPT,Opt Vis Est L4 Mod Cmplx-M,both,,,,max,290.58,,,12/31/2025,52-1532556_AdventistHealthCareShadyGroveMedicalCenter_StandardCharges.csv
"Adventist HealthCare, Inc. d.b.a. Adventist HealthCare Shady Grove Medical Center",52-1532556,99214,CPT,Opt Vis Est L4 Mod Cmplx-M,both,,All Payers,All Plans,negotiated,264.16,,other,12/31/2025,52-1532556_AdventistHealthCareShadyGroveMedicalCenter_StandardCharges.csv
"Adventist HealthCare, Inc. d.b.a. Adventist HealthCare Shady Grove Medical Center",52-1532556,99214,CPT,Opt Vis Est L4 Most Cmplx,both,,,,gross,264.16,,,12/31/2025,52-1532556_AdventistHealthCareShadyGroveMedicalCenter_StandardCharges.csv
"Adventist HealthCare, Inc. d.b.a. Adventist HealthCare Shady Grove Medical Center",52-1532556,99214,CPT,Opt Vis Est L4 Most Cmplx,both,,,,discounted_cash,258.88,,,12/31/2025,52-1532556_AdventistHealthCareShadyGroveMedicalCenter_StandardCharges.csv
"Adventist HealthCare, Inc. d.b.a. Adventist HealthCare Shady Grove Medical Center",52-1532556,99214,CPT,Opt Vis Est L4 Most Cmplx,both,,,,min,250.95,,,12/31/2025,52-1532556_AdventistHealthCareShadyGroveMedicalCenter_StandardCharges.csv
"Adventist HealthCare, Inc. d.b.a. Adventist HealthCare Shady Grove Medical Center",52-1532556,99214,CPT,Opt Vis Est L4 Most Cmplx,both,,,,max,290.58,,,12/31/2025,52-1532556_AdventistHealthCareShadyGroveMedicalCenter_StandardCharges.csv
"Adventist HealthCare, Inc. d.b.a. Adventist HealthCare Shady Grove Medical Center",52-1532556,99214,CPT,Opt Vis Est L4 Most Cmplx,both,,All Payers,All Plans,negotiated,264.16,,other,12/31/2025,52-1532556_AdventistHealthCareShadyGroveMedicalCenter_StandardCharges.csv
"Adventist HealthCare, Inc. d.b.a. Adventist HealthCare Shady Grove Medical Center",52-1532556,99215,CPT,Opt Vis Est L5 Hi Complx,both,,,,gross,316.99,,,12/31/2025,52-1532556_AdventistHealthCareShadyGroveMedicalCenter_StandardCharges.csv
"Adventist HealthCare, Inc. d.b.a. Adventist HealthCare Shady Grove Medical Center",52-1532556,99215,CPT,Opt Vis Est L5 Hi Complx,both,,,,discounted_cash,310.65,,,12/31/2025,52-1532556_AdventistHealthCareShadyGroveMedicalCenter_StandardCharges.csv
"Adventist HealthCare, Inc. d.b.a. Adventist HealthCare Shady Grove Medical Center",52-1532556,99215,CPT,Opt Vis Est L5 Hi Complx,both,,,,min,301.15,,,12/31/2025,52-1532556_AdventistHealthCareShadyGroveMedicalCenter_StandardCharges.csv
"Adventist HealthCare, Inc. d.b.a. Adventist HealthCare Shady Grove Medical Center",52-1532556,99215,CPT,Opt Vis Est L5 Hi Complx,both,,,,max,348.69,,,12/31/2025,52-1532556_AdventistHealthCareShadyGroveMedicalCenter_StandardCharges.csv
"Adventist HealthCare, Inc. d.b.a. Adventist HealthCare Shady Grove Medical Center",52-1532556,99215,CPT,Opt Vis Est L5 Hi Complx,both,,All Payers,All Plans,negotiated,316.99,,other,12/31/2025,52-1532556_AdventistHealthCareShadyGroveMedicalCenter_StandardCharges.csv
"Adventist HealthCare, Inc. d.b.a. Adventist HealthCare Shady Grove Medical Center",52-1532556,99211,CPT,Opt Vis New L1 Brf Prob Foc-M,both,,,,gross,105.66,,,12/31/2025,52-1532556_AdventistHealthCareShadyGroveMedicalCenter_StandardCharges.csv
"Adventist HealthCare, Inc. d.b.a. Adventist HealthCare Shady Grove Medical Center",52-1532556,99211,CPT,Opt Vis New L1 Brf Prob Foc-M,both,,,,discounted_cash,103.55,,,12/31/2025,52-1532556_AdventistHealthCareShadyGroveMedicalCenter_StandardCharges.csv
"Adventist HealthCare, Inc. d.b.a. Adventist HealthCare Shady Grove Medical Center",52-1532556,99211,CPT,Opt Vis New L1 Brf Prob Foc-M,both,,,,min,100.38,,,12/31/2025,52-1532556_AdventistHealthCareShadyGroveMedicalCenter_StandardCharges.csv
"Adventist HealthCare, Inc. d.b.a. Adventist HealthCare Shady Grove Medical Center",52-1532556,99211,CPT,Opt Vis New L1 Brf Prob Foc-M,both,,,,max,116.23,,,12/31/2025,52-1532556_AdventistHealthCareShadyGroveMedicalCenter_StandardCharges.csv
"Adventist HealthCare, Inc. d.b.a. Adventist HealthCare Shady Grove Medical Center",52-1532556,99211,CPT,Opt Vis New L1 Brf Prob Foc-M,both,,All Payers,All Plans,negotiated,105.66,,other,12/31/2025,52-1532556_AdventistHealthCareShadyGroveMedicalCenter_StandardCharges.csv
"Adventist HealthCare, Inc. d.b.a. Adventist HealthCare Shady Grove Medical Center",52-1532556,99211,CPT,Opt Vis New L1 Brf Prob Foc,both,,,,gross,105.66,,,12/31/2025,52-1532556_AdventistHealthCareShadyGroveMedicalCenter_StandardCharges.csv
"Adventist HealthCare, Inc. d.b.a. Adventist HealthCare Shady Grove Medical Center",52-1532556,99211,CPT,Opt Vis New L1 Brf Prob Foc,both,,,,discounted_cash,103.55,,,12/31/2025,52-1532556_AdventistHealthCareShadyGroveMedicalCenter_StandardCharges.csv
"Adventist HealthCare, Inc. d.b.a. Adventist HealthCare Shady Grove Medical Center",52-1532556,99211,CPT,Opt Vis New L1 Brf Prob Foc,both,,,,min,100.38,,,12/31/2025,52-1532556_AdventistHealthCareShadyGroveMedicalCenter_StandardCharges.csv
"Adventist HealthCare, Inc. d.b.a. Adventist HealthCare Shady Grove Medical Center",52-1532556,99211,CPT,Opt Vis New L1 Brf Prob Foc,both,,,,max,116.23,,,12/31/2025,52-1532556_AdventistHealthCareShadyGroveMedicalCenter_StandardCharges.csv
"Adventist HealthCare, Inc. d.b.a. Adventist HealthCare Shady Grove Medical Center",52-1532556,99211,CPT,Opt Vis New L1 Brf Prob Foc,both,,All Payers,All Plans,negotiated,105.66,,other,12/31/2025,52-1532556_AdventistHealthCareShadyGroveMedicalCenter_StandardCharges.csv
"Adventist HealthCare, Inc. d.b.a. Adventist HealthCare Shady Grove Medical Center",52-1532556,99202,CPT,Opt Vis New L2 Expanded,both,,,,gross,158.5,,,12/31/2025,52-1532556_AdventistHealthCareShadyGroveMedicalCenter_StandardCharges.csv
"Adventist HealthCare, Inc. d.b.a. Adventist HealthCare Shady Grove Medical Center",52-1532556,99202,CPT,Opt Vis New L2 Expanded,both,,,,discounted_cash,155.33,,,12/31/2025,52-1532556_AdventistHealthCareShadyGroveMedicalCenter_StandardCharges.csv
"Adventist HealthCare, Inc. d.b.a. Adventist HealthCare Shady Grove Medical Center",52-1532556,99202,CPT,Opt Vis New L2 Expanded,both,,,,min,150.57,,,12/31/2025,52-1532556_AdventistHealthCareShadyGroveMedicalCenter_StandardCharges.csv
"Adventist HealthCare, Inc. d.b.a. Adventist HealthCare Shady Grove Medical Center",52-1532556,99202,CPT,Opt Vis New L2 Expanded,both,,,,max,174.35,,,12/31/2025,52-1532556_AdventistHealthCareShadyGroveMedicalCenter_StandardCharges.csv
"Adventist HealthCare, Inc. d.b.a. Adventist HealthCare Shady Grove Medical Center",52-1532556,99202,CPT,Opt Vis New L2 Expanded,both,,All Payers,All Plans,negotiated,158.5,,other,12/31/2025,52-1532556_AdventistHealthCareShadyGroveMedicalCenter_StandardCharges.csv
"Adventist HealthCare, Inc. d.b.a. Adventist HealthCare Shady Grove Medical Center",52-1532556,99202,CPT,Opt Vis New L2 Expanded-M,both,,,,gross,158.5,,,12/31/2025,52-1532556_AdventistHealthCareShadyGroveMedicalCenter_StandardCharges.csv
"Adventist HealthCare, Inc. d.b.a. Adventist HealthCare Shady Grove Medical Center",52-1532556,99202,CPT,Opt Vis New L2 Expanded-M,both,,,,discounted_cash,155.33,,,12/31/2025,52-1532556_AdventistHealthCareShadyGroveMedicalCenter_StandardCharges.csv
"Adventist HealthCare, Inc. d.b.a. Adventist HealthCare Shady Grove Medical Center",52-1532556,99202,CPT,Opt Vis New L2 Expanded-M,both,,,,min,150.57,,,12/31/2025,52-1532556_AdventistHealthCareShadyGroveMedicalCenter_StandardCharges.csv
"Adventist HealthCare, Inc. d.b.a. Adventist HealthCare Shady Grove Medical Center",52-1532556,99202,CPT,Opt Vis New L2 Expanded-M,both,,,,max,174.35,,,12/31/2025,52-1532556_AdventistHealthCareShadyGroveMedicalCenter_StandardCharges.csv
"Adventist HealthCare, Inc. d.b.a. Adventist HealthCare Shady Grove Medical Center",52-1532556,99202,CPT,Opt Vis New L2 Expanded-M,both,,All Payers,All Plans,negotiated,158.5,,other,12/31/2025,52-1532556_AdventistHealthCareShadyGroveMedicalCenter_StandardCharges.csv
"Adventist HealthCare, Inc. d.b.a. Adventist HealthCare Shady Grove Medical Center",52-1532556,99203,CPT,Opt Vis New L3 Low Cmplx,both,,,,gross,211.33,,,12/31/2025,52-1532556_AdventistHealthCareShadyGroveMedicalCenter_StandardCharges.csv
"Adventist HealthCare, Inc. d.b.a. Adventist HealthCare Shady Grove Medical Center",52-1532556,99203,CPT,Opt Vis New L3 Low Cmplx,both,,,,discounted_cash,207.1,,,12/31/2025,52-1532556_AdventistHealthCareShadyGroveMedicalCenter_StandardCharges.csv
"Adventist HealthCare, Inc. d.b.a. Adventist HealthCare Shady Grove Medical Center",52-1532556,99203,CPT,Opt Vis New L3 Low Cmplx,both,,,,min,200.76,,,12/31/2025,52-1532556_AdventistHealthCareShadyGroveMedicalCenter_StandardCharges.csv
"Adventist HealthCare, Inc. d.b.a. Adventist HealthCare Shady Grove Medical Center",52-1532556,99203,CPT,Opt Vis New L3 Low Cmplx,both,,,,max,232.46,,,12/31/2025,52-1532556_AdventistHealthCareShadyGroveMedicalCenter_StandardCharges.csv
"Adventist HealthCare, Inc. d.b.a. Adventist HealthCare Shady Grove Medical Center",52-1532556,99203,CPT,Opt Vis New L3 Low Cmplx,both,,All Payers,All Plans,negotiated,211.33,,other,12/31/2025,52-1532556_AdventistHealthCareShadyGroveMedicalCenter_StandardCharges.csv
"Adventist HealthCare, Inc. d.b.a. Adventist HealthCare Shady Grove Medical Center",52-1532556,99204,CPT,Opt Vis New L4 Mod Cmplx,both,,,,gross,264.16,,,12/31/2025,52-1532556_AdventistHealthCareShadyGroveMedicalCenter_StandardCharges.csv
"Adventist HealthCare, Inc. d.b.a. Adventist HealthCare Shady Grove Medical Center",52-1532556,99204,CPT,Opt Vis New L4 Mod Cmplx,both,,,,discounted_cash,258.88,,,12/31/2025,52-1532556_AdventistHealthCareShadyGroveMedicalCenter_StandardCharges.csv
"Adventist HealthCare, Inc. d.b.a. Adventist HealthCare Shady Grove Medical Center",52-1532556,99204,CPT,Opt Vis New L4 Mod Cmplx,both,,,,min,250.95,,,12/31/2025,52-1532556_AdventistHealthCareShadyGroveMedicalCenter_StandardCharges.csv
"Adventist HealthCare, Inc. d.b.a. Adventist HealthCare Shady Grove Medical Center",52-1532556,99204,CPT,Opt Vis New L4 Mod Cmplx,both,,,,max,290.58,,,12/31/2025,52-1532556_AdventistHealthCareShadyGroveMedicalCenter_StandardCharges.csv
"Adventist HealthCare, Inc. d.b.a. Adventist HealthCare Shady Grove Medical Center",52-1532556,99204,CPT,Opt Vis New L4 Mod Cmplx,both,,All Payers,All Plans,negotiated,264.16,,other,12/31/2025,52-1532556_AdventistHealthCareShadyGroveMedicalCenter_StandardCharges.csv
"Adventist HealthCare, Inc. d.b.a. Adventist HealthCare Shady Grove Medical Center",52-1532556,99204,CPT,Opt Vis New L4 Mod Cmplx-M,both,,,,gross,264.16,,,12/31/2025,52-1532556_AdventistHealthCareShadyGroveMedicalCenter_StandardCharges.csv
"Adventist HealthCare, Inc. d.b.a. Adventist HealthCare Shady Grove Medical Center",52-1532556,99204,CPT,Opt Vis New L4 Mod Cmplx-M,both,,,,discounted_cash,258.88,,,12/31/2025,52-1532556_AdventistHealthCareShadyGroveMedicalCenter_StandardCharges.csv
"Adventist HealthCare, Inc. d.b.a. Adventist HealthCare Shady Grove Medical Center",52-1532556,99204,CPT,Opt Vis New L4 Mod Cmplx-M,both,,,,min,250.95,,,12/31/2025,52-1532556_AdventistHealthCareShadyGroveMedicalCenter_StandardCharges.csv
"Adventist HealthCare, Inc. d.b.a. Adventist HealthCare Shady Grove Medical Center",52-1532556,99204,CPT,Opt Vis New L4 Mod Cmplx-M,both,,,,max,290.58,,,12/31/2025,52-1532556_AdventistHealthCareShadyGroveMedicalCenter_StandardCharges.csv
"Adventist HealthCare, Inc. d.b.a. Adventist HealthCare Shady Grove Medical Center",52-1532556,99204,CPT,Opt Vis New L4 Mod Cmplx-M,both,,All Payers,All Plans,negotiated,264.16,,other,12/31/2025,52-1532556_AdventistHealthCareShadyGroveMedicalCenter_StandardCharges.csv
"Adventist HealthCare, Inc. d.b.a. Adventist HealthCare Shady Grove Medical Center",52-1532556,99205,CPT,Opt Vis New L5 Hi Cmplx,both,,,,gross,316.99,,,12/31/2025,52-1532556_AdventistHealthCareShadyGroveMedicalCenter_StandardCharges.csv
"Adventist HealthCare, Inc. d.b.a. Adventist HealthCare Shady Grove Medical Center",52-1532556,99205,CPT,Opt Vis New L5 Hi Cmplx,both,,,,discounted_cash,310.65,,,12/31/2025,52-1532556_AdventistHealthCareShadyGroveMedicalCenter_StandardCharges.csv
"Adventist HealthCare, Inc. d.b.a. Adventist HealthCare Shady Grove Medical Center",52-1532556,99205,CPT,Opt Vis New L5 Hi Cmplx,both,,,,min,301.15,,,12/31/2025,52-1532556_AdventistHealthCareShadyGroveMedicalCenter_StandardCharges.csv
"Adventist HealthCare, Inc. d.b.a. Adventist HealthCare Shady Grove Medical Center",52-1532556,99205,CPT,Opt Vis New L5 Hi Cmplx,both,,,,max,348.69,,,12/31/2025,52-1532556_AdventistHealthCareShadyGroveMedicalCenter_StandardCharges.csv
"Adventist HealthCare, Inc. d.b.a. Adventist HealthCare Shady Grove Medical Center",52-1532556,99205,CPT,Opt Vis New L5 Hi Cmplx,both,,All Payers,All Plans,negotiated,316.99,,other,12/31/2025,52-1532556_AdventistHealthCareShadyGroveMedicalCenter_StandardCharges.csv
"Adventist HealthCare, Inc. d.b.a. Adventist HealthCare Shady Grove Medical Center",52-1532556,G0109,HCPCS,Diabetic Education Group 30 Min,both,,,,gross,105.66,,,12/31/2025,52-1532556_AdventistHealthCareShadyGroveMedicalCenter_StandardCharges.csv
"Adventist HealthCare, Inc. d.b.a. Adventist HealthCare Shady Grove Medical Center",52-1532556,G0109,HCPCS,Diabetic Education Group 30 Min,both,,,,discounted_cash,103.55,,,12/31/2025,52-1532556_AdventistHealthCareShadyGroveMedicalCenter_StandardCharges.csv
"Adventist HealthCare, Inc. d.b.a. Adventist HealthCare Shady Grove Medical Center",52-1532556,G0109,HCPCS,Diabetic Education Group 30 Min,both,,,,min,100.38,,,12/31/2025,52-1532556_AdventistHealthCareShadyGroveMedicalCenter_StandardCharges.csv
"Adventist HealthCare, Inc. d.b.a. Adventist HealthCare Shady Grove Medical Center",52-1532556,G0109,HCPCS,Diabetic Education Group 30 Min,both,,,,max,116.23,,,12/31/2025,52-1532556_AdventistHealthCareShadyGroveMedicalCenter_StandardCharges.csv
"Adventist HealthCare, Inc. d.b.a. Adventist HealthCare Shady Grove Medical Center",52-1532556,G0109,HCPCS,Diabetic Education Group 30 Min,both,,All Payers,All Plans,negotiated,105.66,,other,12/31/2025,52-1532556_AdventistHealthCareShadyGroveMedicalCenter_StandardCharges.csv
"Adventist HealthCare, Inc. d.b.a. Adventist HealthCare Shady Grove Medical Center",52-1532556,G0108,HCPCS,Diabetic Education Indiv 30 Min,both,,,,gross,369.83,,,12/31/2025,52-1532556_AdventistHealthCareShadyGroveMedicalCenter_StandardCharges.csv
"Adventist HealthCare, Inc. d.b.a. Adventist HealthCare Shady Grove Medical Center",52-1532556,G0108,HCPCS,Diabetic Education Indiv 30 Min,both,,,,discounted_cash,362.43,,,12/31/2025,52-1532556_AdventistHealthCareShadyGroveMedicalCenter_StandardCharges.csv
"Adventist HealthCare, Inc. d.b.a. Adventist HealthCare Shady Grove Medical Center",52-1532556,G0108,HCPCS,Diabetic Education Indiv 30 Min,both,,,,min,351.34,,,12/31/2025,52-1532556_AdventistHealthCareShadyGroveMedicalCenter_StandardCharges.csv
"Adventist HealthCare, Inc. d.b.a. Adventist HealthCare Shady Grove Medical Center",52-1532556,G0108,HCPCS,Diabetic Education Indiv 30 Min,both,,,,max,406.81,,,12/31/2025,52-1532556_AdventistHealthCareShadyGroveMedicalCenter_StandardCharges.csv
"Adventist HealthCare, Inc. d.b.a. Adventist HealthCare Shady Grove Medical Center",52-1532556,G0108,HCPCS,Diabetic Education Indiv 30 Min,both,,All Payers,All Plans,negotiated,369.83,,other,12/31/2025,52-1532556_AdventistHealthCareShadyGroveMedicalCenter_StandardCharges.csv
"Adventist HealthCare, Inc. d.b.a. Adventist HealthCare Shady Grove Medical Center",52-1532556,99211,CPT,E&M NEW OUTPATIENT BRIEF,both,,,,gross,105.66,,,12/31/2025,52-1532556_AdventistHealthCareShadyGroveMedicalCenter_StandardCharges.csv
"Adventist HealthCare, Inc. d.b.a. Adventist HealthCare Shady Grove Medical Center",52-1532556,99211,CPT,E&M NEW OUTPATIENT BRIEF,both,,,,discounted_cash,103.55,,,12/31/2025,52-1532556_AdventistHealthCareShadyGroveMedicalCenter_StandardCharges.csv
"Adventist HealthCare, Inc. d.b.a. Adventist HealthCare Shady Grove Medical Center",52-1532556,99211,CPT,E&M NEW OUTPATIENT BRIEF,both,,,,min,100.38,,,12/31/2025,52-1532556_AdventistHealthCareShadyGroveMedicalCenter_StandardCharges.csv
"Adventist HealthCare, Inc. d.b.a. Adventist HealthCare Shady Grove Medical Center",52-1532556,99211,CPT,E&M NEW OUTPATIENT BRIEF,both,,,,max,116.23,,,12/31/2025,52-1532556_AdventistHealthCareShadyGroveMedicalCenter_StandardCharges.csv
"Adventist HealthCare, Inc. d.b.a. Adventist HealthCare Shady Grove Medical Center",52-1532556,99211,CPT,E&M NEW OUTPATIENT BRIEF,both,,All Payers,All Plans,negotiated,105.66,,other,12/31/2025,52-1532556_AdventistHealthCareShadyGroveMedicalCenter_StandardCharges.csv
"Adventist HealthCare, Inc. d.b.a. Adventist HealthCare Shady Grove Medical Center",52-1532556,99203,CPT,FMU Initial Charge,both,,,,gross,211.33,,,12/31/2025,52-1532556_AdventistHealthCareShadyGroveMedicalCenter_StandardCharges.csv
"Adventist HealthCare, Inc. d.b.a. Adventist HealthCare Shady Grove Medical Center",52-1532556,99203,CPT,FMU Initial Charge,both,,,,discounted_cash,207.1,,,12/31/2025,52-1532556_AdventistHealthCareShadyGroveMedicalCenter_StandardCharges.csv
"Adventist HealthCare, Inc. d.b.a. Adventist HealthCare Shady Grove Medical Center",52-1532556,99203,CPT,FMU Initial Charge,both,,,,min,200.76,,,12/31/2025,52-1532556_AdventistHealthCareShadyGroveMedicalCenter_StandardCharges.csv
"Adventist HealthCare, Inc. d.b.a. Adventist HealthCare Shady Grove Medical Center",52-1532556,99203,CPT,FMU Initial Charge,both,,,,max,232.46,,,12/31/2025,52-1532556_AdventistHealthCareShadyGroveMedicalCenter_StandardCharges.csv
"Adventist HealthCare, Inc. d.b.a. Adventist HealthCare Shady Grove Medical Center",52-1532556,99203,CPT,FMU Initial Charge,both,,All Payers,All Plans,negotiated,211.33,,other,12/31/2025,52-1532556_AdventistHealthCareShadyGroveMedicalCenter_StandardCharges.csv
"Adventist HealthCare, Inc. d.b.a. Adventist HealthCare Shady Grove Medical Center",52-1532556,99213,CPT,FMU Injury and Wound Re-eval Charge,both,,,,gross,211.33,,,12/31/2025,52-1532556_AdventistHealthCareShadyGroveMedicalCenter_StandardCharges.csv
"Adventist HealthCare, Inc. d.b.a. Adventist HealthCare Shady Grove Medical Center",52-1532556,99213,CPT,FMU Injury and Wound Re-eval Charge,both,,,,discounted_cash,207.1,,,12/31/2025,52-1532556_AdventistHealthCareShadyGroveMedicalCenter_StandardCharges.csv
"Adventist HealthCare, Inc. d.b.a. Adventist HealthCare Shady Grove Medical Center",52-1532556,99213,CPT,FMU Injury and Wound Re-eval Charge,both,,,,min,200.76,,,12/31/2025,52-1532556_AdventistHealthCareShadyGroveMedicalCenter_StandardCharges.csv
"Adventist HealthCare, Inc. d.b.a. Adventist HealthCare Shady Grove Medical Center",52-1532556,99213,CPT,FMU Injury and Wound Re-eval Charge,both,,,,max,232.46,,,12/31/2025,52-1532556_AdventistHealthCareShadyGroveMedicalCenter_StandardCharges.csv
"Adventist HealthCare, Inc. d.b.a. Adventist HealthCare Shady Grove Medical Center",52-1532556,99213,CPT,FMU Injury and Wound Re-eval Charge,both,,All Payers,All Plans,negotiated,211.33,,other,12/31/2025,52-1532556_AdventistHealthCareShadyGroveMedicalCenter_StandardCharges.csv
"Adventist HealthCare, Inc. d.b.a. Adventist HealthCare Shady Grove Medical Center",52-1532556,99213,CPT,FMU Medication Management Charge,both,,,,gross,211.33,,,12/31/2025,52-1532556_AdventistHealthCareShadyGroveMedicalCenter_StandardCharges.csv
"Adventist HealthCare, Inc. d.b.a. Adventist HealthCare Shady Grove Medical Center",52-1532556,99213,CPT,FMU Medication Management Charge,both,,,,discounted_cash,207.1,,,12/31/2025,52-1532556_AdventistHealthCareShadyGroveMedicalCenter_StandardCharges.csv
"Adventist HealthCare, Inc. d.b.a. Adventist HealthCare Shady Grove Medical Center",52-1532556,99213,CPT,FMU Medication Management Charge,both,,,,min,200.76,,,12/31/2025,52-1532556_AdventistHealthCareShadyGroveMedicalCenter_StandardCharges.csv
"Adventist HealthCare, Inc. d.b.a. Adventist HealthCare Shady Grove Medical Center",52-1532556,99213,CPT,FMU Medication Management Charge,both,,,,max,232.46,,,12/31/2025,52-1532556_AdventistHealthCareShadyGroveMedicalCenter_StandardCharges.csv
"Adventist HealthCare, Inc. d.b.a. Adventist HealthCare Shady Grove Medical Center",52-1532556,99213,CPT,FMU Medication Management Charge,both,,All Payers,All Plans,negotiated,211.33,,other,12/31/2025,52-1532556_AdventistHealthCareShadyGroveMedicalCenter_StandardCharges.csv
"Adventist HealthCare, Inc. d.b.a. Adventist HealthCare Shady Grove Medical Center",52-1532556,99213,CPT,FMU Psychosocial Eval Charge,both,,,,gross,211.33,,,12/31/2025,52-1532556_AdventistHealthCareShadyGroveMedicalCenter_StandardCharges.csv
"Adventist HealthCare, Inc. d.b.a. Adventist HealthCare Shady Grove Medical Center",52-1532556,99213,CPT,FMU Psychosocial Eval Charge,both,,,,discounted_cash,207.1,,,12/31/2025,52-1532556_AdventistHealthCareShadyGroveMedicalCenter_StandardCharges.csv
"Adventist HealthCare, Inc. d.b.a. Adventist HealthCare Shady Grove Medical Center",52-1532556,99213,CPT,FMU Psychosocial Eval Charge,both,,,,min,200.76,,,12/31/2025,52-1532556_AdventistHealthCareShadyGroveMedicalCenter_StandardCharges.csv
"Adventist HealthCare, Inc. d.b.a. Adventist HealthCare Shady Grove Medical Center",52-1532556,99213,CPT,FMU Psychosocial Eval Charge,both,,,,max,232.46,,,12/31/2025,52-1532556_AdventistHealthCareShadyGroveMedicalCenter_StandardCharges.csv
"Adventist HealthCare, Inc. d.b.a. Adventist HealthCare Shady Grove Medical Center",52-1532556,99213,CPT,FMU Psychosocial Eval Charge,both,,All Payers,All Plans,negotiated,211.33,,other,12/31/2025,52-1532556_AdventistHealthCareShadyGroveMedicalCenter_StandardCharges.csv
"Adventist HealthCare, Inc. d.b.a. Adventist HealthCare Shady Grove Medical Center",52-1532556,99213,CPT,FMU STI Screening and Surveillance Charge,both,,,,gross,211.33,,,12/31/2025,52-1532556_AdventistHealthCareShadyGroveMedicalCenter_StandardCharges.csv
"Adventist HealthCare, Inc. d.b.a. Adventist HealthCare Shady Grove Medical Center",52-1532556,99213,CPT,FMU STI Screening and Surveillance Charge,both,,,,discounted_cash,207.1,,,12/31/2025,52-1532556_AdventistHealthCareShadyGroveMedicalCenter_StandardCharges.csv
"Adventist HealthCare, Inc. d.b.a. Adventist HealthCare Shady Grove Medical Center",52-1532556,99213,CPT,FMU STI Screening and Surveillance Charge,both,,,,min,200.76,,,12/31/2025,52-1532556_AdventistHealthCareShadyGroveMedicalCenter_StandardCharges.csv
"Adventist HealthCare, Inc. d.b.a. Adventist HealthCare Shady Grove Medical Center",52-1532556,99213,CPT,FMU STI Screening and Surveillance Charge,both,,,,max,232.46,,,12/31/2025,52-1532556_AdventistHealthCareShadyGroveMedicalCenter_StandardCharges.csv
"Adventist HealthCare, Inc. d.b.a. Adventist HealthCare Shady Grove Medical Center",52-1532556,99213,CPT,FMU STI Screening and Surveillance Charge,both,,All Payers,All Plans,negotiated,211.33,,other,12/31/2025,52-1532556_AdventistHealthCareShadyGroveMedicalCenter_StandardCharges.csv
"Adventist HealthCare, Inc. d.b.a. Adventist HealthCare Shady Grove Medical Center",52-1532556,36591,CPT,INF Collect Blood Implanted Device,both,,,,gross,422.66,,,12/31/2025,52-1532556_AdventistHealthCareShadyGroveMedicalCenter_StandardCharges.csv
"Adventist HealthCare, Inc. d.b.a. Adventist HealthCare Shady Grove Medical Center",52-1532556,36591,CPT,INF Collect Blood Implanted Device,both,,,,discounted_cash,414.21,,,12/31/2025,52-1532556_AdventistHealthCareShadyGroveMedicalCenter_StandardCharges.csv
"Adventist HealthCare, Inc. d.b.a. Adventist HealthCare Shady Grove Medical Center",52-1532556,36591,CPT,INF Collect Blood Implanted Device,both,,,,min,401.53,,,12/31/2025,52-1532556_AdventistHealthCareShadyGroveMedicalCenter_StandardCharges.csv
"Adventist HealthCare, Inc. d.b.a. Adventist HealthCare Shady Grove Medical Center",52-1532556,36591,CPT,INF Collect Blood Implanted Device,both,,,,max,464.93,,,12/31/2025,52-1532556_AdventistHealthCareShadyGroveMedicalCenter_StandardCharges.csv
"Adventist HealthCare, Inc. d.b.a. Adventist HealthCare Shady Grove Medical Center",52-1532556,36591,CPT,INF Collect Blood Implanted Device,both,,All Payers,All Plans,negotiated,422.66,,other,12/31/2025,52-1532556_AdventistHealthCareShadyGroveMedicalCenter_StandardCharges.csv
"Adventist HealthCare, Inc. d.b.a. Adventist HealthCare Shady Grove Medical Center",52-1532556,99211,CPT,INF E&M Est Patient Level 1,both,,,,gross,105.66,,,12/31/2025,52-1532556_AdventistHealthCareShadyGroveMedicalCenter_StandardCharges.csv
"Adventist HealthCare, Inc. d.b.a. Adventist HealthCare Shady Grove Medical Center",52-1532556,99211,CPT,INF E&M Est Patient Level 1,both,,,,discounted_cash,103.55,,,12/31/2025,52-1532556_AdventistHealthCareShadyGroveMedicalCenter_StandardCharges.csv
"Adventist HealthCare, Inc. d.b.a. Adventist HealthCare Shady Grove Medical Center",52-1532556,99211,CPT,INF E&M Est Patient Level 1,both,,,,min,100.38,,,12/31/2025,52-1532556_AdventistHealthCareShadyGroveMedicalCenter_StandardCharges.csv
"Adventist HealthCare, Inc. d.b.a. Adventist HealthCare Shady Grove Medical Center",52-1532556,99211,CPT,INF E&M Est Patient Level 1,both,,,,max,116.23,,,12/31/2025,52-1532556_AdventistHealthCareShadyGroveMedicalCenter_StandardCharges.csv
"Adventist HealthCare, Inc. d.b.a. Adventist HealthCare Shady Grove Medical Center",52-1532556,99211,CPT,INF E&M Est Patient Level 1,both,,All Payers,All Plans,negotiated,105.66,,other,12/31/2025,52-1532556_AdventistHealthCareShadyGroveMedicalCenter_StandardCharges.csv
"Adventist HealthCare, Inc. d.b.a. Adventist HealthCare Shady Grove Medical Center",52-1532556,99212,CPT,INF E&M Est Patient Level 2,both,,,,gross,158.5,,,12/31/2025,52-1532556_AdventistHealthCareShadyGroveMedicalCenter_StandardCharges.csv
"Adventist HealthCare, Inc. d.b.a. Adventist HealthCare Shady Grove Medical Center",52-1532556,99212,CPT,INF E&M Est Patient Level 2,both,,,,discounted_cash,155.33,,,12/31/2025,52-1532556_AdventistHealthCareShadyGroveMedicalCenter_StandardCharges.csv
"Adventist HealthCare, Inc. d.b.a. Adventist HealthCare Shady Grove Medical Center",52-1532556,99212,CPT,INF E&M Est Patient Level 2,both,,,,min,150.57,,,12/31/2025,52-1532556_AdventistHealthCareShadyGroveMedicalCenter_StandardCharges.csv
"Adventist HealthCare, Inc. d.b.a. Adventist HealthCare Shady Grove Medical Center",52-1532556,99212,CPT,INF E&M Est Patient Level 2,both,,,,max,174.35,,,12/31/2025,52-1532556_AdventistHealthCareShadyGroveMedicalCenter_StandardCharges.csv
"Adventist HealthCare, Inc. d.b.a. Adventist HealthCare Shady Grove Medical Center",52-1532556,99212,CPT,INF E&M Est Patient Level 2,both,,All Payers,All Plans,negotiated,158.5,,other,12/31/2025,52-1532556_AdventistHealthCareShadyGroveMedicalCenter_StandardCharges.csv
"Adventist HealthCare, Inc. d.b.a. Adventist HealthCare Shady Grove Medical Center",52-1532556,99213,CPT,INF E&M Est Patient Level 3,both,,,,gross,211.33,,,12/31/2025,52-1532556_AdventistHealthCareShadyGroveMedicalCenter_StandardCharges.csv
"Adventist HealthCare, Inc. d.b.a. Adventist HealthCare Shady Grove Medical Center",52-1532556,99213,CPT,INF E&M Est Patient Level 3,both,,,,discounted_cash,207.1,,,12/31/2025,52-1532556_AdventistHealthCareShadyGroveMedicalCenter_StandardCharges.csv
"Adventist HealthCare, Inc. d.b.a. Adventist HealthCare Shady Grove Medical Center",52-1532556,99213,CPT,INF E&M Est Patient Level 3,both,,,,min,200.76,,,12/31/2025,52-1532556_AdventistHealthCareShadyGroveMedicalCenter_StandardCharges.csv
"Adventist HealthCare, Inc. d.b.a. Adventist HealthCare Shady Grove Medical Center",52-1532556,99213,CPT,INF E&M Est Patient Level 3,both,,,,max,232.46,,,12/31/2025,52-1532556_AdventistHealthCareShadyGroveMedicalCenter_StandardCharges.csv
"Adventist HealthCare, Inc. d.b.a. Adventist HealthCare Shady Grove Medical Center",52-1532556,99213,CPT,INF E&M Est Patient Level 3,both,,All Payers,All Plans,negotiated,211.33,,other,12/31/2025,52-1532556_AdventistHealthCareShadyGroveMedicalCenter_StandardCharges.csv
"Adventist HealthCare, Inc. d.b.a. Adventist HealthCare Shady Grove Medical Center",52-1532556,99214,CPT,INF E&M Est Patient Level 4,both,,,,gross,264.16,,,12/31/2025,52-1532556_AdventistHealthCareShadyGroveMedicalCenter_StandardCharges.csv
"Adventist HealthCare, Inc. d.b.a. Adventist HealthCare Shady Grove Medical Center",52-1532556,99214,CPT,INF E&M Est Patient Level 4,both,,,,discounted_cash,258.88,,,12/31/2025,52-1532556_AdventistHealthCareShadyGroveMedicalCenter_StandardCharges.csv
"Adventist HealthCare, Inc. d.b.a. Adventist HealthCare Shady Grove Medical Center",52-1532556,99214,CPT,INF E&M Est Patient Level 4,both,,,,min,250.95,,,12/31/2025,52-1532556_AdventistHealthCareShadyGroveMedicalCenter_StandardCharges.csv
"Adventist HealthCare, Inc. d.b.a. Adventist HealthCare Shady Grove Medical Center",52-1532556,99214,CPT,INF E&M Est Patient Level 4,both,,,,max,290.58,,,12/31/2025,52-1532556_AdventistHealthCareShadyGroveMedicalCenter_StandardCharges.csv
"Adventist HealthCare, Inc. d.b.a. Adventist HealthCare Shady Grove Medical Center",52-1532556,99214,CPT,INF E&M Est Patient Level 4,both,,All Payers,All Plans,negotiated,264.16,,other,12/31/2025,52-1532556_AdventistHealthCareShadyGroveMedicalCenter_StandardCharges.csv
"Adventist HealthCare, Inc. d.b.a. Adventist HealthCare Shady Grove Medical Center",52-1532556,99215,CPT,INF E&M Est Patient Level 5,both,,,,gross,316.99,,,12/31/2025,52-1532556_AdventistHealthCareShadyGroveMedicalCenter_StandardCharges.csv
"Adventist HealthCare, Inc. d.b.a. Adventist HealthCare Shady Grove Medical Center",52-1532556,99215,CPT,INF E&M Est Patient Level 5,both,,,,discounted_cash,310.65,,,12/31/2025,52-1532556_AdventistHealthCareShadyGroveMedicalCenter_StandardCharges.csv
"Adventist HealthCare, Inc. d.b.a. Adventist HealthCare Shady Grove Medical Center",52-1532556,99215,CPT,INF E&M Est Patient Level 5,both,,,,min,301.15,,,12/31/2025,52-1532556_AdventistHealthCareShadyGroveMedicalCenter_StandardCharges.csv
"Adventist HealthCare, Inc. d.b.a. Adventist HealthCare Shady Grove Medical Center",52-1532556,99215,CPT,INF E&M Est Patient Level 5,both,,,,max,348.69,,,12/31/2025,52-1532556_AdventistHealthCareShadyGroveMedicalCenter_StandardCharges.csv
"Adventist HealthCare, Inc. d.b.a. Adventist HealthCare Shady Grove Medical Center",52-1532556,99215,CPT,INF E&M Est Patient Level 5,both,,All Payers,All Plans,negotiated,316.99,,other,12/31/2025,52-1532556_AdventistHealthCareShadyGroveMedicalCenter_StandardCharges.csv
"Adventist HealthCare, Inc. d.b.a. Adventist HealthCare Shady Grove Medical Center",52-1532556,99211,CPT,INF E&M New Patient Level 1,both,,,,gross,105.66,,,12/31/2025,52-1532556_AdventistHealthCareShadyGroveMedicalCenter_StandardCharges.csv
"Adventist HealthCare, Inc. d.b.a. Adventist HealthCare Shady Grove Medical Center",52-1532556,99211,CPT,INF E&M New Patient Level 1,both,,,,discounted_cash,103.55,,,12/31/2025,52-1532556_AdventistHealthCareShadyGroveMedicalCenter_StandardCharges.csv
"Adventist HealthCare, Inc. d.b.a. Adventist HealthCare Shady Grove Medical Center",52-1532556,99211,CPT,INF E&M New Patient Level 1,both,,,,min,100.38,,,12/31/2025,52-1532556_AdventistHealthCareShadyGroveMedicalCenter_StandardCharges.csv
"Adventist HealthCare, Inc. d.b.a. Adventist HealthCare Shady Grove Medical Center",52-1532556,99211,CPT,INF E&M New Patient Level 1,both,,,,max,116.23,,,12/31/2025,52-1532556_AdventistHealthCareShadyGroveMedicalCenter_StandardCharges.csv
"Adventist HealthCare, Inc. d.b.a. Adventist HealthCare Shady Grove Medical Center",52-1532556,99211,CPT,INF E&M New Patient Level 1,both,,All Payers,All Plans,negotiated,105.66,,other,12/31/2025,52-1532556_AdventistHealthCareShadyGroveMedicalCenter_StandardCharges.csv
"Adventist HealthCare, Inc. d.b.a. Adventist HealthCare Shady Grove Medical Center",52-1532556,99202,CPT,INF E&M New Patient Level 2,both,,,,gross,158.5,,,12/31/2025,52-1532556_AdventistHealthCareShadyGroveMedicalCenter_StandardCharges.csv
"Adventist HealthCare, Inc. d.b.a. Adventist HealthCare Shady Grove Medical Center",52-1532556,99202,CPT,INF E&M New Patient Level 2,both,,,,discounted_cash,155.33,,,12/31/2025,52-1532556_AdventistHealthCareShadyGroveMedicalCenter_StandardCharges.csv
"Adventist HealthCare, Inc. d.b.a. Adventist HealthCare Shady Grove Medical Center",52-1532556,99202,CPT,INF E&M New Patient Level 2,both,,,,min,150.57,,,12/31/2025,52-1532556_AdventistHealthCareShadyGroveMedicalCenter_StandardCharges.csv
"Adventist HealthCare, Inc. d.b.a. Adventist HealthCare Shady Grove Medical Center",52-1532556,99202,CPT,INF E&M New Patient Level 2,both,,,,max,174.35,,,12/31/2025,52-1532556_AdventistHealthCareShadyGroveMedicalCenter_StandardCharges.csv
"Adventist HealthCare, Inc. d.b.a. Adventist HealthCare Shady Grove Medical Center",52-1532556,99202,CPT,INF E&M New Patient Level 2,both,,All Payers,All Plans,negotiated,158.5,,other,12/31/2025,52-1532556_AdventistHealthCareShadyGroveMedicalCenter_StandardCharges.csv
"Adventist HealthCare, Inc. d.b.a. Adventist HealthCare Shady Grove Medical Center",52-1532556,99203,CPT,INF E&M New Patient Level 3,both,,,,gross,211.33,,,12/31/2025,52-1532556_AdventistHealthCareShadyGroveMedicalCenter_StandardCharges.csv
"Adventist HealthCare, Inc. d.b.a. Adventist HealthCare Shady Grove Medical Center",52-1532556,99203,CPT,INF E&M New Patient Level 3,both,,,,discounted_cash,207.1,,,12/31/2025,52-1532556_AdventistHealthCareShadyGroveMedicalCenter_StandardCharges.csv
"Adventist HealthCare, Inc. d.b.a. Adventist HealthCare Shady Grove Medical Center",52-1532556,99203,CPT,INF E&M New Patient Level 3,both,,,,min,200.76,,,12/31/2025,52-1532556_AdventistHealthCareShadyGroveMedicalCenter_StandardCharges.csv
"Adventist HealthCare, Inc. d.b.a. Adventist HealthCare Shady Grove Medical Center",52-1532556,99203,CPT,INF E&M New Patient Level 3,both,,,,max,232.46,,,12/31/2025,52-1532556_AdventistHealthCareShadyGroveMedicalCenter_StandardCharges.csv
"Adventist HealthCare, Inc. d.b.a. Adventist HealthCare Shady Grove Medical Center",52-1532556,99203,CPT,INF E&M New Patient Level 3,both,,All Payers,All Plans,negotiated,211.33,,other,12/31/2025,52-1532556_AdventistHealthCareShadyGroveMedicalCenter_StandardCharges.csv
"Adventist HealthCare, Inc. d.b.a. Adventist HealthCare Shady Grove Medical Center",52-1532556,99204,CPT,INF E&M New Patient Level 4,both,,,,gross,264.16,,,12/31/2025,52-1532556_AdventistHealthCareShadyGroveMedicalCenter_StandardCharges.csv
"Adventist HealthCare, Inc. d.b.a. Adventist HealthCare Shady Grove Medical Center",52-1532556,99204,CPT,INF E&M New Patient Level 4,both,,,,discounted_cash,258.88,,,12/31/2025,52-1532556_AdventistHealthCareShadyGroveMedicalCenter_StandardCharges.csv
"Adventist HealthCare, Inc. d.b.a. Adventist HealthCare Shady Grove Medical Center",52-1532556,99204,CPT,INF E&M New Patient Level 4,both,,,,min,250.95,,,12/31/2025,52-1532556_AdventistHealthCareShadyGroveMedicalCenter_StandardCharges.csv
"Adventist HealthCare, Inc. d.b.a. Adventist HealthCare Shady Grove Medical Center",52-1532556,99204,CPT,INF E&M New Patient Level 4,both,,,,max,290.58,,,12/31/2025,52-1532556_AdventistHealthCareShadyGroveMedicalCenter_StandardCharges.csv
"Adventist HealthCare, Inc. d.b.a. Adventist HealthCare Shady Grove Medical Center",52-1532556,99204,CPT,INF E&M New Patient Level 4,both,,All Payers,All Plans,negotiated,264.16,,other,12/31/2025,52-1532556_AdventistHealthCareShadyGroveMedicalCenter_StandardCharges.csv
"Adventist HealthCare, Inc. d.b.a. Adventist HealthCare Shady Grove Medical Center",52-1532556,99205,CPT,INF E&M New Patient Level 5,both,,,,gross,316.99,,,12/31/2025,52-1532556_AdventistHealthCareShadyGroveMedicalCenter_StandardCharges.csv
"Adventist HealthCare, Inc. d.b.a. Adventist HealthCare Shady Grove Medical Center",52-1532556,99205,CPT,INF E&M New Patient Level 5,both,,,,discounted_cash,310.65,,,12/31/2025,52-1532556_AdventistHealthCareShadyGroveMedicalCenter_StandardCharges.csv
"Adventist HealthCare, Inc. d.b.a. Adventist HealthCare Shady Grove Medical Center",52-1532556,99205,CPT,INF E&M New Patient Level 5,both,,,,min,301.15,,,12/31/2025,52-1532556_AdventistHealthCareShadyGroveMedicalCenter_StandardCharges.csv
"Adventist HealthCare, Inc. d.b.a. Adventist HealthCare Shady Grove Medical Center",52-1532556,99205,CPT,INF E&M New Patient Level 5,both,,,,max,348.69,,,12/31/2025,52-1532556_AdventistHealthCareShadyGroveMedicalCenter_StandardCharges.csv
"Adventist HealthCare, Inc. d.b.a. Adventist HealthCare Shady Grove Medical Center",52-1532556,99205,CPT,INF E&M New Patient Level 5,both,,All Payers,All Plans,negotiated,316.99,,other,12/31/2025,52-1532556_AdventistHealthCareShadyGroveMedicalCenter_StandardCharges.csv
"Adventist HealthCare, Inc. d.b.a. Adventist HealthCare Shady Grove Medical Center",52-1532556,96360,CPT,INF IV Hydration 31 Min - 1 Hour,both,,,,gross,422.66,,,12/31/2025,52-1532556_AdventistHealthCareShadyGroveMedicalCenter_StandardCharges.csv
"Adventist HealthCare, Inc. d.b.a. Adventist HealthCare Shady Grove Medical Center",52-1532556,96360,CPT,INF IV Hydration 31 Min - 1 Hour,both,,,,discounted_cash,414.21,,,12/31/2025,52-1532556_AdventistHealthCareShadyGroveMedicalCenter_StandardCharges.csv
"Adventist HealthCare, Inc. d.b.a. Adventist HealthCare Shady Grove Medical Center",52-1532556,96360,CPT,INF IV Hydration 31 Min - 1 Hour,both,,,,min,401.53,,,12/31/2025,52-1532556_AdventistHealthCareShadyGroveMedicalCenter_StandardCharges.csv
"Adventist HealthCare, Inc. d.b.a. Adventist HealthCare Shady Grove Medical Center",52-1532556,96360,CPT,INF IV Hydration 31 Min - 1 Hour,both,,,,max,464.93,,,12/31/2025,52-1532556_AdventistHealthCareShadyGroveMedicalCenter_StandardCharges.csv
"Adventist HealthCare, Inc. d.b.a. Adventist HealthCare Shady Grove Medical Center",52-1532556,96360,CPT,INF IV Hydration 31 Min - 1 Hour,both,,All Payers,All Plans,negotiated,422.66,,other,12/31/2025,52-1532556_AdventistHealthCareShadyGroveMedicalCenter_StandardCharges.csv
"Adventist HealthCare, Inc. d.b.a. Adventist HealthCare Shady Grove Medical Center",52-1532556,96361,CPT,"INF IV Hydration, Ea Add Hr",both,,,,gross,158.5,,,12/31/2025,52-1532556_AdventistHealthCareShadyGroveMedicalCenter_StandardCharges.csv
"Adventist HealthCare, Inc. d.b.a. Adventist HealthCare Shady Grove Medical Center",52-1532556,96361,CPT,"INF IV Hydration, Ea Add Hr",both,,,,discounted_cash,155.33,,,12/31/2025,52-1532556_AdventistHealthCareShadyGroveMedicalCenter_StandardCharges.csv
"Adventist HealthCare, Inc. d.b.a. Adventist HealthCare Shady Grove Medical Center",52-1532556,96361,CPT,"INF IV Hydration, Ea Add Hr",both,,,,min,150.57,,,12/31/2025,52-1532556_AdventistHealthCareShadyGroveMedicalCenter_StandardCharges.csv
"Adventist HealthCare, Inc. d.b.a. Adventist HealthCare Shady Grove Medical Center",52-1532556,96361,CPT,"INF IV Hydration, Ea Add Hr",both,,,,max,174.35,,,12/31/2025,52-1532556_AdventistHealthCareShadyGroveMedicalCenter_StandardCharges.csv
"Adventist HealthCare, Inc. d.b.a. Adventist HealthCare Shady Grove Medical Center",52-1532556,96361,CPT,"INF IV Hydration, Ea Add Hr",both,,All Payers,All Plans,negotiated,158.5,,other,12/31/2025,52-1532556_AdventistHealthCareShadyGroveMedicalCenter_StandardCharges.csv
"Adventist HealthCare, Inc. d.b.a. Adventist HealthCare Shady Grove Medical Center",52-1532556,96366,CPT,"INF IV Therapeutic Infusion, Ea Add Hr",both,,,,gross,211.33,,,12/31/2025,52-1532556_AdventistHealthCareShadyGroveMedicalCenter_StandardCharges.csv
"Adventist HealthCare, Inc. d.b.a. Adventist HealthCare Shady Grove Medical Center",52-1532556,96366,CPT,"INF IV Therapeutic Infusion, Ea Add Hr",both,,,,discounted_cash,207.1,,,12/31/2025,52-1532556_AdventistHealthCareShadyGroveMedicalCenter_StandardCharges.csv
"Adventist HealthCare, Inc. d.b.a. Adventist HealthCare Shady Grove Medical Center",52-1532556,96366,CPT,"INF IV Therapeutic Infusion, Ea Add Hr",both,,,,min,200.76,,,12/31/2025,52-1532556_AdventistHealthCareShadyGroveMedicalCenter_StandardCharges.csv
"Adventist HealthCare, Inc. d.b.a. Adventist HealthCare Shady Grove Medical Center",52-1532556,96366,CPT,"INF IV Therapeutic Infusion, Ea Add Hr",both,,,,max,232.46,,,12/31/2025,52-1532556_AdventistHealthCareShadyGroveMedicalCenter_StandardCharges.csv
"Adventist HealthCare, Inc. d.b.a. Adventist HealthCare Shady Grove Medical Center",52-1532556,96366,CPT,"INF IV Therapeutic Infusion, Ea Add Hr",both,,All Payers,All Plans,negotiated,211.33,,other,12/31/2025,52-1532556_AdventistHealthCareShadyGroveMedicalCenter_StandardCharges.csv
"Adventist HealthCare, Inc. d.b.a. Adventist HealthCare Shady Grove Medical Center",52-1532556,36430,CPT,INF OP Transfusion 1st Hr (0-90 Min),outpatient,,,,gross,581.16,,,12/31/2025,52-1532556_AdventistHealthCareShadyGroveMedicalCenter_StandardCharges.csv
"Adventist HealthCare, Inc. d.b.a. Adventist HealthCare Shady Grove Medical Center",52-1532556,36430,CPT,INF OP Transfusion 1st Hr (0-90 Min),outpatient,,,,discounted_cash,569.53,,,12/31/2025,52-1532556_AdventistHealthCareShadyGroveMedicalCenter_StandardCharges.csv
"Adventist HealthCare, Inc. d.b.a. Adventist HealthCare Shady Grove Medical Center",52-1532556,36430,CPT,INF OP Transfusion 1st Hr (0-90 Min),outpatient,,,,min,552.1,,,12/31/2025,52-1532556_AdventistHealthCareShadyGroveMedicalCenter_StandardCharges.csv
"Adventist HealthCare, Inc. d.b.a. Adventist HealthCare Shady Grove Medical Center",52-1532556,36430,CPT,INF OP Transfusion 1st Hr (0-90 Min),outpatient,,,,max,639.27,,,12/31/2025,52-1532556_AdventistHealthCareShadyGroveMedicalCenter_StandardCharges.csv
"Adventist HealthCare, Inc. d.b.a. Adventist HealthCare Shady Grove Medical Center",52-1532556,36430,CPT,INF OP Transfusion 1st Hr (0-90 Min),outpatient,,All Payers,All Plans,negotiated,581.16,,other,12/31/2025,52-1532556_AdventistHealthCareShadyGroveMedicalCenter_StandardCharges.csv
"Adventist HealthCare, Inc. d.b.a. Adventist HealthCare Shady Grove Medical Center",52-1532556,36430,CPT,INF OP Transfusion 2 Hrs (91-150 Min),outpatient,,,,gross,845.32,,,12/31/2025,52-1532556_AdventistHealthCareShadyGroveMedicalCenter_StandardCharges.csv
"Adventist HealthCare, Inc. d.b.a. Adventist HealthCare Shady Grove Medical Center",52-1532556,36430,CPT,INF OP Transfusion 2 Hrs (91-150 Min),outpatient,,,,discounted_cash,828.41,,,12/31/2025,52-1532556_AdventistHealthCareShadyGroveMedicalCenter_StandardCharges.csv
"Adventist HealthCare, Inc. d.b.a. Adventist HealthCare Shady Grove Medical Center",52-1532556,36430,CPT,INF OP Transfusion 2 Hrs (91-150 Min),outpatient,,,,min,803.05,,,12/31/2025,52-1532556_AdventistHealthCareShadyGroveMedicalCenter_StandardCharges.csv
"Adventist HealthCare, Inc. d.b.a. Adventist HealthCare Shady Grove Medical Center",52-1532556,36430,CPT,INF OP Transfusion 2 Hrs (91-150 Min),outpatient,,,,max,929.85,,,12/31/2025,52-1532556_AdventistHealthCareShadyGroveMedicalCenter_StandardCharges.csv
"Adventist HealthCare, Inc. d.b.a. Adventist HealthCare Shady Grove Medical Center",52-1532556,36430,CPT,INF OP Transfusion 2 Hrs (91-150 Min),outpatient,,All Payers,All Plans,negotiated,845.32,,other,12/31/2025,52-1532556_AdventistHealthCareShadyGroveMedicalCenter_StandardCharges.csv
"Adventist HealthCare, Inc. d.b.a. Adventist HealthCare Shady Grove Medical Center",52-1532556,36430,CPT,INF OP Transfusion 3 Hrs (151-210 Min),outpatient,,,,gross,1109.48,,,12/31/2025,52-1532556_AdventistHealthCareShadyGroveMedicalCenter_StandardCharges.csv
"Adventist HealthCare, Inc. d.b.a. Adventist HealthCare Shady Grove Medical Center",52-1532556,36430,CPT,INF OP Transfusion 3 Hrs (151-210 Min),outpatient,,,,discounted_cash,1087.29,,,12/31/2025,52-1532556_AdventistHealthCareShadyGroveMedicalCenter_StandardCharges.csv
"Adventist HealthCare, Inc. d.b.a. Adventist HealthCare Shady Grove Medical Center",52-1532556,36430,CPT,INF OP Transfusion 3 Hrs (151-210 Min),outpatient,,,,min,1054.01,,,12/31/2025,52-1532556_AdventistHealthCareShadyGroveMedicalCenter_StandardCharges.csv
"Adventist HealthCare, Inc. d.b.a. Adventist HealthCare Shady Grove Medical Center",52-1532556,36430,CPT,INF OP Transfusion 3 Hrs (151-210 Min),outpatient,,,,max,1220.43,,,12/31/2025,52-1532556_AdventistHealthCareShadyGroveMedicalCenter_StandardCharges.csv
"Adventist HealthCare, Inc. d.b.a. Adventist HealthCare Shady Grove Medical Center",52-1532556,36430,CPT,INF OP Transfusion 3 Hrs (151-210 Min),outpatient,,All Payers,All Plans,negotiated,1109.48,,other,12/31/2025,52-1532556_AdventistHealthCareShadyGroveMedicalCenter_StandardCharges.csv
"Adventist HealthCare, Inc. d.b.a. Adventist HealthCare Shady Grove Medical Center",52-1532556,36430,CPT,INF OP Transfusion 4 Hrs (211-270 Min),outpatient,,,,gross,1373.64,,,12/31/2025,52-1532556_AdventistHealthCareShadyGroveMedicalCenter_StandardCharges.csv
"Adventist HealthCare, Inc. d.b.a. Adventist HealthCare Shady Grove Medical Center",52-1532556,36430,CPT,INF OP Transfusion 4 Hrs (211-270 Min),outpatient,,,,discounted_cash,1346.17,,,12/31/2025,52-1532556_AdventistHealthCareShadyGroveMedicalCenter_StandardCharges.csv
"Adventist HealthCare, Inc. d.b.a. Adventist HealthCare Shady Grove Medical Center",52-1532556,36430,CPT,INF OP Transfusion 4 Hrs (211-270 Min),outpatient,,,,min,1304.96,,,12/31/2025,52-1532556_AdventistHealthCareShadyGroveMedicalCenter_StandardCharges.csv
"Adventist HealthCare, Inc. d.b.a. Adventist HealthCare Shady Grove Medical Center",52-1532556,36430,CPT,INF OP Transfusion 4 Hrs (211-270 Min),outpatient,,,,max,1511.01,,,12/31/2025,52-1532556_AdventistHealthCareShadyGroveMedicalCenter_StandardCharges.csv
"Adventist HealthCare, Inc. d.b.a. Adventist HealthCare Shady Grove Medical Center",52-1532556,36430,CPT,INF OP Transfusion 4 Hrs (211-270 Min),outpatient,,All Payers,All Plans,negotiated,1373.64,,other,12/31/2025,52-1532556_AdventistHealthCareShadyGroveMedicalCenter_StandardCharges.csv
"Adventist HealthCare, Inc. d.b.a. Adventist HealthCare Shady Grove Medical Center",52-1532556,36430,CPT,INF OP Transfusion 5 Hrs (271-330 Min),outpatient,,,,gross,1637.81,,,12/31/2025,52-1532556_AdventistHealthCareShadyGroveMedicalCenter_StandardCharges.csv
"Adventist HealthCare, Inc. d.b.a. Adventist HealthCare Shady Grove Medical Center",52-1532556,36430,CPT,INF OP Transfusion 5 Hrs (271-330 Min),outpatient,,,,discounted_cash,1605.05,,,12/31/2025,52-1532556_AdventistHealthCareShadyGroveMedicalCenter_StandardCharges.csv
"Adventist HealthCare, Inc. d.b.a. Adventist HealthCare Shady Grove Medical Center",52-1532556,36430,CPT,INF OP Transfusion 5 Hrs (271-330 Min),outpatient,,,,min,1555.92,,,12/31/2025,52-1532556_AdventistHealthCareShadyGroveMedicalCenter_StandardCharges.csv
"Adventist HealthCare, Inc. d.b.a. Adventist HealthCare Shady Grove Medical Center",52-1532556,36430,CPT,INF OP Transfusion 5 Hrs (271-330 Min),outpatient,,,,max,1801.59,,,12/31/2025,52-1532556_AdventistHealthCareShadyGroveMedicalCenter_StandardCharges.csv
"Adventist HealthCare, Inc. d.b.a. Adventist HealthCare Shady Grove Medical Center",52-1532556,36430,CPT,INF OP Transfusion 5 Hrs (271-330 Min),outpatient,,All Payers,All Plans,negotiated,1637.81,,other,12/31/2025,52-1532556_AdventistHealthCareShadyGroveMedicalCenter_StandardCharges.csv
"Adventist HealthCare, Inc. d.b.a. Adventist HealthCare Shady Grove Medical Center",52-1532556,36430,CPT,INF OP Transfusion 6 Hrs (331-390 Min),outpatient,,,,gross,1901.97,,,12/31/2025,52-1532556_AdventistHealthCareShadyGroveMedicalCenter_StandardCharges.csv
"Adventist HealthCare, Inc. d.b.a. Adventist HealthCare Shady Grove Medical Center",52-1532556,36430,CPT,INF OP Transfusion 6 Hrs (331-390 Min),outpatient,,,,discounted_cash,1863.93,,,12/31/2025,52-1532556_AdventistHealthCareShadyGroveMedicalCenter_StandardCharges.csv
"Adventist HealthCare, Inc. d.b.a. Adventist HealthCare Shady Grove Medical Center",52-1532556,36430,CPT,INF OP Transfusion 6 Hrs (331-390 Min),outpatient,,,,min,1806.87,,,12/31/2025,52-1532556_AdventistHealthCareShadyGroveMedicalCenter_StandardCharges.csv
"Adventist HealthCare, Inc. d.b.a. Adventist HealthCare Shady Grove Medical Center",52-1532556,36430,CPT,INF OP Transfusion 6 Hrs (331-390 Min),outpatient,,,,max,2092.17,,,12/31/2025,52-1532556_AdventistHealthCareShadyGroveMedicalCenter_StandardCharges.csv
"Adventist HealthCare, Inc. d.b.a. Adventist HealthCare Shady Grove Medical Center",52-1532556,36430,CPT,INF OP Transfusion 6 Hrs (331-390 Min),outpatient,,All Payers,All Plans,negotiated,1901.97,,other,12/31/2025,52-1532556_AdventistHealthCareShadyGroveMedicalCenter_StandardCharges.csv
"Adventist HealthCare, Inc. d.b.a. Adventist HealthCare Shady Grove Medical Center",52-1532556,36430,CPT,INF OP Transfusion 7 Hrs (391-450 Min),outpatient,,,,gross,2166.13,,,12/31/2025,52-1532556_AdventistHealthCareShadyGroveMedicalCenter_StandardCharges.csv
"Adventist HealthCare, Inc. d.b.a. Adventist HealthCare Shady Grove Medical Center",52-1532556,36430,CPT,INF OP Transfusion 7 Hrs (391-450 Min),outpatient,,,,discounted_cash,2122.81,,,12/31/2025,52-1532556_AdventistHealthCareShadyGroveMedicalCenter_StandardCharges.csv
"Adventist HealthCare, Inc. d.b.a. Adventist HealthCare Shady Grove Medical Center",52-1532556,36430,CPT,INF OP Transfusion 7 Hrs (391-450 Min),outpatient,,,,min,2057.82,,,12/31/2025,52-1532556_AdventistHealthCareShadyGroveMedicalCenter_StandardCharges.csv
"Adventist HealthCare, Inc. d.b.a. Adventist HealthCare Shady Grove Medical Center",52-1532556,36430,CPT,INF OP Transfusion 7 Hrs (391-450 Min),outpatient,,,,max,2382.74,,,12/31/2025,52-1532556_AdventistHealthCareShadyGroveMedicalCenter_StandardCharges.csv
"Adventist HealthCare, Inc. d.b.a. Adventist HealthCare Shady Grove Medical Center",52-1532556,36430,CPT,INF OP Transfusion 7 Hrs (391-450 Min),outpatient,,All Payers,All Plans,negotiated,2166.13,,other,12/31/2025,52-1532556_AdventistHealthCareShadyGroveMedicalCenter_StandardCharges.csv
"Adventist HealthCare, Inc. d.b.a. Adventist HealthCare Shady Grove Medical Center",52-1532556,36430,CPT,INF OP Transfusion 8 Hrs (451-510 Min),outpatient,,,,gross,2430.29,,,12/31/2025,52-1532556_AdventistHealthCareShadyGroveMedicalCenter_StandardCharges.csv
"Adventist HealthCare, Inc. d.b.a. Adventist HealthCare Shady Grove Medical Center",52-1532556,36430,CPT,INF OP Transfusion 8 Hrs (451-510 Min),outpatient,,,,discounted_cash,2381.69,,,12/31/2025,52-1532556_AdventistHealthCareShadyGroveMedicalCenter_StandardCharges.csv
"Adventist HealthCare, Inc. d.b.a. Adventist HealthCare Shady Grove Medical Center",52-1532556,36430,CPT,INF OP Transfusion 8 Hrs (451-510 Min),outpatient,,,,min,2308.78,,,12/31/2025,52-1532556_AdventistHealthCareShadyGroveMedicalCenter_StandardCharges.csv
"Adventist HealthCare, Inc. d.b.a. Adventist HealthCare Shady Grove Medical Center",52-1532556,36430,CPT,INF OP Transfusion 8 Hrs (451-510 Min),outpatient,,,,max,2673.32,,,12/31/2025,52-1532556_AdventistHealthCareShadyGroveMedicalCenter_StandardCharges.csv
"Adventist HealthCare, Inc. d.b.a. Adventist HealthCare Shady Grove Medical Center",52-1532556,36430,CPT,INF OP Transfusion 8 Hrs (451-510 Min),outpatient,,All Payers,All Plans,negotiated,2430.29,,other,12/31/2025,52-1532556_AdventistHealthCareShadyGroveMedicalCenter_StandardCharges.csv
"Adventist HealthCare, Inc. d.b.a. Adventist HealthCare Shady Grove Medical Center",52-1532556,G0008,HCPCS,OP Admin Influenza Vaccine,outpatient,,,,gross,158.5,,,12/31/2025,52-1532556_AdventistHealthCareShadyGroveMedicalCenter_StandardCharges.csv
"Adventist HealthCare, Inc. d.b.a. Adventist HealthCare Shady Grove Medical Center",52-1532556,G0008,HCPCS,OP Admin Influenza Vaccine,outpatient,,,,discounted_cash,155.33,,,12/31/2025,52-1532556_AdventistHealthCareShadyGroveMedicalCenter_StandardCharges.csv
"Adventist HealthCare, Inc. d.b.a. Adventist HealthCare Shady Grove Medical Center",52-1532556,G0008,HCPCS,OP Admin Influenza Vaccine,outpatient,,,,min,150.57,,,12/31/2025,52-1532556_AdventistHealthCareShadyGroveMedicalCenter_StandardCharges.csv
"Adventist HealthCare, Inc. d.b.a. Adventist HealthCare Shady Grove Medical Center",52-1532556,G0008,HCPCS,OP Admin Influenza Vaccine,outpatient,,,,max,174.35,,,12/31/2025,52-1532556_AdventistHealthCareShadyGroveMedicalCenter_StandardCharges.csv
"Adventist HealthCare, Inc. d.b.a. Adventist HealthCare Shady Grove Medical Center",52-1532556,G0008,HCPCS,OP Admin Influenza Vaccine,outpatient,,All Payers,All Plans,negotiated,158.5,,other,12/31/2025,52-1532556_AdventistHealthCareShadyGroveMedicalCenter_StandardCharges.csv
"Adventist HealthCare, Inc. d.b.a. Adventist HealthCare Shady Grove Medical Center",52-1532556,G0009,HCPCS,OP Admin Pneumococcal Vaccine,outpatient,,,,gross,158.5,,,12/31/2025,52-1532556_AdventistHealthCareShadyGroveMedicalCenter_StandardCharges.csv
"Adventist HealthCare, Inc. d.b.a. Adventist HealthCare Shady Grove Medical Center",52-1532556,G0009,HCPCS,OP Admin Pneumococcal Vaccine,outpatient,,,,discounted_cash,155.33,,,12/31/2025,52-1532556_AdventistHealthCareShadyGroveMedicalCenter_StandardCharges.csv
"Adventist HealthCare, Inc. d.b.a. Adventist HealthCare Shady Grove Medical Center",52-1532556,G0009,HCPCS,OP Admin Pneumococcal Vaccine,outpatient,,,,min,150.57,,,12/31/2025,52-1532556_AdventistHealthCareShadyGroveMedicalCenter_StandardCharges.csv
"Adventist HealthCare, Inc. d.b.a. Adventist HealthCare Shady Grove Medical Center",52-1532556,G0009,HCPCS,OP Admin Pneumococcal Vaccine,outpatient,,,,max,174.35,,,12/31/2025,52-1532556_AdventistHealthCareShadyGroveMedicalCenter_StandardCharges.csv
"Adventist HealthCare, Inc. d.b.a. Adventist HealthCare Shady Grove Medical Center",52-1532556,G0009,HCPCS,OP Admin Pneumococcal Vaccine,outpatient,,All Payers,All Plans,negotiated,158.5,,other,12/31/2025,52-1532556_AdventistHealthCareShadyGroveMedicalCenter_StandardCharges.csv
"Adventist HealthCare, Inc. d.b.a. Adventist HealthCare Shady Grove Medical Center",52-1532556,36430,CPT,OP Blood Product Eight Hours (451-510 Min),outpatient,,,,gross,2430.29,,,12/31/2025,52-1532556_AdventistHealthCareShadyGroveMedicalCenter_StandardCharges.csv
"Adventist HealthCare, Inc. d.b.a. Adventist HealthCare Shady Grove Medical Center",52-1532556,36430,CPT,OP Blood Product Eight Hours (451-510 Min),outpatient,,,,discounted_cash,2381.69,,,12/31/2025,52-1532556_AdventistHealthCareShadyGroveMedicalCenter_StandardCharges.csv
"Adventist HealthCare, Inc. d.b.a. Adventist HealthCare Shady Grove Medical Center",52-1532556,36430,CPT,OP Blood Product Eight Hours (451-510 Min),outpatient,,,,min,2308.78,,,12/31/2025,52-1532556_AdventistHealthCareShadyGroveMedicalCenter_StandardCharges.csv
"Adventist HealthCare, Inc. d.b.a. Adventist HealthCare Shady Grove Medical Center",52-1532556,36430,CPT,OP Blood Product Eight Hours (451-510 Min),outpatient,,,,max,2673.32,,,12/31/2025,52-1532556_AdventistHealthCareShadyGroveMedicalCenter_StandardCharges.csv
"Adventist HealthCare, Inc. d.b.a. Adventist HealthCare Shady Grove Medical Center",52-1532556,36430,CPT,OP Blood Product Eight Hours (451-510 Min),outpatient,,All Payers,All Plans,negotiated,2430.29,,other,12/31/2025,52-1532556_AdventistHealthCareShadyGroveMedicalCenter_StandardCharges.csv
"Adventist HealthCare, Inc. d.b.a. Adventist HealthCare Shady Grove Medical Center",52-1532556,36430,CPT,OP Blood Product First Hour (0-90 Min),outpatient,,,,gross,581.16,,,12/31/2025,52-1532556_AdventistHealthCareShadyGroveMedicalCenter_StandardCharges.csv
"Adventist HealthCare, Inc. d.b.a. Adventist HealthCare Shady Grove Medical Center",52-1532556,36430,CPT,OP Blood Product First Hour (0-90 Min),outpatient,,,,discounted_cash,569.53,,,12/31/2025,52-1532556_AdventistHealthCareShadyGroveMedicalCenter_StandardCharges.csv
"Adventist HealthCare, Inc. d.b.a. Adventist HealthCare Shady Grove Medical Center",52-1532556,36430,CPT,OP Blood Product First Hour (0-90 Min),outpatient,,,,min,552.1,,,12/31/2025,52-1532556_AdventistHealthCareShadyGroveMedicalCenter_StandardCharges.csv
"Adventist HealthCare, Inc. d.b.a. Adventist HealthCare Shady Grove Medical Center",52-1532556,36430,CPT,OP Blood Product First Hour (0-90 Min),outpatient,,,,max,639.27,,,12/31/2025,52-1532556_AdventistHealthCareShadyGroveMedicalCenter_StandardCharges.csv
"Adventist HealthCare, Inc. d.b.a. Adventist HealthCare Shady Grove Medical Center",52-1532556,36430,CPT,OP Blood Product First Hour (0-90 Min),outpatient,,All Payers,All Plans,negotiated,581.16,,other,12/31/2025,52-1532556_AdventistHealthCareShadyGroveMedicalCenter_StandardCharges.csv
"Adventist HealthCare, Inc. d.b.a. Adventist HealthCare Shady Grove Medical Center",52-1532556,36430,CPT,OP Blood Product Five Hours (271-330 Min),outpatient,,,,gross,1637.81,,,12/31/2025,52-1532556_AdventistHealthCareShadyGroveMedicalCenter_StandardCharges.csv
"Adventist HealthCare, Inc. d.b.a. Adventist HealthCare Shady Grove Medical Center",52-1532556,36430,CPT,OP Blood Product Five Hours (271-330 Min),outpatient,,,,discounted_cash,1605.05,,,12/31/2025,52-1532556_AdventistHealthCareShadyGroveMedicalCenter_StandardCharges.csv
"Adventist HealthCare, Inc. d.b.a. Adventist HealthCare Shady Grove Medical Center",52-1532556,36430,CPT,OP Blood Product Five Hours (271-330 Min),outpatient,,,,min,1555.92,,,12/31/2025,52-1532556_AdventistHealthCareShadyGroveMedicalCenter_StandardCharges.csv
"Adventist HealthCare, Inc. d.b.a. Adventist HealthCare Shady Grove Medical Center",52-1532556,36430,CPT,OP Blood Product Five Hours (271-330 Min),outpatient,,,,max,1801.59,,,12/31/2025,52-1532556_AdventistHealthCareShadyGroveMedicalCenter_StandardCharges.csv
"Adventist HealthCare, Inc. d.b.a. Adventist HealthCare Shady Grove Medical Center",52-1532556,36430,CPT,OP Blood Product Five Hours (271-330 Min),outpatient,,All Payers,All Plans,negotiated,1637.81,,other,12/31/2025,52-1532556_AdventistHealthCareShadyGroveMedicalCenter_StandardCharges.csv
"Adventist HealthCare, Inc. d.b.a. Adventist HealthCare Shady Grove Medical Center",52-1532556,36430,CPT,OP Blood Product Four Hours (211-270 Min),outpatient,,,,gross,1373.64,,,12/31/2025,52-1532556_AdventistHealthCareShadyGroveMedicalCenter_StandardCharges.csv
"Adventist HealthCare, Inc. d.b.a. Adventist HealthCare Shady Grove Medical Center",52-1532556,36430,CPT,OP Blood Product Four Hours (211-270 Min),outpatient,,,,discounted_cash,1346.17,,,12/31/2025,52-1532556_AdventistHealthCareShadyGroveMedicalCenter_StandardCharges.csv
"Adventist HealthCare, Inc. d.b.a. Adventist HealthCare Shady Grove Medical Center",52-1532556,36430,CPT,OP Blood Product Four Hours (211-270 Min),outpatient,,,,min,1304.96,,,12/31/2025,52-1532556_AdventistHealthCareShadyGroveMedicalCenter_StandardCharges.csv
"Adventist HealthCare, Inc. d.b.a. Adventist HealthCare Shady Grove Medical Center",52-1532556,36430,CPT,OP Blood Product Four Hours (211-270 Min),outpatient,,,,max,1511.01,,,12/31/2025,52-1532556_AdventistHealthCareShadyGroveMedicalCenter_StandardCharges.csv
"Adventist HealthCare, Inc. d.b.a. Adventist HealthCare Shady Grove Medical Center",52-1532556,36430,CPT,OP Blood Product Four Hours (211-270 Min),outpatient,,All Payers,All Plans,negotiated,1373.64,,other,12/31/2025,52-1532556_AdventistHealthCareShadyGroveMedicalCenter_StandardCharges.csv
"Adventist HealthCare, Inc. d.b.a. Adventist HealthCare Shady Grove Medical Center",52-1532556,36430,CPT,OP Blood Product Seven Hours (391-450 Min),outpatient,,,,gross,2166.13,,,12/31/2025,52-1532556_AdventistHealthCareShadyGroveMedicalCenter_StandardCharges.csv
"Adventist HealthCare, Inc. d.b.a. Adventist HealthCare Shady Grove Medical Center",52-1532556,36430,CPT,OP Blood Product Seven Hours (391-450 Min),outpatient,,,,discounted_cash,2122.81,,,12/31/2025,52-1532556_AdventistHealthCareShadyGroveMedicalCenter_StandardCharges.csv
"Adventist HealthCare, Inc. d.b.a. Adventist HealthCare Shady Grove Medical Center",52-1532556,36430,CPT,OP Blood Product Seven Hours (391-450 Min),outpatient,,,,min,2057.82,,,12/31/2025,52-1532556_AdventistHealthCareShadyGroveMedicalCenter_StandardCharges.csv
"Adventist HealthCare, Inc. d.b.a. Adventist HealthCare Shady Grove Medical Center",52-1532556,36430,CPT,OP Blood Product Seven Hours (391-450 Min),outpatient,,,,max,2382.74,,,12/31/2025,52-1532556_AdventistHealthCareShadyGroveMedicalCenter_StandardCharges.csv
"Adventist HealthCare, Inc. d.b.a. Adventist HealthCare Shady Grove Medical Center",52-1532556,36430,CPT,OP Blood Product Seven Hours (391-450 Min),outpatient,,All Payers,All Plans,negotiated,2166.13,,other,12/31/2025,52-1532556_AdventistHealthCareShadyGroveMedicalCenter_StandardCharges.csv
"Adventist HealthCare, Inc. d.b.a. Adventist HealthCare Shady Grove Medical Center",52-1532556,36430,CPT,OP Blood Product Six Hours (331-390 Min),outpatient,,,,gross,1901.97,,,12/31/2025,52-1532556_AdventistHealthCareShadyGroveMedicalCenter_StandardCharges.csv
"Adventist HealthCare, Inc. d.b.a. Adventist HealthCare Shady Grove Medical Center",52-1532556,36430,CPT,OP Blood Product Six Hours (331-390 Min),outpatient,,,,discounted_cash,1863.93,,,12/31/2025,52-1532556_AdventistHealthCareShadyGroveMedicalCenter_StandardCharges.csv
"Adventist HealthCare, Inc. d.b.a. Adventist HealthCare Shady Grove Medical Center",52-1532556,36430,CPT,OP Blood Product Six Hours (331-390 Min),outpatient,,,,min,1806.87,,,12/31/2025,52-1532556_AdventistHealthCareShadyGroveMedicalCenter_StandardCharges.csv
"Adventist HealthCare, Inc. d.b.a. Adventist HealthCare Shady Grove Medical Center",52-1532556,36430,CPT,OP Blood Product Six Hours (331-390 Min),outpatient,,,,max,2092.17,,,12/31/2025,52-1532556_AdventistHealthCareShadyGroveMedicalCenter_StandardCharges.csv
"Adventist HealthCare, Inc. d.b.a. Adventist HealthCare Shady Grove Medical Center",52-1532556,36430,CPT,OP Blood Product Six Hours (331-390 Min),outpatient,,All Payers,All Plans,negotiated,1901.97,,other,12/31/2025,52-1532556_AdventistHealthCareShadyGroveMedicalCenter_StandardCharges.csv
"Adventist HealthCare, Inc. d.b.a. Adventist HealthCare Shady Grove Medical Center",52-1532556,36430,CPT,OP Blood Product Three Hours (151-210 Min),outpatient,,,,gross,1109.48,,,12/31/2025,52-1532556_AdventistHealthCareShadyGroveMedicalCenter_StandardCharges.csv
"Adventist HealthCare, Inc. d.b.a. Adventist HealthCare Shady Grove Medical Center",52-1532556,36430,CPT,OP Blood Product Three Hours (151-210 Min),outpatient,,,,discounted_cash,1087.29,,,12/31/2025,52-1532556_AdventistHealthCareShadyGroveMedicalCenter_StandardCharges.csv
"Adventist HealthCare, Inc. d.b.a. Adventist HealthCare Shady Grove Medical Center",52-1532556,36430,CPT,OP Blood Product Three Hours (151-210 Min),outpatient,,,,min,1054.01,,,12/31/2025,52-1532556_AdventistHealthCareShadyGroveMedicalCenter_StandardCharges.csv
"Adventist HealthCare, Inc. d.b.a. Adventist HealthCare Shady Grove Medical Center",52-1532556,36430,CPT,OP Blood Product Three Hours (151-210 Min),outpatient,,,,max,1220.43,,,12/31/2025,52-1532556_AdventistHealthCareShadyGroveMedicalCenter_StandardCharges.csv
"Adventist HealthCare, Inc. d.b.a. Adventist HealthCare Shady Grove Medical Center",52-1532556,36430,CPT,OP Blood Product Three Hours (151-210 Min),outpatient,,All Payers,All Plans,negotiated,1109.48,,other,12/31/2025,52-1532556_AdventistHealthCareShadyGroveMedicalCenter_StandardCharges.csv
"Adventist HealthCare, Inc. d.b.a. Adventist HealthCare Shady Grove Medical Center",52-1532556,36430,CPT,OP Blood Product Two Hours (91-150 Min),outpatient,,,,gross,845.32,,,12/31/2025,52-1532556_AdventistHealthCareShadyGroveMedicalCenter_StandardCharges.csv
"Adventist HealthCare, Inc. d.b.a. Adventist HealthCare Shady Grove Medical Center",52-1532556,36430,CPT,OP Blood Product Two Hours (91-150 Min),outpatient,,,,discounted_cash,828.41,,,12/31/2025,52-1532556_AdventistHealthCareShadyGroveMedicalCenter_StandardCharges.csv
"Adventist HealthCare, Inc. d.b.a. Adventist HealthCare Shady Grove Medical Center",52-1532556,36430,CPT,OP Blood Product Two Hours (91-150 Min),outpatient,,,,min,803.05,,,12/31/2025,52-1532556_AdventistHealthCareShadyGroveMedicalCenter_StandardCharges.csv
"Adventist HealthCare, Inc. d.b.a. Adventist HealthCare Shady Grove Medical Center",52-1532556,36430,CPT,OP Blood Product Two Hours (91-150 Min),outpatient,,,,max,929.85,,,12/31/2025,52-1532556_AdventistHealthCareShadyGroveMedicalCenter_StandardCharges.csv
"Adventist HealthCare, Inc. d.b.a. Adventist HealthCare Shady Grove Medical Center",52-1532556,36430,CPT,OP Blood Product Two Hours (91-150 Min),outpatient,,All Payers,All Plans,negotiated,845.32,,other,12/31/2025,52-1532556_AdventistHealthCareShadyGroveMedicalCenter_StandardCharges.csv
"Adventist HealthCare, Inc. d.b.a. Adventist HealthCare Shady Grove Medical Center",52-1532556,96409,CPT,OP Chemo IV Push Initial Drug,outpatient,,,,gross,528.32,,,12/31/2025,52-1532556_AdventistHealthCareShadyGroveMedicalCenter_StandardCharges.csv
"Adventist HealthCare, Inc. d.b.a. Adventist HealthCare Shady Grove Medical Center",52-1532556,96409,CPT,OP Chemo IV Push Initial Drug,outpatient,,,,discounted_cash,517.76,,,12/31/2025,52-1532556_AdventistHealthCareShadyGroveMedicalCenter_StandardCharges.csv
"Adventist HealthCare, Inc. d.b.a. Adventist HealthCare Shady Grove Medical Center",52-1532556,96409,CPT,OP Chemo IV Push Initial Drug,outpatient,,,,min,501.91,,,12/31/2025,52-1532556_AdventistHealthCareShadyGroveMedicalCenter_StandardCharges.csv
"Adventist HealthCare, Inc. d.b.a. Adventist HealthCare Shady Grove Medical Center",52-1532556,96409,CPT,OP Chemo IV Push Initial Drug,outpatient,,,,max,581.16,,,12/31/2025,52-1532556_AdventistHealthCareShadyGroveMedicalCenter_StandardCharges.csv
"Adventist HealthCare, Inc. d.b.a. Adventist HealthCare Shady Grove Medical Center",52-1532556,96409,CPT,OP Chemo IV Push Initial Drug,outpatient,,All Payers,All Plans,negotiated,528.32,,other,12/31/2025,52-1532556_AdventistHealthCareShadyGroveMedicalCenter_StandardCharges.csv
"Adventist HealthCare, Inc. d.b.a. Adventist HealthCare Shady Grove Medical Center",52-1532556,96413,CPT,OP Chemo Infusion 1st Hour,outpatient,,,,gross,950.98,,,12/31/2025,52-1532556_AdventistHealthCareShadyGroveMedicalCenter_StandardCharges.csv
"Adventist HealthCare, Inc. d.b.a. Adventist HealthCare Shady Grove Medical Center",52-1532556,96413,CPT,OP Chemo Infusion 1st Hour,outpatient,,,,discounted_cash,931.96,,,12/31/2025,52-1532556_AdventistHealthCareShadyGroveMedicalCenter_StandardCharges.csv
"Adventist HealthCare, Inc. d.b.a. Adventist HealthCare Shady Grove Medical Center",52-1532556,96413,CPT,OP Chemo Infusion 1st Hour,outpatient,,,,min,903.44,,,12/31/2025,52-1532556_AdventistHealthCareShadyGroveMedicalCenter_StandardCharges.csv
"Adventist HealthCare, Inc. d.b.a. Adventist HealthCare Shady Grove Medical Center",52-1532556,96413,CPT,OP Chemo Infusion 1st Hour,outpatient,,,,max,1046.08,,,12/31/2025,52-1532556_AdventistHealthCareShadyGroveMedicalCenter_StandardCharges.csv
"Adventist HealthCare, Inc. d.b.a. Adventist HealthCare Shady Grove Medical Center",52-1532556,96413,CPT,OP Chemo Infusion 1st Hour,outpatient,,All Payers,All Plans,negotiated,950.98,,other,12/31/2025,52-1532556_AdventistHealthCareShadyGroveMedicalCenter_StandardCharges.csv
"Adventist HealthCare, Inc. d.b.a. Adventist HealthCare Shady Grove Medical Center",52-1532556,96415,CPT,OP Chemo Infusion each Additional Hour,outpatient,,,,gross,211.33,,,12/31/2025,52-1532556_AdventistHealthCareShadyGroveMedicalCenter_StandardCharges.csv
"Adventist HealthCare, Inc. d.b.a. Adventist HealthCare Shady Grove Medical Center",52-1532556,96415,CPT,OP Chemo Infusion each Additional Hour,outpatient,,,,discounted_cash,207.1,,,12/31/2025,52-1532556_AdventistHealthCareShadyGroveMedicalCenter_StandardCharges.csv
"Adventist HealthCare, Inc. d.b.a. Adventist HealthCare Shady Grove Medical Center",52-1532556,96415,CPT,OP Chemo Infusion each Additional Hour,outpatient,,,,min,200.76,,,12/31/2025,52-1532556_AdventistHealthCareShadyGroveMedicalCenter_StandardCharges.csv
"Adventist HealthCare, Inc. d.b.a. Adventist HealthCare Shady Grove Medical Center",52-1532556,96415,CPT,OP Chemo Infusion each Additional Hour,outpatient,,,,max,232.46,,,12/31/2025,52-1532556_AdventistHealthCareShadyGroveMedicalCenter_StandardCharges.csv
"Adventist HealthCare, Inc. d.b.a. Adventist HealthCare Shady Grove Medical Center",52-1532556,96415,CPT,OP Chemo Infusion each Additional Hour,outpatient,,All Payers,All Plans,negotiated,211.33,,other,12/31/2025,52-1532556_AdventistHealthCareShadyGroveMedicalCenter_StandardCharges.csv
"Adventist HealthCare, Inc. d.b.a. Adventist HealthCare Shady Grove Medical Center",52-1532556,36593,CPT,OP Declotting Agent VADS,outpatient,,,,gross,528.32,,,12/31/2025,52-1532556_AdventistHealthCareShadyGroveMedicalCenter_StandardCharges.csv
"Adventist HealthCare, Inc. d.b.a. Adventist HealthCare Shady Grove Medical Center",52-1532556,36593,CPT,OP Declotting Agent VADS,outpatient,,,,discounted_cash,517.76,,,12/31/2025,52-1532556_AdventistHealthCareShadyGroveMedicalCenter_StandardCharges.csv
"Adventist HealthCare, Inc. d.b.a. Adventist HealthCare Shady Grove Medical Center",52-1532556,36593,CPT,OP Declotting Agent VADS,outpatient,,,,min,501.91,,,12/31/2025,52-1532556_AdventistHealthCareShadyGroveMedicalCenter_StandardCharges.csv
"Adventist HealthCare, Inc. d.b.a. Adventist HealthCare Shady Grove Medical Center",52-1532556,36593,CPT,OP Declotting Agent VADS,outpatient,,,,max,581.16,,,12/31/2025,52-1532556_AdventistHealthCareShadyGroveMedicalCenter_StandardCharges.csv
"Adventist HealthCare, Inc. d.b.a. Adventist HealthCare Shady Grove Medical Center",52-1532556,36593,CPT,OP Declotting Agent VADS,outpatient,,All Payers,All Plans,negotiated,528.32,,other,12/31/2025,52-1532556_AdventistHealthCareShadyGroveMedicalCenter_StandardCharges.csv
"Adventist HealthCare, Inc. d.b.a. Adventist HealthCare Shady Grove Medical Center",52-1532556,G0109,HCPCS,OP Diabetic Education Group 30 Min,outpatient,,,,gross,105.66,,,12/31/2025,52-1532556_AdventistHealthCareShadyGroveMedicalCenter_StandardCharges.csv
"Adventist HealthCare, Inc. d.b.a. Adventist HealthCare Shady Grove Medical Center",52-1532556,G0109,HCPCS,OP Diabetic Education Group 30 Min,outpatient,,,,discounted_cash,103.55,,,12/31/2025,52-1532556_AdventistHealthCareShadyGroveMedicalCenter_StandardCharges.csv
"Adventist HealthCare, Inc. d.b.a. Adventist HealthCare Shady Grove Medical Center",52-1532556,G0109,HCPCS,OP Diabetic Education Group 30 Min,outpatient,,,,min,100.38,,,12/31/2025,52-1532556_AdventistHealthCareShadyGroveMedicalCenter_StandardCharges.csv
"Adventist HealthCare, Inc. d.b.a. Adventist HealthCare Shady Grove Medical Center",52-1532556,G0109,HCPCS,OP Diabetic Education Group 30 Min,outpatient,,,,max,116.23,,,12/31/2025,52-1532556_AdventistHealthCareShadyGroveMedicalCenter_StandardCharges.csv
"Adventist HealthCare, Inc. d.b.a. Adventist HealthCare Shady Grove Medical Center",52-1532556,G0109,HCPCS,OP Diabetic Education Group 30 Min,outpatient,,All Payers,All Plans,negotiated,105.66,,other,12/31/2025,52-1532556_AdventistHealthCareShadyGroveMedicalCenter_StandardCharges.csv
"Adventist HealthCare, Inc. d.b.a. Adventist HealthCare Shady Grove Medical Center",52-1532556,99211,CPT,OP Est. E&M 0-10 min,outpatient,,,,gross,105.66,,,12/31/2025,52-1532556_AdventistHealthCareShadyGroveMedicalCenter_StandardCharges.csv
"Adventist HealthCare, Inc. d.b.a. Adventist HealthCare Shady Grove Medical Center",52-1532556,99211,CPT,OP Est. E&M 0-10 min,outpatient,,,,discounted_cash,103.55,,,12/31/2025,52-1532556_AdventistHealthCareShadyGroveMedicalCenter_StandardCharges.csv
"Adventist HealthCare, Inc. d.b.a. Adventist HealthCare Shady Grove Medical Center",52-1532556,99211,CPT,OP Est. E&M 0-10 min,outpatient,,,,min,100.38,,,12/31/2025,52-1532556_AdventistHealthCareShadyGroveMedicalCenter_StandardCharges.csv
"Adventist HealthCare, Inc. d.b.a. Adventist HealthCare Shady Grove Medical Center",52-1532556,99211,CPT,OP Est. E&M 0-10 min,outpatient,,,,max,116.23,,,12/31/2025,52-1532556_AdventistHealthCareShadyGroveMedicalCenter_StandardCharges.csv
"Adventist HealthCare, Inc. d.b.a. Adventist HealthCare Shady Grove Medical Center",52-1532556,99211,CPT,OP Est. E&M 0-10 min,outpatient,,All Payers,All Plans,negotiated,105.66,,other,12/31/2025,52-1532556_AdventistHealthCareShadyGroveMedicalCenter_StandardCharges.csv
"Adventist HealthCare, Inc. d.b.a. Adventist HealthCare Shady Grove Medical Center",52-1532556,99212,CPT,OP Est. E&M 11-25 min,outpatient,,,,gross,158.5,,,12/31/2025,52-1532556_AdventistHealthCareShadyGroveMedicalCenter_StandardCharges.csv
"Adventist HealthCare, Inc. d.b.a. Adventist HealthCare Shady Grove Medical Center",52-1532556,99212,CPT,OP Est. E&M 11-25 min,outpatient,,,,discounted_cash,155.33,,,12/31/2025,52-1532556_AdventistHealthCareShadyGroveMedicalCenter_StandardCharges.csv
"Adventist HealthCare, Inc. d.b.a. Adventist HealthCare Shady Grove Medical Center",52-1532556,99212,CPT,OP Est. E&M 11-25 min,outpatient,,,,min,150.57,,,12/31/2025,52-1532556_AdventistHealthCareShadyGroveMedicalCenter_StandardCharges.csv
"Adventist HealthCare, Inc. d.b.a. Adventist HealthCare Shady Grove Medical Center",52-1532556,99212,CPT,OP Est. E&M 11-25 min,outpatient,,,,max,174.35,,,12/31/2025,52-1532556_AdventistHealthCareShadyGroveMedicalCenter_StandardCharges.csv
"Adventist HealthCare, Inc. d.b.a. Adventist HealthCare Shady Grove Medical Center",52-1532556,99212,CPT,OP Est. E&M 11-25 min,outpatient,,All Payers,All Plans,negotiated,158.5,,other,12/31/2025,52-1532556_AdventistHealthCareShadyGroveMedicalCenter_StandardCharges.csv
"Adventist HealthCare, Inc. d.b.a. Adventist HealthCare Shady Grove Medical Center",52-1532556,99213,CPT,OP Est. E&M 26-45 min,outpatient,,,,gross,211.33,,,12/31/2025,52-1532556_AdventistHealthCareShadyGroveMedicalCenter_StandardCharges.csv
"Adventist HealthCare, Inc. d.b.a. Adventist HealthCare Shady Grove Medical Center",52-1532556,99213,CPT,OP Est. E&M 26-45 min,outpatient,,,,discounted_cash,207.1,,,12/31/2025,52-1532556_AdventistHealthCareShadyGroveMedicalCenter_StandardCharges.csv
"Adventist HealthCare, Inc. d.b.a. Adventist HealthCare Shady Grove Medical Center",52-1532556,99213,CPT,OP Est. E&M 26-45 min,outpatient,,,,min,200.76,,,12/31/2025,52-1532556_AdventistHealthCareShadyGroveMedicalCenter_StandardCharges.csv
"Adventist HealthCare, Inc. d.b.a. Adventist HealthCare Shady Grove Medical Center",52-1532556,99213,CPT,OP Est. E&M 26-45 min,outpatient,,,,max,232.46,,,12/31/2025,52-1532556_AdventistHealthCareShadyGroveMedicalCenter_StandardCharges.csv
"Adventist HealthCare, Inc. d.b.a. Adventist HealthCare Shady Grove Medical Center",52-1532556,99213,CPT,OP Est. E&M 26-45 min,outpatient,,All Payers,All Plans,negotiated,211.33,,other,12/31/2025,52-1532556_AdventistHealthCareShadyGroveMedicalCenter_StandardCharges.csv
"Adventist HealthCare, Inc. d.b.a. Adventist HealthCare Shady Grove Medical Center",52-1532556,99214,CPT,OP Est. E&M 46-90 min,outpatient,,,,gross,264.16,,,12/31/2025,52-1532556_AdventistHealthCareShadyGroveMedicalCenter_StandardCharges.csv
"Adventist HealthCare, Inc. d.b.a. Adventist HealthCare Shady Grove Medical Center",52-1532556,99214,CPT,OP Est. E&M 46-90 min,outpatient,,,,discounted_cash,258.88,,,12/31/2025,52-1532556_AdventistHealthCareShadyGroveMedicalCenter_StandardCharges.csv
"Adventist HealthCare, Inc. d.b.a. Adventist HealthCare Shady Grove Medical Center",52-1532556,99214,CPT,OP Est. E&M 46-90 min,outpatient,,,,min,250.95,,,12/31/2025,52-1532556_AdventistHealthCareShadyGroveMedicalCenter_StandardCharges.csv
"Adventist HealthCare, Inc. d.b.a. Adventist HealthCare Shady Grove Medical Center",52-1532556,99214,CPT,OP Est. E&M 46-90 min,outpatient,,,,max,290.58,,,12/31/2025,52-1532556_AdventistHealthCareShadyGroveMedicalCenter_StandardCharges.csv
"Adventist HealthCare, Inc. d.b.a. Adventist HealthCare Shady Grove Medical Center",52-1532556,99214,CPT,OP Est. E&M 46-90 min,outpatient,,All Payers,All Plans,negotiated,264.16,,other,12/31/2025,52-1532556_AdventistHealthCareShadyGroveMedicalCenter_StandardCharges.csv
"Adventist HealthCare, Inc. d.b.a. Adventist HealthCare Shady Grove Medical Center",52-1532556,99215,CPT,OP Est. E&M >-90 min.,outpatient,,,,gross,316.99,,,12/31/2025,52-1532556_AdventistHealthCareShadyGroveMedicalCenter_StandardCharges.csv
"Adventist HealthCare, Inc. d.b.a. Adventist HealthCare Shady Grove Medical Center",52-1532556,99215,CPT,OP Est. E&M >-90 min.,outpatient,,,,discounted_cash,310.65,,,12/31/2025,52-1532556_AdventistHealthCareShadyGroveMedicalCenter_StandardCharges.csv
"Adventist HealthCare, Inc. d.b.a. Adventist HealthCare Shady Grove Medical Center",52-1532556,99215,CPT,OP Est. E&M >-90 min.,outpatient,,,,min,301.15,,,12/31/2025,52-1532556_AdventistHealthCareShadyGroveMedicalCenter_StandardCharges.csv
"Adventist HealthCare, Inc. d.b.a. Adventist HealthCare Shady Grove Medical Center",52-1532556,99215,CPT,OP Est. E&M >-90 min.,outpatient,,,,max,348.69,,,12/31/2025,52-1532556_AdventistHealthCareShadyGroveMedicalCenter_StandardCharges.csv
"Adventist HealthCare, Inc. d.b.a. Adventist HealthCare Shady Grove Medical Center",52-1532556,99215,CPT,OP Est. E&M >-90 min.,outpatient,,All Payers,All Plans,negotiated,316.99,,other,12/31/2025,52-1532556_AdventistHealthCareShadyGroveMedicalCenter_StandardCharges.csv
"Adventist HealthCare, Inc. d.b.a. Adventist HealthCare Shady Grove Medical Center",52-1532556,36455,CPT,OP Exchange Transfusion,outpatient,,,,gross,1109.48,,,12/31/2025,52-1532556_AdventistHealthCareShadyGroveMedicalCenter_StandardCharges.csv
"Adventist HealthCare, Inc. d.b.a. Adventist HealthCare Shady Grove Medical Center",52-1532556,36455,CPT,OP Exchange Transfusion,outpatient,,,,discounted_cash,1087.29,,,12/31/2025,52-1532556_AdventistHealthCareShadyGroveMedicalCenter_StandardCharges.csv
"Adventist HealthCare, Inc. d.b.a. Adventist HealthCare Shady Grove Medical Center",52-1532556,36455,CPT,OP Exchange Transfusion,outpatient,,,,min,1054.01,,,12/31/2025,52-1532556_AdventistHealthCareShadyGroveMedicalCenter_StandardCharges.csv
"Adventist HealthCare, Inc. d.b.a. Adventist HealthCare Shady Grove Medical Center",52-1532556,36455,CPT,OP Exchange Transfusion,outpatient,,,,max,1220.43,,,12/31/2025,52-1532556_AdventistHealthCareShadyGroveMedicalCenter_StandardCharges.csv
"Adventist HealthCare, Inc. d.b.a. Adventist HealthCare Shady Grove Medical Center",52-1532556,36455,CPT,OP Exchange Transfusion,outpatient,,All Payers,All Plans,negotiated,1109.48,,other,12/31/2025,52-1532556_AdventistHealthCareShadyGroveMedicalCenter_StandardCharges.csv
"Adventist HealthCare, Inc. d.b.a. Adventist HealthCare Shady Grove Medical Center",52-1532556,96372,CPT,OP IM/SQ Injection,outpatient,,,,gross,105.66,,,12/31/2025,52-1532556_AdventistHealthCareShadyGroveMedicalCenter_StandardCharges.csv
"Adventist HealthCare, Inc. d.b.a. Adventist HealthCare Shady Grove Medical Center",52-1532556,96372,CPT,OP IM/SQ Injection,outpatient,,,,discounted_cash,103.55,,,12/31/2025,52-1532556_AdventistHealthCareShadyGroveMedicalCenter_StandardCharges.csv
"Adventist HealthCare, Inc. d.b.a. Adventist HealthCare Shady Grove Medical Center",52-1532556,96372,CPT,OP IM/SQ Injection,outpatient,,,,min,100.38,,,12/31/2025,52-1532556_AdventistHealthCareShadyGroveMedicalCenter_StandardCharges.csv
"Adventist HealthCare, Inc. d.b.a. Adventist HealthCare Shady Grove Medical Center",52-1532556,96372,CPT,OP IM/SQ Injection,outpatient,,,,max,116.23,,,12/31/2025,52-1532556_AdventistHealthCareShadyGroveMedicalCenter_StandardCharges.csv
"Adventist HealthCare, Inc. d.b.a. Adventist HealthCare Shady Grove Medical Center",52-1532556,96372,CPT,OP IM/SQ Injection,outpatient,,All Payers,All Plans,negotiated,105.66,,other,12/31/2025,52-1532556_AdventistHealthCareShadyGroveMedicalCenter_StandardCharges.csv
"Adventist HealthCare, Inc. d.b.a. Adventist HealthCare Shady Grove Medical Center",52-1532556,96361,CPT,OP IV Hydration Each Additional Hour,outpatient,,,,gross,158.5,,,12/31/2025,52-1532556_AdventistHealthCareShadyGroveMedicalCenter_StandardCharges.csv
"Adventist HealthCare, Inc. d.b.a. Adventist HealthCare Shady Grove Medical Center",52-1532556,96361,CPT,OP IV Hydration Each Additional Hour,outpatient,,,,discounted_cash,155.33,,,12/31/2025,52-1532556_AdventistHealthCareShadyGroveMedicalCenter_StandardCharges.csv
"Adventist HealthCare, Inc. d.b.a. Adventist HealthCare Shady Grove Medical Center",52-1532556,96361,CPT,OP IV Hydration Each Additional Hour,outpatient,,,,min,150.57,,,12/31/2025,52-1532556_AdventistHealthCareShadyGroveMedicalCenter_StandardCharges.csv
"Adventist HealthCare, Inc. d.b.a. Adventist HealthCare Shady Grove Medical Center",52-1532556,96361,CPT,OP IV Hydration Each Additional Hour,outpatient,,,,max,174.35,,,12/31/2025,52-1532556_AdventistHealthCareShadyGroveMedicalCenter_StandardCharges.csv
"Adventist HealthCare, Inc. d.b.a. Adventist HealthCare Shady Grove Medical Center",52-1532556,96361,CPT,OP IV Hydration Each Additional Hour,outpatient,,All Payers,All Plans,negotiated,158.5,,other,12/31/2025,52-1532556_AdventistHealthCareShadyGroveMedicalCenter_StandardCharges.csv
"Adventist HealthCare, Inc. d.b.a. Adventist HealthCare Shady Grove Medical Center",52-1532556,96360,CPT,OP IV Hydration First Hour,outpatient,,,,gross,422.66,,,12/31/2025,52-1532556_AdventistHealthCareShadyGroveMedicalCenter_StandardCharges.csv
"Adventist HealthCare, Inc. d.b.a. Adventist HealthCare Shady Grove Medical Center",52-1532556,96360,CPT,OP IV Hydration First Hour,outpatient,,,,discounted_cash,414.21,,,12/31/2025,52-1532556_AdventistHealthCareShadyGroveMedicalCenter_StandardCharges.csv
"Adventist HealthCare, Inc. d.b.a. Adventist HealthCare Shady Grove Medical Center",52-1532556,96360,CPT,OP IV Hydration First Hour,outpatient,,,,min,401.53,,,12/31/2025,52-1532556_AdventistHealthCareShadyGroveMedicalCenter_StandardCharges.csv
"Adventist HealthCare, Inc. d.b.a. Adventist HealthCare Shady Grove Medical Center",52-1532556,96360,CPT,OP IV Hydration First Hour,outpatient,,,,max,464.93,,,12/31/2025,52-1532556_AdventistHealthCareShadyGroveMedicalCenter_StandardCharges.csv
"Adventist HealthCare, Inc. d.b.a. Adventist HealthCare Shady Grove Medical Center",52-1532556,96360,CPT,OP IV Hydration First Hour,outpatient,,All Payers,All Plans,negotiated,422.66,,other,12/31/2025,52-1532556_AdventistHealthCareShadyGroveMedicalCenter_StandardCharges.csv
"Adventist HealthCare, Inc. d.b.a. Adventist HealthCare Shady Grove Medical Center",52-1532556,96366,CPT,OP IV Medication Each Additional Hour,outpatient,,,,gross,211.33,,,12/31/2025,52-1532556_AdventistHealthCareShadyGroveMedicalCenter_StandardCharges.csv
"Adventist HealthCare, Inc. d.b.a. Adventist HealthCare Shady Grove Medical Center",52-1532556,96366,CPT,OP IV Medication Each Additional Hour,outpatient,,,,discounted_cash,207.1,,,12/31/2025,52-1532556_AdventistHealthCareShadyGroveMedicalCenter_StandardCharges.csv
"Adventist HealthCare, Inc. d.b.a. Adventist HealthCare Shady Grove Medical Center",52-1532556,96366,CPT,OP IV Medication Each Additional Hour,outpatient,,,,min,200.76,,,12/31/2025,52-1532556_AdventistHealthCareShadyGroveMedicalCenter_StandardCharges.csv
"Adventist HealthCare, Inc. d.b.a. Adventist HealthCare Shady Grove Medical Center",52-1532556,96366,CPT,OP IV Medication Each Additional Hour,outpatient,,,,max,232.46,,,12/31/2025,52-1532556_AdventistHealthCareShadyGroveMedicalCenter_StandardCharges.csv
"Adventist HealthCare, Inc. d.b.a. Adventist HealthCare Shady Grove Medical Center",52-1532556,96366,CPT,OP IV Medication Each Additional Hour,outpatient,,All Payers,All Plans,negotiated,211.33,,other,12/31/2025,52-1532556_AdventistHealthCareShadyGroveMedicalCenter_StandardCharges.csv
"Adventist HealthCare, Inc. d.b.a. Adventist HealthCare Shady Grove Medical Center",52-1532556,96365,CPT,OP IV Medication First Hour,outpatient,,,,gross,950.98,,,12/31/2025,52-1532556_AdventistHealthCareShadyGroveMedicalCenter_StandardCharges.csv
"Adventist HealthCare, Inc. d.b.a. Adventist HealthCare Shady Grove Medical Center",52-1532556,96365,CPT,OP IV Medication First Hour,outpatient,,,,discounted_cash,931.96,,,12/31/2025,52-1532556_AdventistHealthCareShadyGroveMedicalCenter_StandardCharges.csv
"Adventist HealthCare, Inc. d.b.a. Adventist HealthCare Shady Grove Medical Center",52-1532556,96365,CPT,OP IV Medication First Hour,outpatient,,,,min,903.44,,,12/31/2025,52-1532556_AdventistHealthCareShadyGroveMedicalCenter_StandardCharges.csv
"Adventist HealthCare, Inc. d.b.a. Adventist HealthCare Shady Grove Medical Center",52-1532556,96365,CPT,OP IV Medication First Hour,outpatient,,,,max,1046.08,,,12/31/2025,52-1532556_AdventistHealthCareShadyGroveMedicalCenter_StandardCharges.csv
"Adventist HealthCare, Inc. d.b.a. Adventist HealthCare Shady Grove Medical Center",52-1532556,96365,CPT,OP IV Medication First Hour,outpatient,,All Payers,All Plans,negotiated,950.98,,other,12/31/2025,52-1532556_AdventistHealthCareShadyGroveMedicalCenter_StandardCharges.csv
"Adventist HealthCare, Inc. d.b.a. Adventist HealthCare Shady Grove Medical Center",52-1532556,96374,CPT,OP IV Push Initial Drug,outpatient,,,,gross,528.32,,,12/31/2025,52-1532556_AdventistHealthCareShadyGroveMedicalCenter_StandardCharges.csv
"Adventist HealthCare, Inc. d.b.a. Adventist HealthCare Shady Grove Medical Center",52-1532556,96374,CPT,OP IV Push Initial Drug,outpatient,,,,discounted_cash,517.76,,,12/31/2025,52-1532556_AdventistHealthCareShadyGroveMedicalCenter_StandardCharges.csv
"Adventist HealthCare, Inc. d.b.a. Adventist HealthCare Shady Grove Medical Center",52-1532556,96374,CPT,OP IV Push Initial Drug,outpatient,,,,min,501.91,,,12/31/2025,52-1532556_AdventistHealthCareShadyGroveMedicalCenter_StandardCharges.csv
"Adventist HealthCare, Inc. d.b.a. Adventist HealthCare Shady Grove Medical Center",52-1532556,96374,CPT,OP IV Push Initial Drug,outpatient,,,,max,581.16,,,12/31/2025,52-1532556_AdventistHealthCareShadyGroveMedicalCenter_StandardCharges.csv
"Adventist HealthCare, Inc. d.b.a. Adventist HealthCare Shady Grove Medical Center",52-1532556,96374,CPT,OP IV Push Initial Drug,outpatient,,All Payers,All Plans,negotiated,528.32,,other,12/31/2025,52-1532556_AdventistHealthCareShadyGroveMedicalCenter_StandardCharges.csv
"Adventist HealthCare, Inc. d.b.a. Adventist HealthCare Shady Grove Medical Center",52-1532556,96375,CPT,OP IV Push Medication Each Add'l Drug,outpatient,,,,gross,211.33,,,12/31/2025,52-1532556_AdventistHealthCareShadyGroveMedicalCenter_StandardCharges.csv
"Adventist HealthCare, Inc. d.b.a. Adventist HealthCare Shady Grove Medical Center",52-1532556,96375,CPT,OP IV Push Medication Each Add'l Drug,outpatient,,,,discounted_cash,207.1,,,12/31/2025,52-1532556_AdventistHealthCareShadyGroveMedicalCenter_StandardCharges.csv
"Adventist HealthCare, Inc. d.b.a. Adventist HealthCare Shady Grove Medical Center",52-1532556,96375,CPT,OP IV Push Medication Each Add'l Drug,outpatient,,,,min,200.76,,,12/31/2025,52-1532556_AdventistHealthCareShadyGroveMedicalCenter_StandardCharges.csv
"Adventist HealthCare, Inc. d.b.a. Adventist HealthCare Shady Grove Medical Center",52-1532556,96375,CPT,OP IV Push Medication Each Add'l Drug,outpatient,,,,max,232.46,,,12/31/2025,52-1532556_AdventistHealthCareShadyGroveMedicalCenter_StandardCharges.csv
"Adventist HealthCare, Inc. d.b.a. Adventist HealthCare Shady Grove Medical Center",52-1532556,96375,CPT,OP IV Push Medication Each Add'l Drug,outpatient,,All Payers,All Plans,negotiated,211.33,,other,12/31/2025,52-1532556_AdventistHealthCareShadyGroveMedicalCenter_StandardCharges.csv
"Adventist HealthCare, Inc. d.b.a. Adventist HealthCare Shady Grove Medical Center",52-1532556,96523,CPT,OP Irrigation VAD Device,outpatient,,,,gross,158.5,,,12/31/2025,52-1532556_AdventistHealthCareShadyGroveMedicalCenter_StandardCharges.csv
"Adventist HealthCare, Inc. d.b.a. Adventist HealthCare Shady Grove Medical Center",52-1532556,96523,CPT,OP Irrigation VAD Device,outpatient,,,,discounted_cash,155.33,,,12/31/2025,52-1532556_AdventistHealthCareShadyGroveMedicalCenter_StandardCharges.csv
"Adventist HealthCare, Inc. d.b.a. Adventist HealthCare Shady Grove Medical Center",52-1532556,96523,CPT,OP Irrigation VAD Device,outpatient,,,,min,150.57,,,12/31/2025,52-1532556_AdventistHealthCareShadyGroveMedicalCenter_StandardCharges.csv
"Adventist HealthCare, Inc. d.b.a. Adventist HealthCare Shady Grove Medical Center",52-1532556,96523,CPT,OP Irrigation VAD Device,outpatient,,,,max,174.35,,,12/31/2025,52-1532556_AdventistHealthCareShadyGroveMedicalCenter_StandardCharges.csv
"Adventist HealthCare, Inc. d.b.a. Adventist HealthCare Shady Grove Medical Center",52-1532556,96523,CPT,OP Irrigation VAD Device,outpatient,,All Payers,All Plans,negotiated,158.5,,other,12/31/2025,52-1532556_AdventistHealthCareShadyGroveMedicalCenter_StandardCharges.csv
"Adventist HealthCare, Inc. d.b.a. Adventist HealthCare Shady Grove Medical Center",52-1532556,99202,CPT,OP New E&M 11-25 min,outpatient,,,,gross,158.5,,,12/31/2025,52-1532556_AdventistHealthCareShadyGroveMedicalCenter_StandardCharges.csv
"Adventist HealthCare, Inc. d.b.a. Adventist HealthCare Shady Grove Medical Center",52-1532556,99202,CPT,OP New E&M 11-25 min,outpatient,,,,discounted_cash,155.33,,,12/31/2025,52-1532556_AdventistHealthCareShadyGroveMedicalCenter_StandardCharges.csv
"Adventist HealthCare, Inc. d.b.a. Adventist HealthCare Shady Grove Medical Center",52-1532556,99202,CPT,OP New E&M 11-25 min,outpatient,,,,min,150.57,,,12/31/2025,52-1532556_AdventistHealthCareShadyGroveMedicalCenter_StandardCharges.csv
"Adventist HealthCare, Inc. d.b.a. Adventist HealthCare Shady Grove Medical Center",52-1532556,99202,CPT,OP New E&M 11-25 min,outpatient,,,,max,174.35,,,12/31/2025,52-1532556_AdventistHealthCareShadyGroveMedicalCenter_StandardCharges.csv
"Adventist HealthCare, Inc. d.b.a. Adventist HealthCare Shady Grove Medical Center",52-1532556,99202,CPT,OP New E&M 11-25 min,outpatient,,All Payers,All Plans,negotiated,158.5,,other,12/31/2025,52-1532556_AdventistHealthCareShadyGroveMedicalCenter_StandardCharges.csv
"Adventist HealthCare, Inc. d.b.a. Adventist HealthCare Shady Grove Medical Center",52-1532556,99203,CPT,OP New E&M 26-45 min,outpatient,,,,gross,211.33,,,12/31/2025,52-1532556_AdventistHealthCareShadyGroveMedicalCenter_StandardCharges.csv
"Adventist HealthCare, Inc. d.b.a. Adventist HealthCare Shady Grove Medical Center",52-1532556,99203,CPT,OP New E&M 26-45 min,outpatient,,,,discounted_cash,207.1,,,12/31/2025,52-1532556_AdventistHealthCareShadyGroveMedicalCenter_StandardCharges.csv
"Adventist HealthCare, Inc. d.b.a. Adventist HealthCare Shady Grove Medical Center",52-1532556,99203,CPT,OP New E&M 26-45 min,outpatient,,,,min,200.76,,,12/31/2025,52-1532556_AdventistHealthCareShadyGroveMedicalCenter_StandardCharges.csv
"Adventist HealthCare, Inc. d.b.a. Adventist HealthCare Shady Grove Medical Center",52-1532556,99203,CPT,OP New E&M 26-45 min,outpatient,,,,max,232.46,,,12/31/2025,52-1532556_AdventistHealthCareShadyGroveMedicalCenter_StandardCharges.csv
"Adventist HealthCare, Inc. d.b.a. Adventist HealthCare Shady Grove Medical Center",52-1532556,99203,CPT,OP New E&M 26-45 min,outpatient,,All Payers,All Plans,negotiated,211.33,,other,12/31/2025,52-1532556_AdventistHealthCareShadyGroveMedicalCenter_StandardCharges.csv
"Adventist HealthCare, Inc. d.b.a. Adventist HealthCare Shady Grove Medical Center",52-1532556,99204,CPT,OP New E&M 46-90 min,outpatient,,,,gross,264.16,,,12/31/2025,52-1532556_AdventistHealthCareShadyGroveMedicalCenter_StandardCharges.csv
"Adventist HealthCare, Inc. d.b.a. Adventist HealthCare Shady Grove Medical Center",52-1532556,99204,CPT,OP New E&M 46-90 min,outpatient,,,,discounted_cash,258.88,,,12/31/2025,52-1532556_AdventistHealthCareShadyGroveMedicalCenter_StandardCharges.csv
"Adventist HealthCare, Inc. d.b.a. Adventist HealthCare Shady Grove Medical Center",52-1532556,99204,CPT,OP New E&M 46-90 min,outpatient,,,,min,250.95,,,12/31/2025,52-1532556_AdventistHealthCareShadyGroveMedicalCenter_StandardCharges.csv
"Adventist HealthCare, Inc. d.b.a. Adventist HealthCare Shady Grove Medical Center",52-1532556,99204,CPT,OP New E&M 46-90 min,outpatient,,,,max,290.58,,,12/31/2025,52-1532556_AdventistHealthCareShadyGroveMedicalCenter_StandardCharges.csv
"Adventist HealthCare, Inc. d.b.a. Adventist HealthCare Shady Grove Medical Center",52-1532556,99204,CPT,OP New E&M 46-90 min,outpatient,,All Payers,All Plans,negotiated,264.16,,other,12/31/2025,52-1532556_AdventistHealthCareShadyGroveMedicalCenter_StandardCharges.csv
"Adventist HealthCare, Inc. d.b.a. Adventist HealthCare Shady Grove Medical Center",52-1532556,99205,CPT,OP New E&M >-90min,outpatient,,,,gross,316.99,,,12/31/2025,52-1532556_AdventistHealthCareShadyGroveMedicalCenter_StandardCharges.csv
"Adventist HealthCare, Inc. d.b.a. Adventist HealthCare Shady Grove Medical Center",52-1532556,99205,CPT,OP New E&M >-90min,outpatient,,,,discounted_cash,310.65,,,12/31/2025,52-1532556_AdventistHealthCareShadyGroveMedicalCenter_StandardCharges.csv
"Adventist HealthCare, Inc. d.b.a. Adventist HealthCare Shady Grove Medical Center",52-1532556,99205,CPT,OP New E&M >-90min,outpatient,,,,min,301.15,,,12/31/2025,52-1532556_AdventistHealthCareShadyGroveMedicalCenter_StandardCharges.csv
"Adventist HealthCare, Inc. d.b.a. Adventist HealthCare Shady Grove Medical Center",52-1532556,99205,CPT,OP New E&M >-90min,outpatient,,,,max,348.69,,,12/31/2025,52-1532556_AdventistHealthCareShadyGroveMedicalCenter_StandardCharges.csv
"Adventist HealthCare, Inc. d.b.a. Adventist HealthCare Shady Grove Medical Center",52-1532556,99205,CPT,OP New E&M >-90min,outpatient,,All Payers,All Plans,negotiated,316.99,,other,12/31/2025,52-1532556_AdventistHealthCareShadyGroveMedicalCenter_StandardCharges.csv
"Adventist HealthCare, Inc. d.b.a. Adventist HealthCare Shady Grove Medical Center",52-1532556,97803,CPT,OP Nutrition Therapy Follow-up 15 Min,outpatient,,,,gross,264.16,,,12/31/2025,52-1532556_AdventistHealthCareShadyGroveMedicalCenter_StandardCharges.csv
"Adventist HealthCare, Inc. d.b.a. Adventist HealthCare Shady Grove Medical Center",52-1532556,97803,CPT,OP Nutrition Therapy Follow-up 15 Min,outpatient,,,,discounted_cash,258.88,,,12/31/2025,52-1532556_AdventistHealthCareShadyGroveMedicalCenter_StandardCharges.csv
"Adventist HealthCare, Inc. d.b.a. Adventist HealthCare Shady Grove Medical Center",52-1532556,97803,CPT,OP Nutrition Therapy Follow-up 15 Min,outpatient,,,,min,250.95,,,12/31/2025,52-1532556_AdventistHealthCareShadyGroveMedicalCenter_StandardCharges.csv
"Adventist HealthCare, Inc. d.b.a. Adventist HealthCare Shady Grove Medical Center",52-1532556,97803,CPT,OP Nutrition Therapy Follow-up 15 Min,outpatient,,,,max,290.58,,,12/31/2025,52-1532556_AdventistHealthCareShadyGroveMedicalCenter_StandardCharges.csv
"Adventist HealthCare, Inc. d.b.a. Adventist HealthCare Shady Grove Medical Center",52-1532556,97803,CPT,OP Nutrition Therapy Follow-up 15 Min,outpatient,,All Payers,All Plans,negotiated,264.16,,other,12/31/2025,52-1532556_AdventistHealthCareShadyGroveMedicalCenter_StandardCharges.csv
"Adventist HealthCare, Inc. d.b.a. Adventist HealthCare Shady Grove Medical Center",52-1532556,97804,CPT,OP Nutrition Therapy Group 30 Min,outpatient,,,,gross,105.66,,,12/31/2025,52-1532556_AdventistHealthCareShadyGroveMedicalCenter_StandardCharges.csv
"Adventist HealthCare, Inc. d.b.a. Adventist HealthCare Shady Grove Medical Center",52-1532556,97804,CPT,OP Nutrition Therapy Group 30 Min,outpatient,,,,discounted_cash,103.55,,,12/31/2025,52-1532556_AdventistHealthCareShadyGroveMedicalCenter_StandardCharges.csv
"Adventist HealthCare, Inc. d.b.a. Adventist HealthCare Shady Grove Medical Center",52-1532556,97804,CPT,OP Nutrition Therapy Group 30 Min,outpatient,,,,min,100.38,,,12/31/2025,52-1532556_AdventistHealthCareShadyGroveMedicalCenter_StandardCharges.csv
"Adventist HealthCare, Inc. d.b.a. Adventist HealthCare Shady Grove Medical Center",52-1532556,97804,CPT,OP Nutrition Therapy Group 30 Min,outpatient,,,,max,116.23,,,12/31/2025,52-1532556_AdventistHealthCareShadyGroveMedicalCenter_StandardCharges.csv
"Adventist HealthCare, Inc. d.b.a. Adventist HealthCare Shady Grove Medical Center",52-1532556,97804,CPT,OP Nutrition Therapy Group 30 Min,outpatient,,All Payers,All Plans,negotiated,105.66,,other,12/31/2025,52-1532556_AdventistHealthCareShadyGroveMedicalCenter_StandardCharges.csv
"Adventist HealthCare, Inc. d.b.a. Adventist HealthCare Shady Grove Medical Center",52-1532556,97802,CPT,OP Nutrition Therapy Initial 15 Min,both,,,,gross,264.16,,,12/31/2025,52-1532556_AdventistHealthCareShadyGroveMedicalCenter_StandardCharges.csv
"Adventist HealthCare, Inc. d.b.a. Adventist HealthCare Shady Grove Medical Center",52-1532556,97802,CPT,OP Nutrition Therapy Initial 15 Min,both,,,,discounted_cash,258.88,,,12/31/2025,52-1532556_AdventistHealthCareShadyGroveMedicalCenter_StandardCharges.csv
"Adventist HealthCare, Inc. d.b.a. Adventist HealthCare Shady Grove Medical Center",52-1532556,97802,CPT,OP Nutrition Therapy Initial 15 Min,both,,,,min,250.95,,,12/31/2025,52-1532556_AdventistHealthCareShadyGroveMedicalCenter_StandardCharges.csv
"Adventist HealthCare, Inc. d.b.a. Adventist HealthCare Shady Grove Medical Center",52-1532556,97802,CPT,OP Nutrition Therapy Initial 15 Min,both,,,,max,290.58,,,12/31/2025,52-1532556_AdventistHealthCareShadyGroveMedicalCenter_StandardCharges.csv
"Adventist HealthCare, Inc. d.b.a. Adventist HealthCare Shady Grove Medical Center",52-1532556,97802,CPT,OP Nutrition Therapy Initial 15 Min,both,,All Payers,All Plans,negotiated,264.16,,other,12/31/2025,52-1532556_AdventistHealthCareShadyGroveMedicalCenter_StandardCharges.csv
"Adventist HealthCare, Inc. d.b.a. Adventist HealthCare Shady Grove Medical Center",52-1532556,36430,CPT,OBS Blood Transfusion Charges -> Blood Transfusion time 91 - 150 minutes,both,,,,gross,845.32,,,12/31/2025,52-1532556_AdventistHealthCareShadyGroveMedicalCenter_StandardCharges.csv
"Adventist HealthCare, Inc. d.b.a. Adventist HealthCare Shady Grove Medical Center",52-1532556,36430,CPT,OBS Blood Transfusion Charges -> Blood Transfusion time 91 - 150 minutes,both,,,,discounted_cash,828.41,,,12/31/2025,52-1532556_AdventistHealthCareShadyGroveMedicalCenter_StandardCharges.csv
"Adventist HealthCare, Inc. d.b.a. Adventist HealthCare Shady Grove Medical Center",52-1532556,36430,CPT,OBS Blood Transfusion Charges -> Blood Transfusion time 91 - 150 minutes,both,,,,min,803.05,,,12/31/2025,52-1532556_AdventistHealthCareShadyGroveMedicalCenter_StandardCharges.csv
"Adventist HealthCare, Inc. d.b.a. Adventist HealthCare Shady Grove Medical Center",52-1532556,36430,CPT,OBS Blood Transfusion Charges -> Blood Transfusion time 91 - 150 minutes,both,,,,max,929.85,,,12/31/2025,52-1532556_AdventistHealthCareShadyGroveMedicalCenter_StandardCharges.csv
"Adventist HealthCare, Inc. d.b.a. Adventist HealthCare Shady Grove Medical Center",52-1532556,36430,CPT,OBS Blood Transfusion Charges -> Blood Transfusion time 91 - 150 minutes,both,,All Payers,All Plans,negotiated,845.32,,other,12/31/2025,52-1532556_AdventistHealthCareShadyGroveMedicalCenter_StandardCharges.csv
"Adventist HealthCare, Inc. d.b.a. Adventist HealthCare Shady Grove Medical Center",52-1532556,36430,CPT,OBS Blood Transfusion Charges -> Blood Transfusion time 391 - 450 minuutes,both,,,,gross,2166.13,,,12/31/2025,52-1532556_AdventistHealthCareShadyGroveMedicalCenter_StandardCharges.csv
"Adventist HealthCare, Inc. d.b.a. Adventist HealthCare Shady Grove Medical Center",52-1532556,36430,CPT,OBS Blood Transfusion Charges -> Blood Transfusion time 391 - 450 minuutes,both,,,,discounted_cash,2122.81,,,12/31/2025,52-1532556_AdventistHealthCareShadyGroveMedicalCenter_StandardCharges.csv
"Adventist HealthCare, Inc. d.b.a. Adventist HealthCare Shady Grove Medical Center",52-1532556,36430,CPT,OBS Blood Transfusion Charges -> Blood Transfusion time 391 - 450 minuutes,both,,,,min,2057.82,,,12/31/2025,52-1532556_AdventistHealthCareShadyGroveMedicalCenter_StandardCharges.csv
"Adventist HealthCare, Inc. d.b.a. Adventist HealthCare Shady Grove Medical Center",52-1532556,36430,CPT,OBS Blood Transfusion Charges -> Blood Transfusion time 391 - 450 minuutes,both,,,,max,2382.74,,,12/31/2025,52-1532556_AdventistHealthCareShadyGroveMedicalCenter_StandardCharges.csv
"Adventist HealthCare, Inc. d.b.a. Adventist HealthCare Shady Grove Medical Center",52-1532556,36430,CPT,OBS Blood Transfusion Charges -> Blood Transfusion time 391 - 450 minuutes,both,,All Payers,All Plans,negotiated,2166.13,,other,12/31/2025,52-1532556_AdventistHealthCareShadyGroveMedicalCenter_StandardCharges.csv
"Adventist HealthCare, Inc. d.b.a. Adventist HealthCare Shady Grove Medical Center",52-1532556,36430,CPT,OBS Blood Transfusion Charges -> Blood Transfusion time 331 - 390 minutes,both,,,,gross,1901.97,,,12/31/2025,52-1532556_AdventistHealthCareShadyGroveMedicalCenter_StandardCharges.csv
"Adventist HealthCare, Inc. d.b.a. Adventist HealthCare Shady Grove Medical Center",52-1532556,36430,CPT,OBS Blood Transfusion Charges -> Blood Transfusion time 331 - 390 minutes,both,,,,discounted_cash,1863.93,,,12/31/2025,52-1532556_AdventistHealthCareShadyGroveMedicalCenter_StandardCharges.csv
"Adventist HealthCare, Inc. d.b.a. Adventist HealthCare Shady Grove Medical Center",52-1532556,36430,CPT,OBS Blood Transfusion Charges -> Blood Transfusion time 331 - 390 minutes,both,,,,min,1806.87,,,12/31/2025,52-1532556_AdventistHealthCareShadyGroveMedicalCenter_StandardCharges.csv
"Adventist HealthCare, Inc. d.b.a. Adventist HealthCare Shady Grove Medical Center",52-1532556,36430,CPT,OBS Blood Transfusion Charges -> Blood Transfusion time 331 - 390 minutes,both,,,,max,2092.17,,,12/31/2025,52-1532556_AdventistHealthCareShadyGroveMedicalCenter_StandardCharges.csv
"Adventist HealthCare, Inc. d.b.a. Adventist HealthCare Shady Grove Medical Center",52-1532556,36430,CPT,OBS Blood Transfusion Charges -> Blood Transfusion time 331 - 390 minutes,both,,All Payers,All Plans,negotiated,1901.97,,other,12/31/2025,52-1532556_AdventistHealthCareShadyGroveMedicalCenter_StandardCharges.csv
"Adventist HealthCare, Inc. d.b.a. Adventist HealthCare Shady Grove Medical Center",52-1532556,36430,CPT,OBS Blood Transfusion Charges -> Blood Transfusion time 271- 330 minutes,both,,,,gross,1637.81,,,12/31/2025,52-1532556_AdventistHealthCareShadyGroveMedicalCenter_StandardCharges.csv
"Adventist HealthCare, Inc. d.b.a. Adventist HealthCare Shady Grove Medical Center",52-1532556,36430,CPT,OBS Blood Transfusion Charges -> Blood Transfusion time 271- 330 minutes,both,,,,discounted_cash,1605.05,,,12/31/2025,52-1532556_AdventistHealthCareShadyGroveMedicalCenter_StandardCharges.csv
"Adventist HealthCare, Inc. d.b.a. Adventist HealthCare Shady Grove Medical Center",52-1532556,36430,CPT,OBS Blood Transfusion Charges -> Blood Transfusion time 271- 330 minutes,both,,,,min,1555.92,,,12/31/2025,52-1532556_AdventistHealthCareShadyGroveMedicalCenter_StandardCharges.csv
"Adventist HealthCare, Inc. d.b.a. Adventist HealthCare Shady Grove Medical Center",52-1532556,36430,CPT,OBS Blood Transfusion Charges -> Blood Transfusion time 271- 330 minutes,both,,,,max,1801.59,,,12/31/2025,52-1532556_AdventistHealthCareShadyGroveMedicalCenter_StandardCharges.csv
"Adventist HealthCare, Inc. d.b.a. Adventist HealthCare Shady Grove Medical Center",52-1532556,36430,CPT,OBS Blood Transfusion Charges -> Blood Transfusion time 271- 330 minutes,both,,All Payers,All Plans,negotiated,1637.81,,other,12/31/2025,52-1532556_AdventistHealthCareShadyGroveMedicalCenter_StandardCharges.csv
"Adventist HealthCare, Inc. d.b.a. Adventist HealthCare Shady Grove Medical Center",52-1532556,36430,CPT,OBS Blood Transfusion Charges -> Blood Transfusion time 211 - 270 minutes,both,,,,gross,1373.64,,,12/31/2025,52-1532556_AdventistHealthCareShadyGroveMedicalCenter_StandardCharges.csv
"Adventist HealthCare, Inc. d.b.a. Adventist HealthCare Shady Grove Medical Center",52-1532556,36430,CPT,OBS Blood Transfusion Charges -> Blood Transfusion time 211 - 270 minutes,both,,,,discounted_cash,1346.17,,,12/31/2025,52-1532556_AdventistHealthCareShadyGroveMedicalCenter_StandardCharges.csv
"Adventist HealthCare, Inc. d.b.a. Adventist HealthCare Shady Grove Medical Center",52-1532556,36430,CPT,OBS Blood Transfusion Charges -> Blood Transfusion time 211 - 270 minutes,both,,,,min,1304.96,,,12/31/2025,52-1532556_AdventistHealthCareShadyGroveMedicalCenter_StandardCharges.csv
"Adventist HealthCare, Inc. d.b.a. Adventist HealthCare Shady Grove Medical Center",52-1532556,36430,CPT,OBS Blood Transfusion Charges -> Blood Transfusion time 211 - 270 minutes,both,,,,max,1511.01,,,12/31/2025,52-1532556_AdventistHealthCareShadyGroveMedicalCenter_StandardCharges.csv
"Adventist HealthCare, Inc. d.b.a. Adventist HealthCare Shady Grove Medical Center",52-1532556,36430,CPT,OBS Blood Transfusion Charges -> Blood Transfusion time 211 - 270 minutes,both,,All Payers,All Plans,negotiated,1373.64,,other,12/31/2025,52-1532556_AdventistHealthCareShadyGroveMedicalCenter_StandardCharges.csv
"Adventist HealthCare, Inc. d.b.a. Adventist HealthCare Shady Grove Medical Center",52-1532556,36430,CPT,OBS Blood Transfusion Charges -> Blood Transfusion time 151 - 210 minutes,both,,,,gross,1109.48,,,12/31/2025,52-1532556_AdventistHealthCareShadyGroveMedicalCenter_StandardCharges.csv
"Adventist HealthCare, Inc. d.b.a. Adventist HealthCare Shady Grove Medical Center",52-1532556,36430,CPT,OBS Blood Transfusion Charges -> Blood Transfusion time 151 - 210 minutes,both,,,,discounted_cash,1087.29,,,12/31/2025,52-1532556_AdventistHealthCareShadyGroveMedicalCenter_StandardCharges.csv
"Adventist HealthCare, Inc. d.b.a. Adventist HealthCare Shady Grove Medical Center",52-1532556,36430,CPT,OBS Blood Transfusion Charges -> Blood Transfusion time 151 - 210 minutes,both,,,,min,1054.01,,,12/31/2025,52-1532556_AdventistHealthCareShadyGroveMedicalCenter_StandardCharges.csv
"Adventist HealthCare, Inc. d.b.a. Adventist HealthCare Shady Grove Medical Center",52-1532556,36430,CPT,OBS Blood Transfusion Charges -> Blood Transfusion time 151 - 210 minutes,both,,,,max,1220.43,,,12/31/2025,52-1532556_AdventistHealthCareShadyGroveMedicalCenter_StandardCharges.csv
"Adventist HealthCare, Inc. d.b.a. Adventist HealthCare Shady Grove Medical Center",52-1532556,36430,CPT,OBS Blood Transfusion Charges -> Blood Transfusion time 151 - 210 minutes,both,,All Payers,All Plans,negotiated,1109.48,,other,12/31/2025,52-1532556_AdventistHealthCareShadyGroveMedicalCenter_StandardCharges.csv
"Adventist HealthCare, Inc. d.b.a. Adventist HealthCare Shady Grove Medical Center",52-1532556,36430,CPT,OBS Blood Transfusion Charges -> Blood Transfusion time 0 - 90 minutes,both,,,,gross,581.16,,,12/31/2025,52-1532556_AdventistHealthCareShadyGroveMedicalCenter_StandardCharges.csv
"Adventist HealthCare, Inc. d.b.a. Adventist HealthCare Shady Grove Medical Center",52-1532556,36430,CPT,OBS Blood Transfusion Charges -> Blood Transfusion time 0 - 90 minutes,both,,,,discounted_cash,569.53,,,12/31/2025,52-1532556_AdventistHealthCareShadyGroveMedicalCenter_StandardCharges.csv
"Adventist HealthCare, Inc. d.b.a. Adventist HealthCare Shady Grove Medical Center",52-1532556,36430,CPT,OBS Blood Transfusion Charges -> Blood Transfusion time 0 - 90 minutes,both,,,,min,552.1,,,12/31/2025,52-1532556_AdventistHealthCareShadyGroveMedicalCenter_StandardCharges.csv
"Adventist HealthCare, Inc. d.b.a. Adventist HealthCare Shady Grove Medical Center",52-1532556,36430,CPT,OBS Blood Transfusion Charges -> Blood Transfusion time 0 - 90 minutes,both,,,,max,639.27,,,12/31/2025,52-1532556_AdventistHealthCareShadyGroveMedicalCenter_StandardCharges.csv
"Adventist HealthCare, Inc. d.b.a. Adventist HealthCare Shady Grove Medical Center",52-1532556,36430,CPT,OBS Blood Transfusion Charges -> Blood Transfusion time 0 - 90 minutes,both,,All Payers,All Plans,negotiated,581.16,,other,12/31/2025,52-1532556_AdventistHealthCareShadyGroveMedicalCenter_StandardCharges.csv
"Adventist HealthCare, Inc. d.b.a. Adventist HealthCare Shady Grove Medical Center",52-1532556,36430,CPT,OBS Blood Transfusion Charges -> Blood Transfusion time 451 - 510 minutes,both,,,,gross,2430.29,,,12/31/2025,52-1532556_AdventistHealthCareShadyGroveMedicalCenter_StandardCharges.csv
"Adventist HealthCare, Inc. d.b.a. Adventist HealthCare Shady Grove Medical Center",52-1532556,36430,CPT,OBS Blood Transfusion Charges -> Blood Transfusion time 451 - 510 minutes,both,,,,discounted_cash,2381.69,,,12/31/2025,52-1532556_AdventistHealthCareShadyGroveMedicalCenter_StandardCharges.csv
"Adventist HealthCare, Inc. d.b.a. Adventist HealthCare Shady Grove Medical Center",52-1532556,36430,CPT,OBS Blood Transfusion Charges -> Blood Transfusion time 451 - 510 minutes,both,,,,min,2308.78,,,12/31/2025,52-1532556_AdventistHealthCareShadyGroveMedicalCenter_StandardCharges.csv
"Adventist HealthCare, Inc. d.b.a. Adventist HealthCare Shady Grove Medical Center",52-1532556,36430,CPT,OBS Blood Transfusion Charges -> Blood Transfusion time 451 - 510 minutes,both,,,,max,2673.32,,,12/31/2025,52-1532556_AdventistHealthCareShadyGroveMedicalCenter_StandardCharges.csv
"Adventist HealthCare, Inc. d.b.a. Adventist HealthCare Shady Grove Medical Center",52-1532556,36430,CPT,OBS Blood Transfusion Charges -> Blood Transfusion time 451 - 510 minutes,both,,All Payers,All Plans,negotiated,2430.29,,other,12/31/2025,52-1532556_AdventistHealthCareShadyGroveMedicalCenter_StandardCharges.csv
"Adventist HealthCare, Inc. d.b.a. Adventist HealthCare Shady Grove Medical Center",52-1532556,96374,CPT,OBS IV Therapy Charges -> IVP Injection; Initial,both,,,,gross,528.32,,,12/31/2025,52-1532556_AdventistHealthCareShadyGroveMedicalCenter_StandardCharges.csv
"Adventist HealthCare, Inc. d.b.a. Adventist HealthCare Shady Grove Medical Center",52-1532556,96374,CPT,OBS IV Therapy Charges -> IVP Injection; Initial,both,,,,discounted_cash,517.76,,,12/31/2025,52-1532556_AdventistHealthCareShadyGroveMedicalCenter_StandardCharges.csv
"Adventist HealthCare, Inc. d.b.a. Adventist HealthCare Shady Grove Medical Center",52-1532556,96374,CPT,OBS IV Therapy Charges -> IVP Injection; Initial,both,,,,min,501.91,,,12/31/2025,52-1532556_AdventistHealthCareShadyGroveMedicalCenter_StandardCharges.csv
"Adventist HealthCare, Inc. d.b.a. Adventist HealthCare Shady Grove Medical Center",52-1532556,96374,CPT,OBS IV Therapy Charges -> IVP Injection; Initial,both,,,,max,581.16,,,12/31/2025,52-1532556_AdventistHealthCareShadyGroveMedicalCenter_StandardCharges.csv
"Adventist HealthCare, Inc. d.b.a. Adventist HealthCare Shady Grove Medical Center",52-1532556,96374,CPT,OBS IV Therapy Charges -> IVP Injection; Initial,both,,All Payers,All Plans,negotiated,528.32,,other,12/31/2025,52-1532556_AdventistHealthCareShadyGroveMedicalCenter_StandardCharges.csv
"Adventist HealthCare, Inc. d.b.a. Adventist HealthCare Shady Grove Medical Center",52-1532556,96367,CPT,OBS IV Therapy Charges -> IV Therapy Sequential up to 1 hr,both,,,,gross,369.83,,,12/31/2025,52-1532556_AdventistHealthCareShadyGroveMedicalCenter_StandardCharges.csv
"Adventist HealthCare, Inc. d.b.a. Adventist HealthCare Shady Grove Medical Center",52-1532556,96367,CPT,OBS IV Therapy Charges -> IV Therapy Sequential up to 1 hr,both,,,,discounted_cash,362.43,,,12/31/2025,52-1532556_AdventistHealthCareShadyGroveMedicalCenter_StandardCharges.csv
"Adventist HealthCare, Inc. d.b.a. Adventist HealthCare Shady Grove Medical Center",52-1532556,96367,CPT,OBS IV Therapy Charges -> IV Therapy Sequential up to 1 hr,both,,,,min,351.34,,,12/31/2025,52-1532556_AdventistHealthCareShadyGroveMedicalCenter_StandardCharges.csv
"Adventist HealthCare, Inc. d.b.a. Adventist HealthCare Shady Grove Medical Center",52-1532556,96367,CPT,OBS IV Therapy Charges -> IV Therapy Sequential up to 1 hr,both,,,,max,406.81,,,12/31/2025,52-1532556_AdventistHealthCareShadyGroveMedicalCenter_StandardCharges.csv
"Adventist HealthCare, Inc. d.b.a. Adventist HealthCare Shady Grove Medical Center",52-1532556,96367,CPT,OBS IV Therapy Charges -> IV Therapy Sequential up to 1 hr,both,,All Payers,All Plans,negotiated,369.83,,other,12/31/2025,52-1532556_AdventistHealthCareShadyGroveMedicalCenter_StandardCharges.csv
"Adventist HealthCare, Inc. d.b.a. Adventist HealthCare Shady Grove Medical Center",52-1532556,96368,CPT,OBS IV Therapy Charges -> IV Therapy Concurrent,both,,,,gross,211.33,,,12/31/2025,52-1532556_AdventistHealthCareShadyGroveMedicalCenter_StandardCharges.csv
"Adventist HealthCare, Inc. d.b.a. Adventist HealthCare Shady Grove Medical Center",52-1532556,96368,CPT,OBS IV Therapy Charges -> IV Therapy Concurrent,both,,,,discounted_cash,207.1,,,12/31/2025,52-1532556_AdventistHealthCareShadyGroveMedicalCenter_StandardCharges.csv
"Adventist HealthCare, Inc. d.b.a. Adventist HealthCare Shady Grove Medical Center",52-1532556,96368,CPT,OBS IV Therapy Charges -> IV Therapy Concurrent,both,,,,min,200.76,,,12/31/2025,52-1532556_AdventistHealthCareShadyGroveMedicalCenter_StandardCharges.csv
"Adventist HealthCare, Inc. d.b.a. Adventist HealthCare Shady Grove Medical Center",52-1532556,96368,CPT,OBS IV Therapy Charges -> IV Therapy Concurrent,both,,,,max,232.46,,,12/31/2025,52-1532556_AdventistHealthCareShadyGroveMedicalCenter_StandardCharges.csv
"Adventist HealthCare, Inc. d.b.a. Adventist HealthCare Shady Grove Medical Center",52-1532556,96368,CPT,OBS IV Therapy Charges -> IV Therapy Concurrent,both,,All Payers,All Plans,negotiated,211.33,,other,12/31/2025,52-1532556_AdventistHealthCareShadyGroveMedicalCenter_StandardCharges.csv
"Adventist HealthCare, Inc. d.b.a. Adventist HealthCare Shady Grove Medical Center",52-1532556,96366,CPT,OBS IV Therapy ea add'l hr,both,,,,gross,211.33,,,12/31/2025,52-1532556_AdventistHealthCareShadyGroveMedicalCenter_StandardCharges.csv
"Adventist HealthCare, Inc. d.b.a. Adventist HealthCare Shady Grove Medical Center",52-1532556,96366,CPT,OBS IV Therapy ea add'l hr,both,,,,discounted_cash,207.1,,,12/31/2025,52-1532556_AdventistHealthCareShadyGroveMedicalCenter_StandardCharges.csv
"Adventist HealthCare, Inc. d.b.a. Adventist HealthCare Shady Grove Medical Center",52-1532556,96366,CPT,OBS IV Therapy ea add'l hr,both,,,,min,200.76,,,12/31/2025,52-1532556_AdventistHealthCareShadyGroveMedicalCenter_StandardCharges.csv
"Adventist HealthCare, Inc. d.b.a. Adventist HealthCare Shady Grove Medical Center",52-1532556,96366,CPT,OBS IV Therapy ea add'l hr,both,,,,max,232.46,,,12/31/2025,52-1532556_AdventistHealthCareShadyGroveMedicalCenter_StandardCharges.csv
"Adventist HealthCare, Inc. d.b.a. Adventist HealthCare Shady Grove Medical Center",52-1532556,96366,CPT,OBS IV Therapy ea add'l hr,both,,All Payers,All Plans,negotiated,211.33,,other,12/31/2025,52-1532556_AdventistHealthCareShadyGroveMedicalCenter_StandardCharges.csv
"Adventist HealthCare, Inc. d.b.a. Adventist HealthCare Shady Grove Medical Center",52-1532556,96365,CPT,OBS Initial IV Charges -> IV Infusion; Initial up to 1 hr,both,,,,gross,950.98,,,12/31/2025,52-1532556_AdventistHealthCareShadyGroveMedicalCenter_StandardCharges.csv
"Adventist HealthCare, Inc. d.b.a. Adventist HealthCare Shady Grove Medical Center",52-1532556,96365,CPT,OBS Initial IV Charges -> IV Infusion; Initial up to 1 hr,both,,,,discounted_cash,931.96,,,12/31/2025,52-1532556_AdventistHealthCareShadyGroveMedicalCenter_StandardCharges.csv
"Adventist HealthCare, Inc. d.b.a. Adventist HealthCare Shady Grove Medical Center",52-1532556,96365,CPT,OBS Initial IV Charges -> IV Infusion; Initial up to 1 hr,both,,,,min,903.44,,,12/31/2025,52-1532556_AdventistHealthCareShadyGroveMedicalCenter_StandardCharges.csv
"Adventist HealthCare, Inc. d.b.a. Adventist HealthCare Shady Grove Medical Center",52-1532556,96365,CPT,OBS Initial IV Charges -> IV Infusion; Initial up to 1 hr,both,,,,max,1046.08,,,12/31/2025,52-1532556_AdventistHealthCareShadyGroveMedicalCenter_StandardCharges.csv
"Adventist HealthCare, Inc. d.b.a. Adventist HealthCare Shady Grove Medical Center",52-1532556,96365,CPT,OBS Initial IV Charges -> IV Infusion; Initial up to 1 hr,both,,All Payers,All Plans,negotiated,950.98,,other,12/31/2025,52-1532556_AdventistHealthCareShadyGroveMedicalCenter_StandardCharges.csv
"Adventist HealthCare, Inc. d.b.a. Adventist HealthCare Shady Grove Medical Center",52-1532556,96360,CPT,OBS Initial IV Charges -> IV Hydration; Initial up to 1 hr,both,,,,gross,422.66,,,12/31/2025,52-1532556_AdventistHealthCareShadyGroveMedicalCenter_StandardCharges.csv
"Adventist HealthCare, Inc. d.b.a. Adventist HealthCare Shady Grove Medical Center",52-1532556,96360,CPT,OBS Initial IV Charges -> IV Hydration; Initial up to 1 hr,both,,,,discounted_cash,414.21,,,12/31/2025,52-1532556_AdventistHealthCareShadyGroveMedicalCenter_StandardCharges.csv
"Adventist HealthCare, Inc. d.b.a. Adventist HealthCare Shady Grove Medical Center",52-1532556,96360,CPT,OBS Initial IV Charges -> IV Hydration; Initial up to 1 hr,both,,,,min,401.53,,,12/31/2025,52-1532556_AdventistHealthCareShadyGroveMedicalCenter_StandardCharges.csv
"Adventist HealthCare, Inc. d.b.a. Adventist HealthCare Shady Grove Medical Center",52-1532556,96360,CPT,OBS Initial IV Charges -> IV Hydration; Initial up to 1 hr,both,,,,max,464.93,,,12/31/2025,52-1532556_AdventistHealthCareShadyGroveMedicalCenter_StandardCharges.csv
"Adventist HealthCare, Inc. d.b.a. Adventist HealthCare Shady Grove Medical Center",52-1532556,96360,CPT,OBS Initial IV Charges -> IV Hydration; Initial up to 1 hr,both,,All Payers,All Plans,negotiated,422.66,,other,12/31/2025,52-1532556_AdventistHealthCareShadyGroveMedicalCenter_StandardCharges.csv
"Adventist HealthCare, Inc. d.b.a. Adventist HealthCare Shady Grove Medical Center",52-1532556,96372,CPT,OBS Injection Therapeutic IM/SQ,both,,,,gross,105.66,,,12/31/2025,52-1532556_AdventistHealthCareShadyGroveMedicalCenter_StandardCharges.csv
"Adventist HealthCare, Inc. d.b.a. Adventist HealthCare Shady Grove Medical Center",52-1532556,96372,CPT,OBS Injection Therapeutic IM/SQ,both,,,,discounted_cash,103.55,,,12/31/2025,52-1532556_AdventistHealthCareShadyGroveMedicalCenter_StandardCharges.csv
"Adventist HealthCare, Inc. d.b.a. Adventist HealthCare Shady Grove Medical Center",52-1532556,96372,CPT,OBS Injection Therapeutic IM/SQ,both,,,,min,100.38,,,12/31/2025,52-1532556_AdventistHealthCareShadyGroveMedicalCenter_StandardCharges.csv
"Adventist HealthCare, Inc. d.b.a. Adventist HealthCare Shady Grove Medical Center",52-1532556,96372,CPT,OBS Injection Therapeutic IM/SQ,both,,,,max,116.23,,,12/31/2025,52-1532556_AdventistHealthCareShadyGroveMedicalCenter_StandardCharges.csv
"Adventist HealthCare, Inc. d.b.a. Adventist HealthCare Shady Grove Medical Center",52-1532556,96372,CPT,OBS Injection Therapeutic IM/SQ,both,,All Payers,All Plans,negotiated,105.66,,other,12/31/2025,52-1532556_AdventistHealthCareShadyGroveMedicalCenter_StandardCharges.csv
"Adventist HealthCare, Inc. d.b.a. Adventist HealthCare Shady Grove Medical Center",52-1532556,36430,CPT,Blood Transfusion Hourly Charges -> Total Infusion up to 1 hr 30 mins,both,,,,gross,581.16,,,12/31/2025,52-1532556_AdventistHealthCareShadyGroveMedicalCenter_StandardCharges.csv
"Adventist HealthCare, Inc. d.b.a. Adventist HealthCare Shady Grove Medical Center",52-1532556,36430,CPT,Blood Transfusion Hourly Charges -> Total Infusion up to 1 hr 30 mins,both,,,,discounted_cash,569.53,,,12/31/2025,52-1532556_AdventistHealthCareShadyGroveMedicalCenter_StandardCharges.csv
"Adventist HealthCare, Inc. d.b.a. Adventist HealthCare Shady Grove Medical Center",52-1532556,36430,CPT,Blood Transfusion Hourly Charges -> Total Infusion up to 1 hr 30 mins,both,,,,min,552.1,,,12/31/2025,52-1532556_AdventistHealthCareShadyGroveMedicalCenter_StandardCharges.csv
"Adventist HealthCare, Inc. d.b.a. Adventist HealthCare Shady Grove Medical Center",52-1532556,36430,CPT,Blood Transfusion Hourly Charges -> Total Infusion up to 1 hr 30 mins,both,,,,max,639.27,,,12/31/2025,52-1532556_AdventistHealthCareShadyGroveMedicalCenter_StandardCharges.csv
"Adventist HealthCare, Inc. d.b.a. Adventist HealthCare Shady Grove Medical Center",52-1532556,36430,CPT,Blood Transfusion Hourly Charges -> Total Infusion up to 1 hr 30 mins,both,,All Payers,All Plans,negotiated,581.16,,other,12/31/2025,52-1532556_AdventistHealthCareShadyGroveMedicalCenter_StandardCharges.csv
"Adventist HealthCare, Inc. d.b.a. Adventist HealthCare Shady Grove Medical Center",52-1532556,36430,CPT,Blood Transfusion Hourly Charges -> Total Infusion up to 8 hr 30 mins,both,,,,gross,2430.29,,,12/31/2025,52-1532556_AdventistHealthCareShadyGroveMedicalCenter_StandardCharges.csv
"Adventist HealthCare, Inc. d.b.a. Adventist HealthCare Shady Grove Medical Center",52-1532556,36430,CPT,Blood Transfusion Hourly Charges -> Total Infusion up to 8 hr 30 mins,both,,,,discounted_cash,2381.69,,,12/31/2025,52-1532556_AdventistHealthCareShadyGroveMedicalCenter_StandardCharges.csv
"Adventist HealthCare, Inc. d.b.a. Adventist HealthCare Shady Grove Medical Center",52-1532556,36430,CPT,Blood Transfusion Hourly Charges -> Total Infusion up to 8 hr 30 mins,both,,,,min,2308.78,,,12/31/2025,52-1532556_AdventistHealthCareShadyGroveMedicalCenter_StandardCharges.csv
"Adventist HealthCare, Inc. d.b.a. Adventist HealthCare Shady Grove Medical Center",52-1532556,36430,CPT,Blood Transfusion Hourly Charges -> Total Infusion up to 8 hr 30 mins,both,,,,max,2673.32,,,12/31/2025,52-1532556_AdventistHealthCareShadyGroveMedicalCenter_StandardCharges.csv
"Adventist HealthCare, Inc. d.b.a. Adventist HealthCare Shady Grove Medical Center",52-1532556,36430,CPT,Blood Transfusion Hourly Charges -> Total Infusion up to 8 hr 30 mins,both,,All Payers,All Plans,negotiated,2430.29,,other,12/31/2025,52-1532556_AdventistHealthCareShadyGroveMedicalCenter_StandardCharges.csv
"Adventist HealthCare, Inc. d.b.a. Adventist HealthCare Shady Grove Medical Center",52-1532556,36430,CPT,Blood Transfusion Hourly Charges -> Total Infusion up to 7 hr 30 mins,both,,,,gross,2166.13,,,12/31/2025,52-1532556_AdventistHealthCareShadyGroveMedicalCenter_StandardCharges.csv
"Adventist HealthCare, Inc. d.b.a. Adventist HealthCare Shady Grove Medical Center",52-1532556,36430,CPT,Blood Transfusion Hourly Charges -> Total Infusion up to 7 hr 30 mins,both,,,,discounted_cash,2122.81,,,12/31/2025,52-1532556_AdventistHealthCareShadyGroveMedicalCenter_StandardCharges.csv
"Adventist HealthCare, Inc. d.b.a. Adventist HealthCare Shady Grove Medical Center",52-1532556,36430,CPT,Blood Transfusion Hourly Charges -> Total Infusion up to 7 hr 30 mins,both,,,,min,2057.82,,,12/31/2025,52-1532556_AdventistHealthCareShadyGroveMedicalCenter_StandardCharges.csv
"Adventist HealthCare, Inc. d.b.a. Adventist HealthCare Shady Grove Medical Center",52-1532556,36430,CPT,Blood Transfusion Hourly Charges -> Total Infusion up to 7 hr 30 mins,both,,,,max,2382.74,,,12/31/2025,52-1532556_AdventistHealthCareShadyGroveMedicalCenter_StandardCharges.csv
"Adventist HealthCare, Inc. d.b.a. Adventist HealthCare Shady Grove Medical Center",52-1532556,36430,CPT,Blood Transfusion Hourly Charges -> Total Infusion up to 7 hr 30 mins,both,,All Payers,All Plans,negotiated,2166.13,,other,12/31/2025,52-1532556_AdventistHealthCareShadyGroveMedicalCenter_StandardCharges.csv
"Adventist HealthCare, Inc. d.b.a. Adventist HealthCare Shady Grove Medical Center",52-1532556,36430,CPT,Blood Transfusion Hourly Charges -> Total Infusion up to 6 hr 30 mins,both,,,,gross,1901.97,,,12/31/2025,52-1532556_AdventistHealthCareShadyGroveMedicalCenter_StandardCharges.csv
"Adventist HealthCare, Inc. d.b.a. Adventist HealthCare Shady Grove Medical Center",52-1532556,36430,CPT,Blood Transfusion Hourly Charges -> Total Infusion up to 6 hr 30 mins,both,,,,discounted_cash,1863.93,,,12/31/2025,52-1532556_AdventistHealthCareShadyGroveMedicalCenter_StandardCharges.csv
"Adventist HealthCare, Inc. d.b.a. Adventist HealthCare Shady Grove Medical Center",52-1532556,36430,CPT,Blood Transfusion Hourly Charges -> Total Infusion up to 6 hr 30 mins,both,,,,min,1806.87,,,12/31/2025,52-1532556_AdventistHealthCareShadyGroveMedicalCenter_StandardCharges.csv
"Adventist HealthCare, Inc. d.b.a. Adventist HealthCare Shady Grove Medical Center",52-1532556,36430,CPT,Blood Transfusion Hourly Charges -> Total Infusion up to 6 hr 30 mins,both,,,,max,2092.17,,,12/31/2025,52-1532556_AdventistHealthCareShadyGroveMedicalCenter_StandardCharges.csv
"Adventist HealthCare, Inc. d.b.a. Adventist HealthCare Shady Grove Medical Center",52-1532556,36430,CPT,Blood Transfusion Hourly Charges -> Total Infusion up to 6 hr 30 mins,both,,All Payers,All Plans,negotiated,1901.97,,other,12/31/2025,52-1532556_AdventistHealthCareShadyGroveMedicalCenter_StandardCharges.csv
"Adventist HealthCare, Inc. d.b.a. Adventist HealthCare Shady Grove Medical Center",52-1532556,36430,CPT,Blood Transfusion Hourly Charges -> Total Infusion up to 5 hr 30 mins,both,,,,gross,1637.81,,,12/31/2025,52-1532556_AdventistHealthCareShadyGroveMedicalCenter_StandardCharges.csv
"Adventist HealthCare, Inc. d.b.a. Adventist HealthCare Shady Grove Medical Center",52-1532556,36430,CPT,Blood Transfusion Hourly Charges -> Total Infusion up to 5 hr 30 mins,both,,,,discounted_cash,1605.05,,,12/31/2025,52-1532556_AdventistHealthCareShadyGroveMedicalCenter_StandardCharges.csv
"Adventist HealthCare, Inc. d.b.a. Adventist HealthCare Shady Grove Medical Center",52-1532556,36430,CPT,Blood Transfusion Hourly Charges -> Total Infusion up to 5 hr 30 mins,both,,,,min,1555.92,,,12/31/2025,52-1532556_AdventistHealthCareShadyGroveMedicalCenter_StandardCharges.csv
"Adventist HealthCare, Inc. d.b.a. Adventist HealthCare Shady Grove Medical Center",52-1532556,36430,CPT,Blood Transfusion Hourly Charges -> Total Infusion up to 5 hr 30 mins,both,,,,max,1801.59,,,12/31/2025,52-1532556_AdventistHealthCareShadyGroveMedicalCenter_StandardCharges.csv
"Adventist HealthCare, Inc. d.b.a. Adventist HealthCare Shady Grove Medical Center",52-1532556,36430,CPT,Blood Transfusion Hourly Charges -> Total Infusion up to 5 hr 30 mins,both,,All Payers,All Plans,negotiated,1637.81,,other,12/31/2025,52-1532556_AdventistHealthCareShadyGroveMedicalCenter_StandardCharges.csv
"Adventist HealthCare, Inc. d.b.a. Adventist HealthCare Shady Grove Medical Center",52-1532556,36430,CPT,Blood Transfusion Hourly Charges -> Total Infusion up to 4 hr 30 mins,both,,,,gross,1373.64,,,12/31/2025,52-1532556_AdventistHealthCareShadyGroveMedicalCenter_StandardCharges.csv
"Adventist HealthCare, Inc. d.b.a. Adventist HealthCare Shady Grove Medical Center",52-1532556,36430,CPT,Blood Transfusion Hourly Charges -> Total Infusion up to 4 hr 30 mins,both,,,,discounted_cash,1346.17,,,12/31/2025,52-1532556_AdventistHealthCareShadyGroveMedicalCenter_StandardCharges.csv
"Adventist HealthCare, Inc. d.b.a. Adventist HealthCare Shady Grove Medical Center",52-1532556,36430,CPT,Blood Transfusion Hourly Charges -> Total Infusion up to 4 hr 30 mins,both,,,,min,1304.96,,,12/31/2025,52-1532556_AdventistHealthCareShadyGroveMedicalCenter_StandardCharges.csv
"Adventist HealthCare, Inc. d.b.a. Adventist HealthCare Shady Grove Medical Center",52-1532556,36430,CPT,Blood Transfusion Hourly Charges -> Total Infusion up to 4 hr 30 mins,both,,,,max,1511.01,,,12/31/2025,52-1532556_AdventistHealthCareShadyGroveMedicalCenter_StandardCharges.csv
"Adventist HealthCare, Inc. d.b.a. Adventist HealthCare Shady Grove Medical Center",52-1532556,36430,CPT,Blood Transfusion Hourly Charges -> Total Infusion up to 4 hr 30 mins,both,,All Payers,All Plans,negotiated,1373.64,,other,12/31/2025,52-1532556_AdventistHealthCareShadyGroveMedicalCenter_StandardCharges.csv
"Adventist HealthCare, Inc. d.b.a. Adventist HealthCare Shady Grove Medical Center",52-1532556,36430,CPT,Blood Transfusion Hourly Charges -> Total Infusion up to 3 hr 30 mins,both,,,,gross,1109.48,,,12/31/2025,52-1532556_AdventistHealthCareShadyGroveMedicalCenter_StandardCharges.csv
"Adventist HealthCare, Inc. d.b.a. Adventist HealthCare Shady Grove Medical Center",52-1532556,36430,CPT,Blood Transfusion Hourly Charges -> Total Infusion up to 3 hr 30 mins,both,,,,discounted_cash,1087.29,,,12/31/2025,52-1532556_AdventistHealthCareShadyGroveMedicalCenter_StandardCharges.csv
"Adventist HealthCare, Inc. d.b.a. Adventist HealthCare Shady Grove Medical Center",52-1532556,36430,CPT,Blood Transfusion Hourly Charges -> Total Infusion up to 3 hr 30 mins,both,,,,min,1054.01,,,12/31/2025,52-1532556_AdventistHealthCareShadyGroveMedicalCenter_StandardCharges.csv
"Adventist HealthCare, Inc. d.b.a. Adventist HealthCare Shady Grove Medical Center",52-1532556,36430,CPT,Blood Transfusion Hourly Charges -> Total Infusion up to 3 hr 30 mins,both,,,,max,1220.43,,,12/31/2025,52-1532556_AdventistHealthCareShadyGroveMedicalCenter_StandardCharges.csv
"Adventist HealthCare, Inc. d.b.a. Adventist HealthCare Shady Grove Medical Center",52-1532556,36430,CPT,Blood Transfusion Hourly Charges -> Total Infusion up to 3 hr 30 mins,both,,All Payers,All Plans,negotiated,1109.48,,other,12/31/2025,52-1532556_AdventistHealthCareShadyGroveMedicalCenter_StandardCharges.csv
"Adventist HealthCare, Inc. d.b.a. Adventist HealthCare Shady Grove Medical Center",52-1532556,36430,CPT,Blood Transfusion Hourly Charges -> Total Infusion up to 2 hr 30 mins,both,,,,gross,845.32,,,12/31/2025,52-1532556_AdventistHealthCareShadyGroveMedicalCenter_StandardCharges.csv
"Adventist HealthCare, Inc. d.b.a. Adventist HealthCare Shady Grove Medical Center",52-1532556,36430,CPT,Blood Transfusion Hourly Charges -> Total Infusion up to 2 hr 30 mins,both,,,,discounted_cash,828.41,,,12/31/2025,52-1532556_AdventistHealthCareShadyGroveMedicalCenter_StandardCharges.csv
"Adventist HealthCare, Inc. d.b.a. Adventist HealthCare Shady Grove Medical Center",52-1532556,36430,CPT,Blood Transfusion Hourly Charges -> Total Infusion up to 2 hr 30 mins,both,,,,min,803.05,,,12/31/2025,52-1532556_AdventistHealthCareShadyGroveMedicalCenter_StandardCharges.csv
"Adventist HealthCare, Inc. d.b.a. Adventist HealthCare Shady Grove Medical Center",52-1532556,36430,CPT,Blood Transfusion Hourly Charges -> Total Infusion up to 2 hr 30 mins,both,,,,max,929.85,,,12/31/2025,52-1532556_AdventistHealthCareShadyGroveMedicalCenter_StandardCharges.csv
"Adventist HealthCare, Inc. d.b.a. Adventist HealthCare Shady Grove Medical Center",52-1532556,36430,CPT,Blood Transfusion Hourly Charges -> Total Infusion up to 2 hr 30 mins,both,,All Payers,All Plans,negotiated,845.32,,other,12/31/2025,52-1532556_AdventistHealthCareShadyGroveMedicalCenter_StandardCharges.csv
"Adventist HealthCare, Inc. d.b.a. Adventist HealthCare Shady Grove Medical Center",52-1532556,90847,CPT,Family Therapy with Patient (BCE),both,,,,gross,211.33,,,12/31/2025,52-1532556_AdventistHealthCareShadyGroveMedicalCenter_StandardCharges.csv
"Adventist HealthCare, Inc. d.b.a. Adventist HealthCare Shady Grove Medical Center",52-1532556,90847,CPT,Family Therapy with Patient (BCE),both,,,,discounted_cash,207.1,,,12/31/2025,52-1532556_AdventistHealthCareShadyGroveMedicalCenter_StandardCharges.csv
"Adventist HealthCare, Inc. d.b.a. Adventist HealthCare Shady Grove Medical Center",52-1532556,90847,CPT,Family Therapy with Patient (BCE),both,,,,min,200.76,,,12/31/2025,52-1532556_AdventistHealthCareShadyGroveMedicalCenter_StandardCharges.csv
"Adventist HealthCare, Inc. d.b.a. Adventist HealthCare Shady Grove Medical Center",52-1532556,90847,CPT,Family Therapy with Patient (BCE),both,,,,max,232.46,,,12/31/2025,52-1532556_AdventistHealthCareShadyGroveMedicalCenter_StandardCharges.csv
"Adventist HealthCare, Inc. d.b.a. Adventist HealthCare Shady Grove Medical Center",52-1532556,90847,CPT,Family Therapy with Patient (BCE),both,,All Payers,All Plans,negotiated,211.33,,other,12/31/2025,52-1532556_AdventistHealthCareShadyGroveMedicalCenter_StandardCharges.csv
"Adventist HealthCare, Inc. d.b.a. Adventist HealthCare Shady Grove Medical Center",52-1532556,36430,CPT,Total Infusion up to 1 hr 30 mins BCE,both,,,,gross,581.16,,,12/31/2025,52-1532556_AdventistHealthCareShadyGroveMedicalCenter_StandardCharges.csv
"Adventist HealthCare, Inc. d.b.a. Adventist HealthCare Shady Grove Medical Center",52-1532556,36430,CPT,Total Infusion up to 1 hr 30 mins BCE,both,,,,discounted_cash,569.53,,,12/31/2025,52-1532556_AdventistHealthCareShadyGroveMedicalCenter_StandardCharges.csv
"Adventist HealthCare, Inc. d.b.a. Adventist HealthCare Shady Grove Medical Center",52-1532556,36430,CPT,Total Infusion up to 1 hr 30 mins BCE,both,,,,min,552.1,,,12/31/2025,52-1532556_AdventistHealthCareShadyGroveMedicalCenter_StandardCharges.csv
"Adventist HealthCare, Inc. d.b.a. Adventist HealthCare Shady Grove Medical Center",52-1532556,36430,CPT,Total Infusion up to 1 hr 30 mins BCE,both,,,,max,639.27,,,12/31/2025,52-1532556_AdventistHealthCareShadyGroveMedicalCenter_StandardCharges.csv
"Adventist HealthCare, Inc. d.b.a. Adventist HealthCare Shady Grove Medical Center",52-1532556,36430,CPT,Total Infusion up to 1 hr 30 mins BCE,both,,All Payers,All Plans,negotiated,581.16,,other,12/31/2025,52-1532556_AdventistHealthCareShadyGroveMedicalCenter_StandardCharges.csv
"Adventist HealthCare, Inc. d.b.a. Adventist HealthCare Shady Grove Medical Center",52-1532556,36430,CPT,Total Infusion up to 2 hr 30 mins BCE,both,,,,gross,845.32,,,12/31/2025,52-1532556_AdventistHealthCareShadyGroveMedicalCenter_StandardCharges.csv
"Adventist HealthCare, Inc. d.b.a. Adventist HealthCare Shady Grove Medical Center",52-1532556,36430,CPT,Total Infusion up to 2 hr 30 mins BCE,both,,,,discounted_cash,828.41,,,12/31/2025,52-1532556_AdventistHealthCareShadyGroveMedicalCenter_StandardCharges.csv
"Adventist HealthCare, Inc. d.b.a. Adventist HealthCare Shady Grove Medical Center",52-1532556,36430,CPT,Total Infusion up to 2 hr 30 mins BCE,both,,,,min,803.05,,,12/31/2025,52-1532556_AdventistHealthCareShadyGroveMedicalCenter_StandardCharges.csv
"Adventist HealthCare, Inc. d.b.a. Adventist HealthCare Shady Grove Medical Center",52-1532556,36430,CPT,Total Infusion up to 2 hr 30 mins BCE,both,,,,max,929.85,,,12/31/2025,52-1532556_AdventistHealthCareShadyGroveMedicalCenter_StandardCharges.csv
"Adventist HealthCare, Inc. d.b.a. Adventist HealthCare Shady Grove Medical Center",52-1532556,36430,CPT,Total Infusion up to 2 hr 30 mins BCE,both,,All Payers,All Plans,negotiated,845.32,,other,12/31/2025,52-1532556_AdventistHealthCareShadyGroveMedicalCenter_StandardCharges.csv
"Adventist HealthCare, Inc. d.b.a. Adventist HealthCare Shady Grove Medical Center",52-1532556,36430,CPT,Total Infusion up to 3 hr 30 mins BCE,both,,,,gross,1109.48,,,12/31/2025,52-1532556_AdventistHealthCareShadyGroveMedicalCenter_StandardCharges.csv
"Adventist HealthCare, Inc. d.b.a. Adventist HealthCare Shady Grove Medical Center",52-1532556,36430,CPT,Total Infusion up to 3 hr 30 mins BCE,both,,,,discounted_cash,1087.29,,,12/31/2025,52-1532556_AdventistHealthCareShadyGroveMedicalCenter_StandardCharges.csv
"Adventist HealthCare, Inc. d.b.a. Adventist HealthCare Shady Grove Medical Center",52-1532556,36430,CPT,Total Infusion up to 3 hr 30 mins BCE,both,,,,min,1054.01,,,12/31/2025,52-1532556_AdventistHealthCareShadyGroveMedicalCenter_StandardCharges.csv
"Adventist HealthCare, Inc. d.b.a. Adventist HealthCare Shady Grove Medical Center",52-1532556,36430,CPT,Total Infusion up to 3 hr 30 mins BCE,both,,,,max,1220.43,,,12/31/2025,52-1532556_AdventistHealthCareShadyGroveMedicalCenter_StandardCharges.csv
"Adventist HealthCare, Inc. d.b.a. Adventist HealthCare Shady Grove Medical Center",52-1532556,36430,CPT,Total Infusion up to 3 hr 30 mins BCE,both,,All Payers,All Plans,negotiated,1109.48,,other,12/31/2025,52-1532556_AdventistHealthCareShadyGroveMedicalCenter_StandardCharges.csv
"Adventist HealthCare, Inc. d.b.a. Adventist HealthCare Shady Grove Medical Center",52-1532556,36430,CPT,Total Infusion up to 4 hr 30 mins BCE,both,,,,gross,1373.64,,,12/31/2025,52-1532556_AdventistHealthCareShadyGroveMedicalCenter_StandardCharges.csv
"Adventist HealthCare, Inc. d.b.a. Adventist HealthCare Shady Grove Medical Center",52-1532556,36430,CPT,Total Infusion up to 4 hr 30 mins BCE,both,,,,discounted_cash,1346.17,,,12/31/2025,52-1532556_AdventistHealthCareShadyGroveMedicalCenter_StandardCharges.csv
"Adventist HealthCare, Inc. d.b.a. Adventist HealthCare Shady Grove Medical Center",52-1532556,36430,CPT,Total Infusion up to 4 hr 30 mins BCE,both,,,,min,1304.96,,,12/31/2025,52-1532556_AdventistHealthCareShadyGroveMedicalCenter_StandardCharges.csv
"Adventist HealthCare, Inc. d.b.a. Adventist HealthCare Shady Grove Medical Center",52-1532556,36430,CPT,Total Infusion up to 4 hr 30 mins BCE,both,,,,max,1511.01,,,12/31/2025,52-1532556_AdventistHealthCareShadyGroveMedicalCenter_StandardCharges.csv
"Adventist HealthCare, Inc. d.b.a. Adventist HealthCare Shady Grove Medical Center",52-1532556,36430,CPT,Total Infusion up to 4 hr 30 mins BCE,both,,All Payers,All Plans,negotiated,1373.64,,other,12/31/2025,52-1532556_AdventistHealthCareShadyGroveMedicalCenter_StandardCharges.csv
"Adventist HealthCare, Inc. d.b.a. Adventist HealthCare Shady Grove Medical Center",52-1532556,36430,CPT,Total Infusion up to 6 hr 30 mins BCE,both,,,,gross,1901.97,,,12/31/2025,52-1532556_AdventistHealthCareShadyGroveMedicalCenter_StandardCharges.csv
"Adventist HealthCare, Inc. d.b.a. Adventist HealthCare Shady Grove Medical Center",52-1532556,36430,CPT,Total Infusion up to 6 hr 30 mins BCE,both,,,,discounted_cash,1863.93,,,12/31/2025,52-1532556_AdventistHealthCareShadyGroveMedicalCenter_StandardCharges.csv
"Adventist HealthCare, Inc. d.b.a. Adventist HealthCare Shady Grove Medical Center",52-1532556,36430,CPT,Total Infusion up to 6 hr 30 mins BCE,both,,,,min,1806.87,,,12/31/2025,52-1532556_AdventistHealthCareShadyGroveMedicalCenter_StandardCharges.csv
"Adventist HealthCare, Inc. d.b.a. Adventist HealthCare Shady Grove Medical Center",52-1532556,36430,CPT,Total Infusion up to 6 hr 30 mins BCE,both,,,,max,2092.17,,,12/31/2025,52-1532556_AdventistHealthCareShadyGroveMedicalCenter_StandardCharges.csv
"Adventist HealthCare, Inc. d.b.a. Adventist HealthCare Shady Grove Medical Center",52-1532556,36430,CPT,Total Infusion up to 6 hr 30 mins BCE,both,,All Payers,All Plans,negotiated,1901.97,,other,12/31/2025,52-1532556_AdventistHealthCareShadyGroveMedicalCenter_StandardCharges.csv
"Adventist HealthCare, Inc. d.b.a. Adventist HealthCare Shady Grove Medical Center",52-1532556,36430,CPT,Total Infusion up to 5 hr 30 mins BCE,both,,,,gross,1637.81,,,12/31/2025,52-1532556_AdventistHealthCareShadyGroveMedicalCenter_StandardCharges.csv
"Adventist HealthCare, Inc. d.b.a. Adventist HealthCare Shady Grove Medical Center",52-1532556,36430,CPT,Total Infusion up to 5 hr 30 mins BCE,both,,,,discounted_cash,1605.05,,,12/31/2025,52-1532556_AdventistHealthCareShadyGroveMedicalCenter_StandardCharges.csv
"Adventist HealthCare, Inc. d.b.a. Adventist HealthCare Shady Grove Medical Center",52-1532556,36430,CPT,Total Infusion up to 5 hr 30 mins BCE,both,,,,min,1555.92,,,12/31/2025,52-1532556_AdventistHealthCareShadyGroveMedicalCenter_StandardCharges.csv
"Adventist HealthCare, Inc. d.b.a. Adventist HealthCare Shady Grove Medical Center",52-1532556,36430,CPT,Total Infusion up to 5 hr 30 mins BCE,both,,,,max,1801.59,,,12/31/2025,52-1532556_AdventistHealthCareShadyGroveMedicalCenter_StandardCharges.csv
"Adventist HealthCare, Inc. d.b.a. Adventist HealthCare Shady Grove Medical Center",52-1532556,36430,CPT,Total Infusion up to 5 hr 30 mins BCE,both,,All Payers,All Plans,negotiated,1637.81,,other,12/31/2025,52-1532556_AdventistHealthCareShadyGroveMedicalCenter_StandardCharges.csv
"Adventist HealthCare, Inc. d.b.a. Adventist HealthCare Shady Grove Medical Center",52-1532556,36430,CPT,Total Infusion up to 7 hr 30 mins BCE,both,,,,gross,2166.13,,,12/31/2025,52-1532556_AdventistHealthCareShadyGroveMedicalCenter_StandardCharges.csv
"Adventist HealthCare, Inc. d.b.a. Adventist HealthCare Shady Grove Medical Center",52-1532556,36430,CPT,Total Infusion up to 7 hr 30 mins BCE,both,,,,discounted_cash,2122.81,,,12/31/2025,52-1532556_AdventistHealthCareShadyGroveMedicalCenter_StandardCharges.csv
"Adventist HealthCare, Inc. d.b.a. Adventist HealthCare Shady Grove Medical Center",52-1532556,36430,CPT,Total Infusion up to 7 hr 30 mins BCE,both,,,,min,2057.82,,,12/31/2025,52-1532556_AdventistHealthCareShadyGroveMedicalCenter_StandardCharges.csv
"Adventist HealthCare, Inc. d.b.a. Adventist HealthCare Shady Grove Medical Center",52-1532556,36430,CPT,Total Infusion up to 7 hr 30 mins BCE,both,,,,max,2382.74,,,12/31/2025,52-1532556_AdventistHealthCareShadyGroveMedicalCenter_StandardCharges.csv
"Adventist HealthCare, Inc. d.b.a. Adventist HealthCare Shady Grove Medical Center",52-1532556,36430,CPT,Total Infusion up to 7 hr 30 mins BCE,both,,All Payers,All Plans,negotiated,2166.13,,other,12/31/2025,52-1532556_AdventistHealthCareShadyGroveMedicalCenter_StandardCharges.csv
"Adventist HealthCare, Inc. d.b.a. Adventist HealthCare Shady Grove Medical Center",52-1532556,36430,CPT,Total Infusion up to 8 hr 30 mins BCE,both,,,,gross,2430.29,,,12/31/2025,52-1532556_AdventistHealthCareShadyGroveMedicalCenter_StandardCharges.csv
"Adventist HealthCare, Inc. d.b.a. Adventist HealthCare Shady Grove Medical Center",52-1532556,36430,CPT,Total Infusion up to 8 hr 30 mins BCE,both,,,,discounted_cash,2381.69,,,12/31/2025,52-1532556_AdventistHealthCareShadyGroveMedicalCenter_StandardCharges.csv
"Adventist HealthCare, Inc. d.b.a. Adventist HealthCare Shady Grove Medical Center",52-1532556,36430,CPT,Total Infusion up to 8 hr 30 mins BCE,both,,,,min,2308.78,,,12/31/2025,52-1532556_AdventistHealthCareShadyGroveMedicalCenter_StandardCharges.csv
"Adventist HealthCare, Inc. d.b.a. Adventist HealthCare Shady Grove Medical Center",52-1532556,36430,CPT,Total Infusion up to 8 hr 30 mins BCE,both,,,,max,2673.32,,,12/31/2025,52-1532556_AdventistHealthCareShadyGroveMedicalCenter_StandardCharges.csv
"Adventist HealthCare, Inc. d.b.a. Adventist HealthCare Shady Grove Medical Center",52-1532556,36430,CPT,Total Infusion up to 8 hr 30 mins BCE,both,,All Payers,All Plans,negotiated,2430.29,,other,12/31/2025,52-1532556_AdventistHealthCareShadyGroveMedicalCenter_StandardCharges.csv
"Adventist HealthCare, Inc. d.b.a. Adventist HealthCare Shady Grove Medical Center",52-1532556,99211,CPT,Evaluation and Management Visit BRIEF,both,,,,gross,105.66,,,12/31/2025,52-1532556_AdventistHealthCareShadyGroveMedicalCenter_StandardCharges.csv
"Adventist HealthCare, Inc. d.b.a. Adventist HealthCare Shady Grove Medical Center",52-1532556,99211,CPT,Evaluation and Management Visit BRIEF,both,,,,discounted_cash,103.55,,,12/31/2025,52-1532556_AdventistHealthCareShadyGroveMedicalCenter_StandardCharges.csv
"Adventist HealthCare, Inc. d.b.a. Adventist HealthCare Shady Grove Medical Center",52-1532556,99211,CPT,Evaluation and Management Visit BRIEF,both,,,,min,100.38,,,12/31/2025,52-1532556_AdventistHealthCareShadyGroveMedicalCenter_StandardCharges.csv
"Adventist HealthCare, Inc. d.b.a. Adventist HealthCare Shady Grove Medical Center",52-1532556,99211,CPT,Evaluation and Management Visit BRIEF,both,,,,max,116.23,,,12/31/2025,52-1532556_AdventistHealthCareShadyGroveMedicalCenter_StandardCharges.csv
"Adventist HealthCare, Inc. d.b.a. Adventist HealthCare Shady Grove Medical Center",52-1532556,99211,CPT,Evaluation and Management Visit BRIEF,both,,All Payers,All Plans,negotiated,105.66,,other,12/31/2025,52-1532556_AdventistHealthCareShadyGroveMedicalCenter_StandardCharges.csv
"Adventist HealthCare, Inc. d.b.a. Adventist HealthCare Shady Grove Medical Center",52-1532556,99212,CPT,Evaluation and Management Visit LEVEL 2,both,,,,gross,158.5,,,12/31/2025,52-1532556_AdventistHealthCareShadyGroveMedicalCenter_StandardCharges.csv
"Adventist HealthCare, Inc. d.b.a. Adventist HealthCare Shady Grove Medical Center",52-1532556,99212,CPT,Evaluation and Management Visit LEVEL 2,both,,,,discounted_cash,155.33,,,12/31/2025,52-1532556_AdventistHealthCareShadyGroveMedicalCenter_StandardCharges.csv
"Adventist HealthCare, Inc. d.b.a. Adventist HealthCare Shady Grove Medical Center",52-1532556,99212,CPT,Evaluation and Management Visit LEVEL 2,both,,,,min,150.57,,,12/31/2025,52-1532556_AdventistHealthCareShadyGroveMedicalCenter_StandardCharges.csv
"Adventist HealthCare, Inc. d.b.a. Adventist HealthCare Shady Grove Medical Center",52-1532556,99212,CPT,Evaluation and Management Visit LEVEL 2,both,,,,max,174.35,,,12/31/2025,52-1532556_AdventistHealthCareShadyGroveMedicalCenter_StandardCharges.csv
"Adventist HealthCare, Inc. d.b.a. Adventist HealthCare Shady Grove Medical Center",52-1532556,99212,CPT,Evaluation and Management Visit LEVEL 2,both,,All Payers,All Plans,negotiated,158.5,,other,12/31/2025,52-1532556_AdventistHealthCareShadyGroveMedicalCenter_StandardCharges.csv
"Adventist HealthCare, Inc. d.b.a. Adventist HealthCare Shady Grove Medical Center",52-1532556,99213,CPT,Evaluation and Management Visit LEVEL 3,both,,,,gross,211.33,,,12/31/2025,52-1532556_AdventistHealthCareShadyGroveMedicalCenter_StandardCharges.csv
"Adventist HealthCare, Inc. d.b.a. Adventist HealthCare Shady Grove Medical Center",52-1532556,99213,CPT,Evaluation and Management Visit LEVEL 3,both,,,,discounted_cash,207.1,,,12/31/2025,52-1532556_AdventistHealthCareShadyGroveMedicalCenter_StandardCharges.csv
"Adventist HealthCare, Inc. d.b.a. Adventist HealthCare Shady Grove Medical Center",52-1532556,99213,CPT,Evaluation and Management Visit LEVEL 3,both,,,,min,200.76,,,12/31/2025,52-1532556_AdventistHealthCareShadyGroveMedicalCenter_StandardCharges.csv
"Adventist HealthCare, Inc. d.b.a. Adventist HealthCare Shady Grove Medical Center",52-1532556,99213,CPT,Evaluation and Management Visit LEVEL 3,both,,,,max,232.46,,,12/31/2025,52-1532556_AdventistHealthCareShadyGroveMedicalCenter_StandardCharges.csv
"Adventist HealthCare, Inc. d.b.a. Adventist HealthCare Shady Grove Medical Center",52-1532556,99213,CPT,Evaluation and Management Visit LEVEL 3,both,,All Payers,All Plans,negotiated,211.33,,other,12/31/2025,52-1532556_AdventistHealthCareShadyGroveMedicalCenter_StandardCharges.csv
"Adventist HealthCare, Inc. d.b.a. Adventist HealthCare Shady Grove Medical Center",52-1532556,99214,CPT,Evaluation and Management Visit LEVEL 4,both,,,,gross,264.16,,,12/31/2025,52-1532556_AdventistHealthCareShadyGroveMedicalCenter_StandardCharges.csv
"Adventist HealthCare, Inc. d.b.a. Adventist HealthCare Shady Grove Medical Center",52-1532556,99214,CPT,Evaluation and Management Visit LEVEL 4,both,,,,discounted_cash,258.88,,,12/31/2025,52-1532556_AdventistHealthCareShadyGroveMedicalCenter_StandardCharges.csv
"Adventist HealthCare, Inc. d.b.a. Adventist HealthCare Shady Grove Medical Center",52-1532556,99214,CPT,Evaluation and Management Visit LEVEL 4,both,,,,min,250.95,,,12/31/2025,52-1532556_AdventistHealthCareShadyGroveMedicalCenter_StandardCharges.csv
"Adventist HealthCare, Inc. d.b.a. Adventist HealthCare Shady Grove Medical Center",52-1532556,99214,CPT,Evaluation and Management Visit LEVEL 4,both,,,,max,290.58,,,12/31/2025,52-1532556_AdventistHealthCareShadyGroveMedicalCenter_StandardCharges.csv
"Adventist HealthCare, Inc. d.b.a. Adventist HealthCare Shady Grove Medical Center",52-1532556,99214,CPT,Evaluation and Management Visit LEVEL 4,both,,All Payers,All Plans,negotiated,264.16,,other,12/31/2025,52-1532556_AdventistHealthCareShadyGroveMedicalCenter_StandardCharges.csv
"Adventist HealthCare, Inc. d.b.a. Adventist HealthCare Shady Grove Medical Center",52-1532556,99215,CPT,Evaluation and Management Visit LEVEL 5,both,,,,gross,316.99,,,12/31/2025,52-1532556_AdventistHealthCareShadyGroveMedicalCenter_StandardCharges.csv
"Adventist HealthCare, Inc. d.b.a. Adventist HealthCare Shady Grove Medical Center",52-1532556,99215,CPT,Evaluation and Management Visit LEVEL 5,both,,,,discounted_cash,310.65,,,12/31/2025,52-1532556_AdventistHealthCareShadyGroveMedicalCenter_StandardCharges.csv
"Adventist HealthCare, Inc. d.b.a. Adventist HealthCare Shady Grove Medical Center",52-1532556,99215,CPT,Evaluation and Management Visit LEVEL 5,both,,,,min,301.15,,,12/31/2025,52-1532556_AdventistHealthCareShadyGroveMedicalCenter_StandardCharges.csv
"Adventist HealthCare, Inc. d.b.a. Adventist HealthCare Shady Grove Medical Center",52-1532556,99215,CPT,Evaluation and Management Visit LEVEL 5,both,,,,max,348.69,,,12/31/2025,52-1532556_AdventistHealthCareShadyGroveMedicalCenter_StandardCharges.csv
"Adventist HealthCare, Inc. d.b.a. Adventist HealthCare Shady Grove Medical Center",52-1532556,99215,CPT,Evaluation and Management Visit LEVEL 5,both,,All Payers,All Plans,negotiated,316.99,,other,12/31/2025,52-1532556_AdventistHealthCareShadyGroveMedicalCenter_StandardCharges.csv
"Adventist HealthCare, Inc. d.b.a. Adventist HealthCare Shady Grove Medical Center",52-1532556,97803,CPT,Medical Nutrition Thx 1:1 SUBSEQ ea 15 min,both,,,,gross,264.16,,,12/31/2025,52-1532556_AdventistHealthCareShadyGroveMedicalCenter_StandardCharges.csv
"Adventist HealthCare, Inc. d.b.a. Adventist HealthCare Shady Grove Medical Center",52-1532556,97803,CPT,Medical Nutrition Thx 1:1 SUBSEQ ea 15 min,both,,,,discounted_cash,258.88,,,12/31/2025,52-1532556_AdventistHealthCareShadyGroveMedicalCenter_StandardCharges.csv
"Adventist HealthCare, Inc. d.b.a. Adventist HealthCare Shady Grove Medical Center",52-1532556,97803,CPT,Medical Nutrition Thx 1:1 SUBSEQ ea 15 min,both,,,,min,250.95,,,12/31/2025,52-1532556_AdventistHealthCareShadyGroveMedicalCenter_StandardCharges.csv
"Adventist HealthCare, Inc. d.b.a. Adventist HealthCare Shady Grove Medical Center",52-1532556,97803,CPT,Medical Nutrition Thx 1:1 SUBSEQ ea 15 min,both,,,,max,290.58,,,12/31/2025,52-1532556_AdventistHealthCareShadyGroveMedicalCenter_StandardCharges.csv
"Adventist HealthCare, Inc. d.b.a. Adventist HealthCare Shady Grove Medical Center",52-1532556,97803,CPT,Medical Nutrition Thx 1:1 SUBSEQ ea 15 min,both,,All Payers,All Plans,negotiated,264.16,,other,12/31/2025,52-1532556_AdventistHealthCareShadyGroveMedicalCenter_StandardCharges.csv
"Adventist HealthCare, Inc. d.b.a. Adventist HealthCare Shady Grove Medical Center",52-1532556,97802,CPT,Medical Nutrition Thx 1:1 INITIAL ea 15 min,both,,,,gross,264.16,,,12/31/2025,52-1532556_AdventistHealthCareShadyGroveMedicalCenter_StandardCharges.csv
"Adventist HealthCare, Inc. d.b.a. Adventist HealthCare Shady Grove Medical Center",52-1532556,97802,CPT,Medical Nutrition Thx 1:1 INITIAL ea 15 min,both,,,,discounted_cash,258.88,,,12/31/2025,52-1532556_AdventistHealthCareShadyGroveMedicalCenter_StandardCharges.csv
"Adventist HealthCare, Inc. d.b.a. Adventist HealthCare Shady Grove Medical Center",52-1532556,97802,CPT,Medical Nutrition Thx 1:1 INITIAL ea 15 min,both,,,,min,250.95,,,12/31/2025,52-1532556_AdventistHealthCareShadyGroveMedicalCenter_StandardCharges.csv
"Adventist HealthCare, Inc. d.b.a. Adventist HealthCare Shady Grove Medical Center",52-1532556,97802,CPT,Medical Nutrition Thx 1:1 INITIAL ea 15 min,both,,,,max,290.58,,,12/31/2025,52-1532556_AdventistHealthCareShadyGroveMedicalCenter_StandardCharges.csv
"Adventist HealthCare, Inc. d.b.a. Adventist HealthCare Shady Grove Medical Center",52-1532556,97802,CPT,Medical Nutrition Thx 1:1 INITIAL ea 15 min,both,,All Payers,All Plans,negotiated,264.16,,other,12/31/2025,52-1532556_AdventistHealthCareShadyGroveMedicalCenter_StandardCharges.csv
"Adventist HealthCare, Inc. d.b.a. Adventist HealthCare Shady Grove Medical Center",52-1532556,G0270,HCPCS,Medical Nutrition Thx 1:1 FU due to Chng Dx ea 15 min,both,,,,gross,264.16,,,12/31/2025,52-1532556_AdventistHealthCareShadyGroveMedicalCenter_StandardCharges.csv
"Adventist HealthCare, Inc. d.b.a. Adventist HealthCare Shady Grove Medical Center",52-1532556,G0270,HCPCS,Medical Nutrition Thx 1:1 FU due to Chng Dx ea 15 min,both,,,,discounted_cash,258.88,,,12/31/2025,52-1532556_AdventistHealthCareShadyGroveMedicalCenter_StandardCharges.csv
"Adventist HealthCare, Inc. d.b.a. Adventist HealthCare Shady Grove Medical Center",52-1532556,G0270,HCPCS,Medical Nutrition Thx 1:1 FU due to Chng Dx ea 15 min,both,,,,min,250.95,,,12/31/2025,52-1532556_AdventistHealthCareShadyGroveMedicalCenter_StandardCharges.csv
"Adventist HealthCare, Inc. d.b.a. Adventist HealthCare Shady Grove Medical Center",52-1532556,G0270,HCPCS,Medical Nutrition Thx 1:1 FU due to Chng Dx ea 15 min,both,,,,max,290.58,,,12/31/2025,52-1532556_AdventistHealthCareShadyGroveMedicalCenter_StandardCharges.csv
"Adventist HealthCare, Inc. d.b.a. Adventist HealthCare Shady Grove Medical Center",52-1532556,G0270,HCPCS,Medical Nutrition Thx 1:1 FU due to Chng Dx ea 15 min,both,,All Payers,All Plans,negotiated,264.16,,other,12/31/2025,52-1532556_AdventistHealthCareShadyGroveMedicalCenter_StandardCharges.csv
"Adventist HealthCare, Inc. d.b.a. Adventist HealthCare Shady Grove Medical Center",52-1532556,G0271,HCPCS,Medical Nutrition Thx FU due to Chng DX GROUP,both,,,,gross,105.66,,,12/31/2025,52-1532556_AdventistHealthCareShadyGroveMedicalCenter_StandardCharges.csv
"Adventist HealthCare, Inc. d.b.a. Adventist HealthCare Shady Grove Medical Center",52-1532556,G0271,HCPCS,Medical Nutrition Thx FU due to Chng DX GROUP,both,,,,discounted_cash,103.55,,,12/31/2025,52-1532556_AdventistHealthCareShadyGroveMedicalCenter_StandardCharges.csv
"Adventist HealthCare, Inc. d.b.a. Adventist HealthCare Shady Grove Medical Center",52-1532556,G0271,HCPCS,Medical Nutrition Thx FU due to Chng DX GROUP,both,,,,min,100.38,,,12/31/2025,52-1532556_AdventistHealthCareShadyGroveMedicalCenter_StandardCharges.csv
"Adventist HealthCare, Inc. d.b.a. Adventist HealthCare Shady Grove Medical Center",52-1532556,G0271,HCPCS,Medical Nutrition Thx FU due to Chng DX GROUP,both,,,,max,116.23,,,12/31/2025,52-1532556_AdventistHealthCareShadyGroveMedicalCenter_StandardCharges.csv
"Adventist HealthCare, Inc. d.b.a. Adventist HealthCare Shady Grove Medical Center",52-1532556,G0271,HCPCS,Medical Nutrition Thx FU due to Chng DX GROUP,both,,All Payers,All Plans,negotiated,105.66,,other,12/31/2025,52-1532556_AdventistHealthCareShadyGroveMedicalCenter_StandardCharges.csv
"Adventist HealthCare, Inc. d.b.a. Adventist HealthCare Shady Grove Medical Center",52-1532556,97804,CPT,Medical Nutrition Thx GROUP ea 30 min,both,,,,gross,105.66,,,12/31/2025,52-1532556_AdventistHealthCareShadyGroveMedicalCenter_StandardCharges.csv
"Adventist HealthCare, Inc. d.b.a. Adventist HealthCare Shady Grove Medical Center",52-1532556,97804,CPT,Medical Nutrition Thx GROUP ea 30 min,both,,,,discounted_cash,103.55,,,12/31/2025,52-1532556_AdventistHealthCareShadyGroveMedicalCenter_StandardCharges.csv
"Adventist HealthCare, Inc. d.b.a. Adventist HealthCare Shady Grove Medical Center",52-1532556,97804,CPT,Medical Nutrition Thx GROUP ea 30 min,both,,,,min,100.38,,,12/31/2025,52-1532556_AdventistHealthCareShadyGroveMedicalCenter_StandardCharges.csv
"Adventist HealthCare, Inc. d.b.a. Adventist HealthCare Shady Grove Medical Center",52-1532556,97804,CPT,Medical Nutrition Thx GROUP ea 30 min,both,,,,max,116.23,,,12/31/2025,52-1532556_AdventistHealthCareShadyGroveMedicalCenter_StandardCharges.csv
"Adventist HealthCare, Inc. d.b.a. Adventist HealthCare Shady Grove Medical Center",52-1532556,97804,CPT,Medical Nutrition Thx GROUP ea 30 min,both,,All Payers,All Plans,negotiated,105.66,,other,12/31/2025,52-1532556_AdventistHealthCareShadyGroveMedicalCenter_StandardCharges.csv
"Adventist HealthCare, Inc. d.b.a. Adventist HealthCare Shady Grove Medical Center",52-1532556,94626,CPT,Pulmonary Rehab 1 hour,both,,,,gross,845.32,,,12/31/2025,52-1532556_AdventistHealthCareShadyGroveMedicalCenter_StandardCharges.csv
"Adventist HealthCare, Inc. d.b.a. Adventist HealthCare Shady Grove Medical Center",52-1532556,94626,CPT,Pulmonary Rehab 1 hour,both,,,,discounted_cash,828.41,,,12/31/2025,52-1532556_AdventistHealthCareShadyGroveMedicalCenter_StandardCharges.csv
"Adventist HealthCare, Inc. d.b.a. Adventist HealthCare Shady Grove Medical Center",52-1532556,94626,CPT,Pulmonary Rehab 1 hour,both,,,,min,803.05,,,12/31/2025,52-1532556_AdventistHealthCareShadyGroveMedicalCenter_StandardCharges.csv
"Adventist HealthCare, Inc. d.b.a. Adventist HealthCare Shady Grove Medical Center",52-1532556,94626,CPT,Pulmonary Rehab 1 hour,both,,,,max,929.85,,,12/31/2025,52-1532556_AdventistHealthCareShadyGroveMedicalCenter_StandardCharges.csv
"Adventist HealthCare, Inc. d.b.a. Adventist HealthCare Shady Grove Medical Center",52-1532556,94626,CPT,Pulmonary Rehab 1 hour,both,,All Payers,All Plans,negotiated,845.32,,other,12/31/2025,52-1532556_AdventistHealthCareShadyGroveMedicalCenter_StandardCharges.csv
"Adventist HealthCare, Inc. d.b.a. Adventist HealthCare Shady Grove Medical Center",52-1532556,99211,CPT,Established Patient Level 1,both,,,,gross,105.66,,,12/31/2025,52-1532556_AdventistHealthCareShadyGroveMedicalCenter_StandardCharges.csv
"Adventist HealthCare, Inc. d.b.a. Adventist HealthCare Shady Grove Medical Center",52-1532556,99211,CPT,Established Patient Level 1,both,,,,discounted_cash,103.55,,,12/31/2025,52-1532556_AdventistHealthCareShadyGroveMedicalCenter_StandardCharges.csv
"Adventist HealthCare, Inc. d.b.a. Adventist HealthCare Shady Grove Medical Center",52-1532556,99211,CPT,Established Patient Level 1,both,,,,min,100.38,,,12/31/2025,52-1532556_AdventistHealthCareShadyGroveMedicalCenter_StandardCharges.csv
"Adventist HealthCare, Inc. d.b.a. Adventist HealthCare Shady Grove Medical Center",52-1532556,99211,CPT,Established Patient Level 1,both,,,,max,116.23,,,12/31/2025,52-1532556_AdventistHealthCareShadyGroveMedicalCenter_StandardCharges.csv
"Adventist HealthCare, Inc. d.b.a. Adventist HealthCare Shady Grove Medical Center",52-1532556,99211,CPT,Established Patient Level 1,both,,All Payers,All Plans,negotiated,105.66,,other,12/31/2025,52-1532556_AdventistHealthCareShadyGroveMedicalCenter_StandardCharges.csv
"Adventist HealthCare, Inc. d.b.a. Adventist HealthCare Shady Grove Medical Center",52-1532556,99212,CPT,Established Patient Level 2,both,,,,gross,158.5,,,12/31/2025,52-1532556_AdventistHealthCareShadyGroveMedicalCenter_StandardCharges.csv
"Adventist HealthCare, Inc. d.b.a. Adventist HealthCare Shady Grove Medical Center",52-1532556,99212,CPT,Established Patient Level 2,both,,,,discounted_cash,155.33,,,12/31/2025,52-1532556_AdventistHealthCareShadyGroveMedicalCenter_StandardCharges.csv
"Adventist HealthCare, Inc. d.b.a. Adventist HealthCare Shady Grove Medical Center",52-1532556,99212,CPT,Established Patient Level 2,both,,,,min,150.57,,,12/31/2025,52-1532556_AdventistHealthCareShadyGroveMedicalCenter_StandardCharges.csv
"Adventist HealthCare, Inc. d.b.a. Adventist HealthCare Shady Grove Medical Center",52-1532556,99212,CPT,Established Patient Level 2,both,,,,max,174.35,,,12/31/2025,52-1532556_AdventistHealthCareShadyGroveMedicalCenter_StandardCharges.csv
"Adventist HealthCare, Inc. d.b.a. Adventist HealthCare Shady Grove Medical Center",52-1532556,99212,CPT,Established Patient Level 2,both,,All Payers,All Plans,negotiated,158.5,,other,12/31/2025,52-1532556_AdventistHealthCareShadyGroveMedicalCenter_StandardCharges.csv
"Adventist HealthCare, Inc. d.b.a. Adventist HealthCare Shady Grove Medical Center",52-1532556,99213,CPT,Established Patient Level 3,both,,,,gross,211.33,,,12/31/2025,52-1532556_AdventistHealthCareShadyGroveMedicalCenter_StandardCharges.csv
"Adventist HealthCare, Inc. d.b.a. Adventist HealthCare Shady Grove Medical Center",52-1532556,99213,CPT,Established Patient Level 3,both,,,,discounted_cash,207.1,,,12/31/2025,52-1532556_AdventistHealthCareShadyGroveMedicalCenter_StandardCharges.csv
"Adventist HealthCare, Inc. d.b.a. Adventist HealthCare Shady Grove Medical Center",52-1532556,99213,CPT,Established Patient Level 3,both,,,,min,200.76,,,12/31/2025,52-1532556_AdventistHealthCareShadyGroveMedicalCenter_StandardCharges.csv
"Adventist HealthCare, Inc. d.b.a. Adventist HealthCare Shady Grove Medical Center",52-1532556,99213,CPT,Established Patient Level 3,both,,,,max,232.46,,,12/31/2025,52-1532556_AdventistHealthCareShadyGroveMedicalCenter_StandardCharges.csv
"Adventist HealthCare, Inc. d.b.a. Adventist HealthCare Shady Grove Medical Center",52-1532556,99213,CPT,Established Patient Level 3,both,,All Payers,All Plans,negotiated,211.33,,other,12/31/2025,52-1532556_AdventistHealthCareShadyGroveMedicalCenter_StandardCharges.csv
"Adventist HealthCare, Inc. d.b.a. Adventist HealthCare Shady Grove Medical Center",52-1532556,99214,CPT,Established Patient Level 4,both,,,,gross,264.16,,,12/31/2025,52-1532556_AdventistHealthCareShadyGroveMedicalCenter_StandardCharges.csv
"Adventist HealthCare, Inc. d.b.a. Adventist HealthCare Shady Grove Medical Center",52-1532556,99214,CPT,Established Patient Level 4,both,,,,discounted_cash,258.88,,,12/31/2025,52-1532556_AdventistHealthCareShadyGroveMedicalCenter_StandardCharges.csv
"Adventist HealthCare, Inc. d.b.a. Adventist HealthCare Shady Grove Medical Center",52-1532556,99214,CPT,Established Patient Level 4,both,,,,min,250.95,,,12/31/2025,52-1532556_AdventistHealthCareShadyGroveMedicalCenter_StandardCharges.csv
"Adventist HealthCare, Inc. d.b.a. Adventist HealthCare Shady Grove Medical Center",52-1532556,99214,CPT,Established Patient Level 4,both,,,,max,290.58,,,12/31/2025,52-1532556_AdventistHealthCareShadyGroveMedicalCenter_StandardCharges.csv
"Adventist HealthCare, Inc. d.b.a. Adventist HealthCare Shady Grove Medical Center",52-1532556,99214,CPT,Established Patient Level 4,both,,All Payers,All Plans,negotiated,264.16,,other,12/31/2025,52-1532556_AdventistHealthCareShadyGroveMedicalCenter_StandardCharges.csv
"Adventist HealthCare, Inc. d.b.a. Adventist HealthCare Shady Grove Medical Center",52-1532556,99215,CPT,Established Patient Level 5,both,,,,gross,316.99,,,12/31/2025,52-1532556_AdventistHealthCareShadyGroveMedicalCenter_StandardCharges.csv
"Adventist HealthCare, Inc. d.b.a. Adventist HealthCare Shady Grove Medical Center",52-1532556,99215,CPT,Established Patient Level 5,both,,,,discounted_cash,310.65,,,12/31/2025,52-1532556_AdventistHealthCareShadyGroveMedicalCenter_StandardCharges.csv
"Adventist HealthCare, Inc. d.b.a. Adventist HealthCare Shady Grove Medical Center",52-1532556,99215,CPT,Established Patient Level 5,both,,,,min,301.15,,,12/31/2025,52-1532556_AdventistHealthCareShadyGroveMedicalCenter_StandardCharges.csv
"Adventist HealthCare, Inc. d.b.a. Adventist HealthCare Shady Grove Medical Center",52-1532556,99215,CPT,Established Patient Level 5,both,,,,max,348.69,,,12/31/2025,52-1532556_AdventistHealthCareShadyGroveMedicalCenter_StandardCharges.csv
"Adventist HealthCare, Inc. d.b.a. Adventist HealthCare Shady Grove Medical Center",52-1532556,99215,CPT,Established Patient Level 5,both,,All Payers,All Plans,negotiated,316.99,,other,12/31/2025,52-1532556_AdventistHealthCareShadyGroveMedicalCenter_StandardCharges.csv
"Adventist HealthCare, Inc. d.b.a. Adventist HealthCare Shady Grove Medical Center",52-1532556,99211,CPT,New Patient Level 1,both,,,,gross,105.66,,,12/31/2025,52-1532556_AdventistHealthCareShadyGroveMedicalCenter_StandardCharges.csv
"Adventist HealthCare, Inc. d.b.a. Adventist HealthCare Shady Grove Medical Center",52-1532556,99211,CPT,New Patient Level 1,both,,,,discounted_cash,103.55,,,12/31/2025,52-1532556_AdventistHealthCareShadyGroveMedicalCenter_StandardCharges.csv
"Adventist HealthCare, Inc. d.b.a. Adventist HealthCare Shady Grove Medical Center",52-1532556,99211,CPT,New Patient Level 1,both,,,,min,100.38,,,12/31/2025,52-1532556_AdventistHealthCareShadyGroveMedicalCenter_StandardCharges.csv
"Adventist HealthCare, Inc. d.b.a. Adventist HealthCare Shady Grove Medical Center",52-1532556,99211,CPT,New Patient Level 1,both,,,,max,116.23,,,12/31/2025,52-1532556_AdventistHealthCareShadyGroveMedicalCenter_StandardCharges.csv
"Adventist HealthCare, Inc. d.b.a. Adventist HealthCare Shady Grove Medical Center",52-1532556,99211,CPT,New Patient Level 1,both,,All Payers,All Plans,negotiated,105.66,,other,12/31/2025,52-1532556_AdventistHealthCareShadyGroveMedicalCenter_StandardCharges.csv
"Adventist HealthCare, Inc. d.b.a. Adventist HealthCare Shady Grove Medical Center",52-1532556,99202,CPT,New Patient Level 2,both,,,,gross,158.5,,,12/31/2025,52-1532556_AdventistHealthCareShadyGroveMedicalCenter_StandardCharges.csv
"Adventist HealthCare, Inc. d.b.a. Adventist HealthCare Shady Grove Medical Center",52-1532556,99202,CPT,New Patient Level 2,both,,,,discounted_cash,155.33,,,12/31/2025,52-1532556_AdventistHealthCareShadyGroveMedicalCenter_StandardCharges.csv
"Adventist HealthCare, Inc. d.b.a. Adventist HealthCare Shady Grove Medical Center",52-1532556,99202,CPT,New Patient Level 2,both,,,,min,150.57,,,12/31/2025,52-1532556_AdventistHealthCareShadyGroveMedicalCenter_StandardCharges.csv
"Adventist HealthCare, Inc. d.b.a. Adventist HealthCare Shady Grove Medical Center",52-1532556,99202,CPT,New Patient Level 2,both,,,,max,174.35,,,12/31/2025,52-1532556_AdventistHealthCareShadyGroveMedicalCenter_StandardCharges.csv
"Adventist HealthCare, Inc. d.b.a. Adventist HealthCare Shady Grove Medical Center",52-1532556,99202,CPT,New Patient Level 2,both,,All Payers,All Plans,negotiated,158.5,,other,12/31/2025,52-1532556_AdventistHealthCareShadyGroveMedicalCenter_StandardCharges.csv
"Adventist HealthCare, Inc. d.b.a. Adventist HealthCare Shady Grove Medical Center",52-1532556,99203,CPT,New Patient Level 3,both,,,,gross,211.33,,,12/31/2025,52-1532556_AdventistHealthCareShadyGroveMedicalCenter_StandardCharges.csv
"Adventist HealthCare, Inc. d.b.a. Adventist HealthCare Shady Grove Medical Center",52-1532556,99203,CPT,New Patient Level 3,both,,,,discounted_cash,207.1,,,12/31/2025,52-1532556_AdventistHealthCareShadyGroveMedicalCenter_StandardCharges.csv
"Adventist HealthCare, Inc. d.b.a. Adventist HealthCare Shady Grove Medical Center",52-1532556,99203,CPT,New Patient Level 3,both,,,,min,200.76,,,12/31/2025,52-1532556_AdventistHealthCareShadyGroveMedicalCenter_StandardCharges.csv
"Adventist HealthCare, Inc. d.b.a. Adventist HealthCare Shady Grove Medical Center",52-1532556,99203,CPT,New Patient Level 3,both,,,,max,232.46,,,12/31/2025,52-1532556_AdventistHealthCareShadyGroveMedicalCenter_StandardCharges.csv
"Adventist HealthCare, Inc. d.b.a. Adventist HealthCare Shady Grove Medical Center",52-1532556,99203,CPT,New Patient Level 3,both,,All Payers,All Plans,negotiated,211.33,,other,12/31/2025,52-1532556_AdventistHealthCareShadyGroveMedicalCenter_StandardCharges.csv
"Adventist HealthCare, Inc. d.b.a. Adventist HealthCare Shady Grove Medical Center",52-1532556,99204,CPT,New Patient Level 4,both,,,,gross,264.16,,,12/31/2025,52-1532556_AdventistHealthCareShadyGroveMedicalCenter_StandardCharges.csv
"Adventist HealthCare, Inc. d.b.a. Adventist HealthCare Shady Grove Medical Center",52-1532556,99204,CPT,New Patient Level 4,both,,,,discounted_cash,258.88,,,12/31/2025,52-1532556_AdventistHealthCareShadyGroveMedicalCenter_StandardCharges.csv
"Adventist HealthCare, Inc. d.b.a. Adventist HealthCare Shady Grove Medical Center",52-1532556,99204,CPT,New Patient Level 4,both,,,,min,250.95,,,12/31/2025,52-1532556_AdventistHealthCareShadyGroveMedicalCenter_StandardCharges.csv
"Adventist HealthCare, Inc. d.b.a. Adventist HealthCare Shady Grove Medical Center",52-1532556,99204,CPT,New Patient Level 4,both,,,,max,290.58,,,12/31/2025,52-1532556_AdventistHealthCareShadyGroveMedicalCenter_StandardCharges.csv
"Adventist HealthCare, Inc. d.b.a. Adventist HealthCare Shady Grove Medical Center",52-1532556,99204,CPT,New Patient Level 4,both,,All Payers,All Plans,negotiated,264.16,,other,12/31/2025,52-1532556_AdventistHealthCareShadyGroveMedicalCenter_StandardCharges.csv
"Adventist HealthCare, Inc. d.b.a. Adventist HealthCare Shady Grove Medical Center",52-1532556,99205,CPT,New Patient Level 5,both,,,,gross,316.99,,,12/31/2025,52-1532556_AdventistHealthCareShadyGroveMedicalCenter_StandardCharges.csv
"Adventist HealthCare, Inc. d.b.a. Adventist HealthCare Shady Grove Medical Center",52-1532556,99205,CPT,New Patient Level 5,both,,,,discounted_cash,310.65,,,12/31/2025,52-1532556_AdventistHealthCareShadyGroveMedicalCenter_StandardCharges.csv
"Adventist HealthCare, Inc. d.b.a. Adventist HealthCare Shady Grove Medical Center",52-1532556,99205,CPT,New Patient Level 5,both,,,,min,301.15,,,12/31/2025,52-1532556_AdventistHealthCareShadyGroveMedicalCenter_StandardCharges.csv
"Adventist HealthCare, Inc. d.b.a. Adventist HealthCare Shady Grove Medical Center",52-1532556,99205,CPT,New Patient Level 5,both,,,,max,348.69,,,12/31/2025,52-1532556_AdventistHealthCareShadyGroveMedicalCenter_StandardCharges.csv
"Adventist HealthCare, Inc. d.b.a. Adventist HealthCare Shady Grove Medical Center",52-1532556,99205,CPT,New Patient Level 5,both,,All Payers,All Plans,negotiated,316.99,,other,12/31/2025,52-1532556_AdventistHealthCareShadyGroveMedicalCenter_StandardCharges.csv
"Adventist HealthCare, Inc. d.b.a. Adventist HealthCare Shady Grove Medical Center",52-1532556,99407,CPT,Smoking Cessation Counseling Charge -> >= 10 minutes,both,,,,gross,158.5,,,12/31/2025,52-1532556_AdventistHealthCareShadyGroveMedicalCenter_StandardCharges.csv
"Adventist HealthCare, Inc. d.b.a. Adventist HealthCare Shady Grove Medical Center",52-1532556,99407,CPT,Smoking Cessation Counseling Charge -> >= 10 minutes,both,,,,discounted_cash,155.33,,,12/31/2025,52-1532556_AdventistHealthCareShadyGroveMedicalCenter_StandardCharges.csv
"Adventist HealthCare, Inc. d.b.a. Adventist HealthCare Shady Grove Medical Center",52-1532556,99407,CPT,Smoking Cessation Counseling Charge -> >= 10 minutes,both,,,,min,150.57,,,12/31/2025,52-1532556_AdventistHealthCareShadyGroveMedicalCenter_StandardCharges.csv
"Adventist HealthCare, Inc. d.b.a. Adventist HealthCare Shady Grove Medical Center",52-1532556,99407,CPT,Smoking Cessation Counseling Charge -> >= 10 minutes,both,,,,max,174.35,,,12/31/2025,52-1532556_AdventistHealthCareShadyGroveMedicalCenter_StandardCharges.csv
"Adventist HealthCare, Inc. d.b.a. Adventist HealthCare Shady Grove Medical Center",52-1532556,99407,CPT,Smoking Cessation Counseling Charge -> >= 10 minutes,both,,All Payers,All Plans,negotiated,158.5,,other,12/31/2025,52-1532556_AdventistHealthCareShadyGroveMedicalCenter_StandardCharges.csv
"Adventist HealthCare, Inc. d.b.a. Adventist HealthCare Shady Grove Medical Center",52-1532556,99406,CPT,Smoking Cessation Counseling Charge -> < 10 minutes,both,,,,gross,105.66,,,12/31/2025,52-1532556_AdventistHealthCareShadyGroveMedicalCenter_StandardCharges.csv
"Adventist HealthCare, Inc. d.b.a. Adventist HealthCare Shady Grove Medical Center",52-1532556,99406,CPT,Smoking Cessation Counseling Charge -> < 10 minutes,both,,,,discounted_cash,103.55,,,12/31/2025,52-1532556_AdventistHealthCareShadyGroveMedicalCenter_StandardCharges.csv
"Adventist HealthCare, Inc. d.b.a. Adventist HealthCare Shady Grove Medical Center",52-1532556,99406,CPT,Smoking Cessation Counseling Charge -> < 10 minutes,both,,,,min,100.38,,,12/31/2025,52-1532556_AdventistHealthCareShadyGroveMedicalCenter_StandardCharges.csv
"Adventist HealthCare, Inc. d.b.a. Adventist HealthCare Shady Grove Medical Center",52-1532556,99406,CPT,Smoking Cessation Counseling Charge -> < 10 minutes,both,,,,max,116.23,,,12/31/2025,52-1532556_AdventistHealthCareShadyGroveMedicalCenter_StandardCharges.csv
"Adventist HealthCare, Inc. d.b.a. Adventist HealthCare Shady Grove Medical Center",52-1532556,99406,CPT,Smoking Cessation Counseling Charge -> < 10 minutes,both,,All Payers,All Plans,negotiated,105.66,,other,12/31/2025,52-1532556_AdventistHealthCareShadyGroveMedicalCenter_StandardCharges.csv
"Adventist HealthCare, Inc. d.b.a. Adventist HealthCare Shady Grove Medical Center",52-1532556,99406,CPT,Smoking Cessation Counseling Charge -> 3 - 10 minutes,both,,,,gross,105.66,,,12/31/2025,52-1532556_AdventistHealthCareShadyGroveMedicalCenter_StandardCharges.csv
"Adventist HealthCare, Inc. d.b.a. Adventist HealthCare Shady Grove Medical Center",52-1532556,99406,CPT,Smoking Cessation Counseling Charge -> 3 - 10 minutes,both,,,,discounted_cash,103.55,,,12/31/2025,52-1532556_AdventistHealthCareShadyGroveMedicalCenter_StandardCharges.csv
"Adventist HealthCare, Inc. d.b.a. Adventist HealthCare Shady Grove Medical Center",52-1532556,99406,CPT,Smoking Cessation Counseling Charge -> 3 - 10 minutes,both,,,,min,100.38,,,12/31/2025,52-1532556_AdventistHealthCareShadyGroveMedicalCenter_StandardCharges.csv
"Adventist HealthCare, Inc. d.b.a. Adventist HealthCare Shady Grove Medical Center",52-1532556,99406,CPT,Smoking Cessation Counseling Charge -> 3 - 10 minutes,both,,,,max,116.23,,,12/31/2025,52-1532556_AdventistHealthCareShadyGroveMedicalCenter_StandardCharges.csv
"Adventist HealthCare, Inc. d.b.a. Adventist HealthCare Shady Grove Medical Center",52-1532556,99406,CPT,Smoking Cessation Counseling Charge -> 3 - 10 minutes,both,,All Payers,All Plans,negotiated,105.66,,other,12/31/2025,52-1532556_AdventistHealthCareShadyGroveMedicalCenter_StandardCharges.csv
"Adventist HealthCare, Inc. d.b.a. Adventist HealthCare Shady Grove Medical Center",52-1532556,99407,CPT,Smoking Cessation Counseling Charge -> > 10 minutes,both,,,,gross,158.5,,,12/31/2025,52-1532556_AdventistHealthCareShadyGroveMedicalCenter_StandardCharges.csv
"Adventist HealthCare, Inc. d.b.a. Adventist HealthCare Shady Grove Medical Center",52-1532556,99407,CPT,Smoking Cessation Counseling Charge -> > 10 minutes,both,,,,discounted_cash,155.33,,,12/31/2025,52-1532556_AdventistHealthCareShadyGroveMedicalCenter_StandardCharges.csv
"Adventist HealthCare, Inc. d.b.a. Adventist HealthCare Shady Grove Medical Center",52-1532556,99407,CPT,Smoking Cessation Counseling Charge -> > 10 minutes,both,,,,min,150.57,,,12/31/2025,52-1532556_AdventistHealthCareShadyGroveMedicalCenter_StandardCharges.csv
"Adventist HealthCare, Inc. d.b.a. Adventist HealthCare Shady Grove Medical Center",52-1532556,99407,CPT,Smoking Cessation Counseling Charge -> > 10 minutes,both,,,,max,174.35,,,12/31/2025,52-1532556_AdventistHealthCareShadyGroveMedicalCenter_StandardCharges.csv
"Adventist HealthCare, Inc. d.b.a. Adventist HealthCare Shady Grove Medical Center",52-1532556,99407,CPT,Smoking Cessation Counseling Charge -> > 10 minutes,both,,All Payers,All Plans,negotiated,158.5,,other,12/31/2025,52-1532556_AdventistHealthCareShadyGroveMedicalCenter_StandardCharges.csv
"Adventist HealthCare, Inc. d.b.a. Adventist HealthCare Shady Grove Medical Center",52-1532556,99211,CPT,E&M Established Level 1 - 25,both,,,,gross,105.66,,,12/31/2025,52-1532556_AdventistHealthCareShadyGroveMedicalCenter_StandardCharges.csv
"Adventist HealthCare, Inc. d.b.a. Adventist HealthCare Shady Grove Medical Center",52-1532556,99211,CPT,E&M Established Level 1 - 25,both,,,,discounted_cash,103.55,,,12/31/2025,52-1532556_AdventistHealthCareShadyGroveMedicalCenter_StandardCharges.csv
"Adventist HealthCare, Inc. d.b.a. Adventist HealthCare Shady Grove Medical Center",52-1532556,99211,CPT,E&M Established Level 1 - 25,both,,,,min,100.38,,,12/31/2025,52-1532556_AdventistHealthCareShadyGroveMedicalCenter_StandardCharges.csv
"Adventist HealthCare, Inc. d.b.a. Adventist HealthCare Shady Grove Medical Center",52-1532556,99211,CPT,E&M Established Level 1 - 25,both,,,,max,116.23,,,12/31/2025,52-1532556_AdventistHealthCareShadyGroveMedicalCenter_StandardCharges.csv
"Adventist HealthCare, Inc. d.b.a. Adventist HealthCare Shady Grove Medical Center",52-1532556,99211,CPT,E&M Established Level 1 - 25,both,,All Payers,All Plans,negotiated,105.66,,other,12/31/2025,52-1532556_AdventistHealthCareShadyGroveMedicalCenter_StandardCharges.csv
"Adventist HealthCare, Inc. d.b.a. Adventist HealthCare Shady Grove Medical Center",52-1532556,99212,CPT,E&M Established Level 2 - 25,both,,,,gross,158.5,,,12/31/2025,52-1532556_AdventistHealthCareShadyGroveMedicalCenter_StandardCharges.csv
"Adventist HealthCare, Inc. d.b.a. Adventist HealthCare Shady Grove Medical Center",52-1532556,99212,CPT,E&M Established Level 2 - 25,both,,,,discounted_cash,155.33,,,12/31/2025,52-1532556_AdventistHealthCareShadyGroveMedicalCenter_StandardCharges.csv
"Adventist HealthCare, Inc. d.b.a. Adventist HealthCare Shady Grove Medical Center",52-1532556,99212,CPT,E&M Established Level 2 - 25,both,,,,min,150.57,,,12/31/2025,52-1532556_AdventistHealthCareShadyGroveMedicalCenter_StandardCharges.csv
"Adventist HealthCare, Inc. d.b.a. Adventist HealthCare Shady Grove Medical Center",52-1532556,99212,CPT,E&M Established Level 2 - 25,both,,,,max,174.35,,,12/31/2025,52-1532556_AdventistHealthCareShadyGroveMedicalCenter_StandardCharges.csv
"Adventist HealthCare, Inc. d.b.a. Adventist HealthCare Shady Grove Medical Center",52-1532556,99212,CPT,E&M Established Level 2 - 25,both,,All Payers,All Plans,negotiated,158.5,,other,12/31/2025,52-1532556_AdventistHealthCareShadyGroveMedicalCenter_StandardCharges.csv
"Adventist HealthCare, Inc. d.b.a. Adventist HealthCare Shady Grove Medical Center",52-1532556,99213,CPT,E&M Established Level 3 - 25,both,,,,gross,211.33,,,12/31/2025,52-1532556_AdventistHealthCareShadyGroveMedicalCenter_StandardCharges.csv
"Adventist HealthCare, Inc. d.b.a. Adventist HealthCare Shady Grove Medical Center",52-1532556,99213,CPT,E&M Established Level 3 - 25,both,,,,discounted_cash,207.1,,,12/31/2025,52-1532556_AdventistHealthCareShadyGroveMedicalCenter_StandardCharges.csv
"Adventist HealthCare, Inc. d.b.a. Adventist HealthCare Shady Grove Medical Center",52-1532556,99213,CPT,E&M Established Level 3 - 25,both,,,,min,200.76,,,12/31/2025,52-1532556_AdventistHealthCareShadyGroveMedicalCenter_StandardCharges.csv
"Adventist HealthCare, Inc. d.b.a. Adventist HealthCare Shady Grove Medical Center",52-1532556,99213,CPT,E&M Established Level 3 - 25,both,,,,max,232.46,,,12/31/2025,52-1532556_AdventistHealthCareShadyGroveMedicalCenter_StandardCharges.csv
"Adventist HealthCare, Inc. d.b.a. Adventist HealthCare Shady Grove Medical Center",52-1532556,99213,CPT,E&M Established Level 3 - 25,both,,All Payers,All Plans,negotiated,211.33,,other,12/31/2025,52-1532556_AdventistHealthCareShadyGroveMedicalCenter_StandardCharges.csv
"Adventist HealthCare, Inc. d.b.a. Adventist HealthCare Shady Grove Medical Center",52-1532556,99214,CPT,E&M Established Level 4 - 25,both,,,,gross,264.16,,,12/31/2025,52-1532556_AdventistHealthCareShadyGroveMedicalCenter_StandardCharges.csv
"Adventist HealthCare, Inc. d.b.a. Adventist HealthCare Shady Grove Medical Center",52-1532556,99214,CPT,E&M Established Level 4 - 25,both,,,,discounted_cash,258.88,,,12/31/2025,52-1532556_AdventistHealthCareShadyGroveMedicalCenter_StandardCharges.csv
"Adventist HealthCare, Inc. d.b.a. Adventist HealthCare Shady Grove Medical Center",52-1532556,99214,CPT,E&M Established Level 4 - 25,both,,,,min,250.95,,,12/31/2025,52-1532556_AdventistHealthCareShadyGroveMedicalCenter_StandardCharges.csv
"Adventist HealthCare, Inc. d.b.a. Adventist HealthCare Shady Grove Medical Center",52-1532556,99214,CPT,E&M Established Level 4 - 25,both,,,,max,290.58,,,12/31/2025,52-1532556_AdventistHealthCareShadyGroveMedicalCenter_StandardCharges.csv
"Adventist HealthCare, Inc. d.b.a. Adventist HealthCare Shady Grove Medical Center",52-1532556,99214,CPT,E&M Established Level 4 - 25,both,,All Payers,All Plans,negotiated,264.16,,other,12/31/2025,52-1532556_AdventistHealthCareShadyGroveMedicalCenter_StandardCharges.csv
"Adventist HealthCare, Inc. d.b.a. Adventist HealthCare Shady Grove Medical Center",52-1532556,99215,CPT,E&M Established Level 5 - 25,both,,,,gross,316.99,,,12/31/2025,52-1532556_AdventistHealthCareShadyGroveMedicalCenter_StandardCharges.csv
"Adventist HealthCare, Inc. d.b.a. Adventist HealthCare Shady Grove Medical Center",52-1532556,99215,CPT,E&M Established Level 5 - 25,both,,,,discounted_cash,310.65,,,12/31/2025,52-1532556_AdventistHealthCareShadyGroveMedicalCenter_StandardCharges.csv
"Adventist HealthCare, Inc. d.b.a. Adventist HealthCare Shady Grove Medical Center",52-1532556,99215,CPT,E&M Established Level 5 - 25,both,,,,min,301.15,,,12/31/2025,52-1532556_AdventistHealthCareShadyGroveMedicalCenter_StandardCharges.csv
"Adventist HealthCare, Inc. d.b.a. Adventist HealthCare Shady Grove Medical Center",52-1532556,99215,CPT,E&M Established Level 5 - 25,both,,,,max,348.69,,,12/31/2025,52-1532556_AdventistHealthCareShadyGroveMedicalCenter_StandardCharges.csv
"Adventist HealthCare, Inc. d.b.a. Adventist HealthCare Shady Grove Medical Center",52-1532556,99215,CPT,E&M Established Level 5 - 25,both,,All Payers,All Plans,negotiated,316.99,,other,12/31/2025,52-1532556_AdventistHealthCareShadyGroveMedicalCenter_StandardCharges.csv
"Adventist HealthCare, Inc. d.b.a. Adventist HealthCare Shady Grove Medical Center",52-1532556,99211,CPT,E&M Established Outpatient Level 1,both,,,,gross,105.66,,,12/31/2025,52-1532556_AdventistHealthCareShadyGroveMedicalCenter_StandardCharges.csv
"Adventist HealthCare, Inc. d.b.a. Adventist HealthCare Shady Grove Medical Center",52-1532556,99211,CPT,E&M Established Outpatient Level 1,both,,,,discounted_cash,103.55,,,12/31/2025,52-1532556_AdventistHealthCareShadyGroveMedicalCenter_StandardCharges.csv
"Adventist HealthCare, Inc. d.b.a. Adventist HealthCare Shady Grove Medical Center",52-1532556,99211,CPT,E&M Established Outpatient Level 1,both,,,,min,100.38,,,12/31/2025,52-1532556_AdventistHealthCareShadyGroveMedicalCenter_StandardCharges.csv
"Adventist HealthCare, Inc. d.b.a. Adventist HealthCare Shady Grove Medical Center",52-1532556,99211,CPT,E&M Established Outpatient Level 1,both,,,,max,116.23,,,12/31/2025,52-1532556_AdventistHealthCareShadyGroveMedicalCenter_StandardCharges.csv
"Adventist HealthCare, Inc. d.b.a. Adventist HealthCare Shady Grove Medical Center",52-1532556,99211,CPT,E&M Established Outpatient Level 1,both,,All Payers,All Plans,negotiated,105.66,,other,12/31/2025,52-1532556_AdventistHealthCareShadyGroveMedicalCenter_StandardCharges.csv
"Adventist HealthCare, Inc. d.b.a. Adventist HealthCare Shady Grove Medical Center",52-1532556,99212,CPT,E&M Established Outpatient Level 2,both,,,,gross,158.5,,,12/31/2025,52-1532556_AdventistHealthCareShadyGroveMedicalCenter_StandardCharges.csv
"Adventist HealthCare, Inc. d.b.a. Adventist HealthCare Shady Grove Medical Center",52-1532556,99212,CPT,E&M Established Outpatient Level 2,both,,,,discounted_cash,155.33,,,12/31/2025,52-1532556_AdventistHealthCareShadyGroveMedicalCenter_StandardCharges.csv
"Adventist HealthCare, Inc. d.b.a. Adventist HealthCare Shady Grove Medical Center",52-1532556,99212,CPT,E&M Established Outpatient Level 2,both,,,,min,150.57,,,12/31/2025,52-1532556_AdventistHealthCareShadyGroveMedicalCenter_StandardCharges.csv
"Adventist HealthCare, Inc. d.b.a. Adventist HealthCare Shady Grove Medical Center",52-1532556,99212,CPT,E&M Established Outpatient Level 2,both,,,,max,174.35,,,12/31/2025,52-1532556_AdventistHealthCareShadyGroveMedicalCenter_StandardCharges.csv
"Adventist HealthCare, Inc. d.b.a. Adventist HealthCare Shady Grove Medical Center",52-1532556,99212,CPT,E&M Established Outpatient Level 2,both,,All Payers,All Plans,negotiated,158.5,,other,12/31/2025,52-1532556_AdventistHealthCareShadyGroveMedicalCenter_StandardCharges.csv
"Adventist HealthCare, Inc. d.b.a. Adventist HealthCare Shady Grove Medical Center",52-1532556,99213,CPT,E&M Established Outpatient Level 3,both,,,,gross,211.33,,,12/31/2025,52-1532556_AdventistHealthCareShadyGroveMedicalCenter_StandardCharges.csv
"Adventist HealthCare, Inc. d.b.a. Adventist HealthCare Shady Grove Medical Center",52-1532556,99213,CPT,E&M Established Outpatient Level 3,both,,,,discounted_cash,207.1,,,12/31/2025,52-1532556_AdventistHealthCareShadyGroveMedicalCenter_StandardCharges.csv
"Adventist HealthCare, Inc. d.b.a. Adventist HealthCare Shady Grove Medical Center",52-1532556,99213,CPT,E&M Established Outpatient Level 3,both,,,,min,200.76,,,12/31/2025,52-1532556_AdventistHealthCareShadyGroveMedicalCenter_StandardCharges.csv
"Adventist HealthCare, Inc. d.b.a. Adventist HealthCare Shady Grove Medical Center",52-1532556,99213,CPT,E&M Established Outpatient Level 3,both,,,,max,232.46,,,12/31/2025,52-1532556_AdventistHealthCareShadyGroveMedicalCenter_StandardCharges.csv
"Adventist HealthCare, Inc. d.b.a. Adventist HealthCare Shady Grove Medical Center",52-1532556,99213,CPT,E&M Established Outpatient Level 3,both,,All Payers,All Plans,negotiated,211.33,,other,12/31/2025,52-1532556_AdventistHealthCareShadyGroveMedicalCenter_StandardCharges.csv
"Adventist HealthCare, Inc. d.b.a. Adventist HealthCare Shady Grove Medical Center",52-1532556,99214,CPT,E&M Established Outpatient Level 4,both,,,,gross,264.16,,,12/31/2025,52-1532556_AdventistHealthCareShadyGroveMedicalCenter_StandardCharges.csv
"Adventist HealthCare, Inc. d.b.a. Adventist HealthCare Shady Grove Medical Center",52-1532556,99214,CPT,E&M Established Outpatient Level 4,both,,,,discounted_cash,258.88,,,12/31/2025,52-1532556_AdventistHealthCareShadyGroveMedicalCenter_StandardCharges.csv
"Adventist HealthCare, Inc. d.b.a. Adventist HealthCare Shady Grove Medical Center",52-1532556,99214,CPT,E&M Established Outpatient Level 4,both,,,,min,250.95,,,12/31/2025,52-1532556_AdventistHealthCareShadyGroveMedicalCenter_StandardCharges.csv
"Adventist HealthCare, Inc. d.b.a. Adventist HealthCare Shady Grove Medical Center",52-1532556,99214,CPT,E&M Established Outpatient Level 4,both,,,,max,290.58,,,12/31/2025,52-1532556_AdventistHealthCareShadyGroveMedicalCenter_StandardCharges.csv
"Adventist HealthCare, Inc. d.b.a. Adventist HealthCare Shady Grove Medical Center",52-1532556,99214,CPT,E&M Established Outpatient Level 4,both,,All Payers,All Plans,negotiated,264.16,,other,12/31/2025,52-1532556_AdventistHealthCareShadyGroveMedicalCenter_StandardCharges.csv
"Adventist HealthCare, Inc. d.b.a. Adventist HealthCare Shady Grove Medical Center",52-1532556,99215,CPT,E&M Established Outpatient Level 5,both,,,,gross,316.99,,,12/31/2025,52-1532556_AdventistHealthCareShadyGroveMedicalCenter_StandardCharges.csv
"Adventist HealthCare, Inc. d.b.a. Adventist HealthCare Shady Grove Medical Center",52-1532556,99215,CPT,E&M Established Outpatient Level 5,both,,,,discounted_cash,310.65,,,12/31/2025,52-1532556_AdventistHealthCareShadyGroveMedicalCenter_StandardCharges.csv
"Adventist HealthCare, Inc. d.b.a. Adventist HealthCare Shady Grove Medical Center",52-1532556,99215,CPT,E&M Established Outpatient Level 5,both,,,,min,301.15,,,12/31/2025,52-1532556_AdventistHealthCareShadyGroveMedicalCenter_StandardCharges.csv
"Adventist HealthCare, Inc. d.b.a. Adventist HealthCare Shady Grove Medical Center",52-1532556,99215,CPT,E&M Established Outpatient Level 5,both,,,,max,348.69,,,12/31/2025,52-1532556_AdventistHealthCareShadyGroveMedicalCenter_StandardCharges.csv
"Adventist HealthCare, Inc. d.b.a. Adventist HealthCare Shady Grove Medical Center",52-1532556,99215,CPT,E&M Established Outpatient Level 5,both,,All Payers,All Plans,negotiated,316.99,,other,12/31/2025,52-1532556_AdventistHealthCareShadyGroveMedicalCenter_StandardCharges.csv
"Adventist HealthCare, Inc. d.b.a. Adventist HealthCare Shady Grove Medical Center",52-1532556,99211,CPT,E&M New Level 1 - 25,both,,,,gross,105.66,,,12/31/2025,52-1532556_AdventistHealthCareShadyGroveMedicalCenter_StandardCharges.csv
"Adventist HealthCare, Inc. d.b.a. Adventist HealthCare Shady Grove Medical Center",52-1532556,99211,CPT,E&M New Level 1 - 25,both,,,,discounted_cash,103.55,,,12/31/2025,52-1532556_AdventistHealthCareShadyGroveMedicalCenter_StandardCharges.csv
"Adventist HealthCare, Inc. d.b.a. Adventist HealthCare Shady Grove Medical Center",52-1532556,99211,CPT,E&M New Level 1 - 25,both,,,,min,100.38,,,12/31/2025,52-1532556_AdventistHealthCareShadyGroveMedicalCenter_StandardCharges.csv
"Adventist HealthCare, Inc. d.b.a. Adventist HealthCare Shady Grove Medical Center",52-1532556,99211,CPT,E&M New Level 1 - 25,both,,,,max,116.23,,,12/31/2025,52-1532556_AdventistHealthCareShadyGroveMedicalCenter_StandardCharges.csv
"Adventist HealthCare, Inc. d.b.a. Adventist HealthCare Shady Grove Medical Center",52-1532556,99211,CPT,E&M New Level 1 - 25,both,,All Payers,All Plans,negotiated,105.66,,other,12/31/2025,52-1532556_AdventistHealthCareShadyGroveMedicalCenter_StandardCharges.csv
"Adventist HealthCare, Inc. d.b.a. Adventist HealthCare Shady Grove Medical Center",52-1532556,99202,CPT,E&M New Level 2 - 25,both,,,,gross,158.5,,,12/31/2025,52-1532556_AdventistHealthCareShadyGroveMedicalCenter_StandardCharges.csv
"Adventist HealthCare, Inc. d.b.a. Adventist HealthCare Shady Grove Medical Center",52-1532556,99202,CPT,E&M New Level 2 - 25,both,,,,discounted_cash,155.33,,,12/31/2025,52-1532556_AdventistHealthCareShadyGroveMedicalCenter_StandardCharges.csv
"Adventist HealthCare, Inc. d.b.a. Adventist HealthCare Shady Grove Medical Center",52-1532556,99202,CPT,E&M New Level 2 - 25,both,,,,min,150.57,,,12/31/2025,52-1532556_AdventistHealthCareShadyGroveMedicalCenter_StandardCharges.csv
"Adventist HealthCare, Inc. d.b.a. Adventist HealthCare Shady Grove Medical Center",52-1532556,99202,CPT,E&M New Level 2 - 25,both,,,,max,174.35,,,12/31/2025,52-1532556_AdventistHealthCareShadyGroveMedicalCenter_StandardCharges.csv
"Adventist HealthCare, Inc. d.b.a. Adventist HealthCare Shady Grove Medical Center",52-1532556,99202,CPT,E&M New Level 2 - 25,both,,All Payers,All Plans,negotiated,158.5,,other,12/31/2025,52-1532556_AdventistHealthCareShadyGroveMedicalCenter_StandardCharges.csv
"Adventist HealthCare, Inc. d.b.a. Adventist HealthCare Shady Grove Medical Center",52-1532556,99203,CPT,E&M New Level 3 - 25,both,,,,gross,211.33,,,12/31/2025,52-1532556_AdventistHealthCareShadyGroveMedicalCenter_StandardCharges.csv
"Adventist HealthCare, Inc. d.b.a. Adventist HealthCare Shady Grove Medical Center",52-1532556,99203,CPT,E&M New Level 3 - 25,both,,,,discounted_cash,207.1,,,12/31/2025,52-1532556_AdventistHealthCareShadyGroveMedicalCenter_StandardCharges.csv
"Adventist HealthCare, Inc. d.b.a. Adventist HealthCare Shady Grove Medical Center",52-1532556,99203,CPT,E&M New Level 3 - 25,both,,,,min,200.76,,,12/31/2025,52-1532556_AdventistHealthCareShadyGroveMedicalCenter_StandardCharges.csv
"Adventist HealthCare, Inc. d.b.a. Adventist HealthCare Shady Grove Medical Center",52-1532556,99203,CPT,E&M New Level 3 - 25,both,,,,max,232.46,,,12/31/2025,52-1532556_AdventistHealthCareShadyGroveMedicalCenter_StandardCharges.csv
"Adventist HealthCare, Inc. d.b.a. Adventist HealthCare Shady Grove Medical Center",52-1532556,99203,CPT,E&M New Level 3 - 25,both,,All Payers,All Plans,negotiated,211.33,,other,12/31/2025,52-1532556_AdventistHealthCareShadyGroveMedicalCenter_StandardCharges.csv
"Adventist HealthCare, Inc. d.b.a. Adventist HealthCare Shady Grove Medical Center",52-1532556,99204,CPT,E&M New Level 4 - 25,both,,,,gross,264.16,,,12/31/2025,52-1532556_AdventistHealthCareShadyGroveMedicalCenter_StandardCharges.csv
"Adventist HealthCare, Inc. d.b.a. Adventist HealthCare Shady Grove Medical Center",52-1532556,99204,CPT,E&M New Level 4 - 25,both,,,,discounted_cash,258.88,,,12/31/2025,52-1532556_AdventistHealthCareShadyGroveMedicalCenter_StandardCharges.csv
"Adventist HealthCare, Inc. d.b.a. Adventist HealthCare Shady Grove Medical Center",52-1532556,99204,CPT,E&M New Level 4 - 25,both,,,,min,250.95,,,12/31/2025,52-1532556_AdventistHealthCareShadyGroveMedicalCenter_StandardCharges.csv
"Adventist HealthCare, Inc. d.b.a. Adventist HealthCare Shady Grove Medical Center",52-1532556,99204,CPT,E&M New Level 4 - 25,both,,,,max,290.58,,,12/31/2025,52-1532556_AdventistHealthCareShadyGroveMedicalCenter_StandardCharges.csv
"Adventist HealthCare, Inc. d.b.a. Adventist HealthCare Shady Grove Medical Center",52-1532556,99204,CPT,E&M New Level 4 - 25,both,,All Payers,All Plans,negotiated,264.16,,other,12/31/2025,52-1532556_AdventistHealthCareShadyGroveMedicalCenter_StandardCharges.csv
"Adventist HealthCare, Inc. d.b.a. Adventist HealthCare Shady Grove Medical Center",52-1532556,99205,CPT,E&M New Level 5 - 25,both,,,,gross,316.99,,,12/31/2025,52-1532556_AdventistHealthCareShadyGroveMedicalCenter_StandardCharges.csv
"Adventist HealthCare, Inc. d.b.a. Adventist HealthCare Shady Grove Medical Center",52-1532556,99205,CPT,E&M New Level 5 - 25,both,,,,discounted_cash,310.65,,,12/31/2025,52-1532556_AdventistHealthCareShadyGroveMedicalCenter_StandardCharges.csv
"Adventist HealthCare, Inc. d.b.a. Adventist HealthCare Shady Grove Medical Center",52-1532556,99205,CPT,E&M New Level 5 - 25,both,,,,min,301.15,,,12/31/2025,52-1532556_AdventistHealthCareShadyGroveMedicalCenter_StandardCharges.csv
"Adventist HealthCare, Inc. d.b.a. Adventist HealthCare Shady Grove Medical Center",52-1532556,99205,CPT,E&M New Level 5 - 25,both,,,,max,348.69,,,12/31/2025,52-1532556_AdventistHealthCareShadyGroveMedicalCenter_StandardCharges.csv
"Adventist HealthCare, Inc. d.b.a. Adventist HealthCare Shady Grove Medical Center",52-1532556,99205,CPT,E&M New Level 5 - 25,both,,All Payers,All Plans,negotiated,316.99,,other,12/31/2025,52-1532556_AdventistHealthCareShadyGroveMedicalCenter_StandardCharges.csv
"Adventist HealthCare, Inc. d.b.a. Adventist HealthCare Shady Grove Medical Center",52-1532556,99211,CPT,E&M New Outpatient Level 1,both,,,,gross,105.66,,,12/31/2025,52-1532556_AdventistHealthCareShadyGroveMedicalCenter_StandardCharges.csv
"Adventist HealthCare, Inc. d.b.a. Adventist HealthCare Shady Grove Medical Center",52-1532556,99211,CPT,E&M New Outpatient Level 1,both,,,,discounted_cash,103.55,,,12/31/2025,52-1532556_AdventistHealthCareShadyGroveMedicalCenter_StandardCharges.csv
"Adventist HealthCare, Inc. d.b.a. Adventist HealthCare Shady Grove Medical Center",52-1532556,99211,CPT,E&M New Outpatient Level 1,both,,,,min,100.38,,,12/31/2025,52-1532556_AdventistHealthCareShadyGroveMedicalCenter_StandardCharges.csv
"Adventist HealthCare, Inc. d.b.a. Adventist HealthCare Shady Grove Medical Center",52-1532556,99211,CPT,E&M New Outpatient Level 1,both,,,,max,116.23,,,12/31/2025,52-1532556_AdventistHealthCareShadyGroveMedicalCenter_StandardCharges.csv
"Adventist HealthCare, Inc. d.b.a. Adventist HealthCare Shady Grove Medical Center",52-1532556,99211,CPT,E&M New Outpatient Level 1,both,,All Payers,All Plans,negotiated,105.66,,other,12/31/2025,52-1532556_AdventistHealthCareShadyGroveMedicalCenter_StandardCharges.csv
"Adventist HealthCare, Inc. d.b.a. Adventist HealthCare Shady Grove Medical Center",52-1532556,99202,CPT,E&M New Outpatient Level 2,both,,,,gross,158.5,,,12/31/2025,52-1532556_AdventistHealthCareShadyGroveMedicalCenter_StandardCharges.csv
"Adventist HealthCare, Inc. d.b.a. Adventist HealthCare Shady Grove Medical Center",52-1532556,99202,CPT,E&M New Outpatient Level 2,both,,,,discounted_cash,155.33,,,12/31/2025,52-1532556_AdventistHealthCareShadyGroveMedicalCenter_StandardCharges.csv
"Adventist HealthCare, Inc. d.b.a. Adventist HealthCare Shady Grove Medical Center",52-1532556,99202,CPT,E&M New Outpatient Level 2,both,,,,min,150.57,,,12/31/2025,52-1532556_AdventistHealthCareShadyGroveMedicalCenter_StandardCharges.csv
"Adventist HealthCare, Inc. d.b.a. Adventist HealthCare Shady Grove Medical Center",52-1532556,99202,CPT,E&M New Outpatient Level 2,both,,,,max,174.35,,,12/31/2025,52-1532556_AdventistHealthCareShadyGroveMedicalCenter_StandardCharges.csv
"Adventist HealthCare, Inc. d.b.a. Adventist HealthCare Shady Grove Medical Center",52-1532556,99202,CPT,E&M New Outpatient Level 2,both,,All Payers,All Plans,negotiated,158.5,,other,12/31/2025,52-1532556_AdventistHealthCareShadyGroveMedicalCenter_StandardCharges.csv
"Adventist HealthCare, Inc. d.b.a. Adventist HealthCare Shady Grove Medical Center",52-1532556,99203,CPT,E&M New Outpatient Level 3,both,,,,gross,211.33,,,12/31/2025,52-1532556_AdventistHealthCareShadyGroveMedicalCenter_StandardCharges.csv
"Adventist HealthCare, Inc. d.b.a. Adventist HealthCare Shady Grove Medical Center",52-1532556,99203,CPT,E&M New Outpatient Level 3,both,,,,discounted_cash,207.1,,,12/31/2025,52-1532556_AdventistHealthCareShadyGroveMedicalCenter_StandardCharges.csv
"Adventist HealthCare, Inc. d.b.a. Adventist HealthCare Shady Grove Medical Center",52-1532556,99203,CPT,E&M New Outpatient Level 3,both,,,,min,200.76,,,12/31/2025,52-1532556_AdventistHealthCareShadyGroveMedicalCenter_StandardCharges.csv
"Adventist HealthCare, Inc. d.b.a. Adventist HealthCare Shady Grove Medical Center",52-1532556,99203,CPT,E&M New Outpatient Level 3,both,,,,max,232.46,,,12/31/2025,52-1532556_AdventistHealthCareShadyGroveMedicalCenter_StandardCharges.csv
"Adventist HealthCare, Inc. d.b.a. Adventist HealthCare Shady Grove Medical Center",52-1532556,99203,CPT,E&M New Outpatient Level 3,both,,All Payers,All Plans,negotiated,211.33,,other,12/31/2025,52-1532556_AdventistHealthCareShadyGroveMedicalCenter_StandardCharges.csv
"Adventist HealthCare, Inc. d.b.a. Adventist HealthCare Shady Grove Medical Center",52-1532556,99204,CPT,E&M New Outpatient Level 4,both,,,,gross,264.16,,,12/31/2025,52-1532556_AdventistHealthCareShadyGroveMedicalCenter_StandardCharges.csv
"Adventist HealthCare, Inc. d.b.a. Adventist HealthCare Shady Grove Medical Center",52-1532556,99204,CPT,E&M New Outpatient Level 4,both,,,,discounted_cash,258.88,,,12/31/2025,52-1532556_AdventistHealthCareShadyGroveMedicalCenter_StandardCharges.csv
"Adventist HealthCare, Inc. d.b.a. Adventist HealthCare Shady Grove Medical Center",52-1532556,99204,CPT,E&M New Outpatient Level 4,both,,,,min,250.95,,,12/31/2025,52-1532556_AdventistHealthCareShadyGroveMedicalCenter_StandardCharges.csv
"Adventist HealthCare, Inc. d.b.a. Adventist HealthCare Shady Grove Medical Center",52-1532556,99204,CPT,E&M New Outpatient Level 4,both,,,,max,290.58,,,12/31/2025,52-1532556_AdventistHealthCareShadyGroveMedicalCenter_StandardCharges.csv
"Adventist HealthCare, Inc. d.b.a. Adventist HealthCare Shady Grove Medical Center",52-1532556,99204,CPT,E&M New Outpatient Level 4,both,,All Payers,All Plans,negotiated,264.16,,other,12/31/2025,52-1532556_AdventistHealthCareShadyGroveMedicalCenter_StandardCharges.csv
"Adventist HealthCare, Inc. d.b.a. Adventist HealthCare Shady Grove Medical Center",52-1532556,99205,CPT,E&M New Outpatient Level 5,both,,,,gross,316.99,,,12/31/2025,52-1532556_AdventistHealthCareShadyGroveMedicalCenter_StandardCharges.csv
"Adventist HealthCare, Inc. d.b.a. Adventist HealthCare Shady Grove Medical Center",52-1532556,99205,CPT,E&M New Outpatient Level 5,both,,,,discounted_cash,310.65,,,12/31/2025,52-1532556_AdventistHealthCareShadyGroveMedicalCenter_StandardCharges.csv
"Adventist HealthCare, Inc. d.b.a. Adventist HealthCare Shady Grove Medical Center",52-1532556,99205,CPT,E&M New Outpatient Level 5,both,,,,min,301.15,,,12/31/2025,52-1532556_AdventistHealthCareShadyGroveMedicalCenter_StandardCharges.csv
"Adventist HealthCare, Inc. d.b.a. Adventist HealthCare Shady Grove Medical Center",52-1532556,99205,CPT,E&M New Outpatient Level 5,both,,,,max,348.69,,,12/31/2025,52-1532556_AdventistHealthCareShadyGroveMedicalCenter_StandardCharges.csv
"Adventist HealthCare, Inc. d.b.a. Adventist HealthCare Shady Grove Medical Center",52-1532556,99205,CPT,E&M New Outpatient Level 5,both,,All Payers,All Plans,negotiated,316.99,,other,12/31/2025,52-1532556_AdventistHealthCareShadyGroveMedicalCenter_StandardCharges.csv
"Adventist HealthCare, Inc. d.b.a. Adventist HealthCare Shady Grove Medical Center",52-1532556,99211,CPT,HBO E&M est out pt- level 1,both,,,,gross,105.66,,,12/31/2025,52-1532556_AdventistHealthCareShadyGroveMedicalCenter_StandardCharges.csv
"Adventist HealthCare, Inc. d.b.a. Adventist HealthCare Shady Grove Medical Center",52-1532556,99211,CPT,HBO E&M est out pt- level 1,both,,,,discounted_cash,103.55,,,12/31/2025,52-1532556_AdventistHealthCareShadyGroveMedicalCenter_StandardCharges.csv
"Adventist HealthCare, Inc. d.b.a. Adventist HealthCare Shady Grove Medical Center",52-1532556,99211,CPT,HBO E&M est out pt- level 1,both,,,,min,100.38,,,12/31/2025,52-1532556_AdventistHealthCareShadyGroveMedicalCenter_StandardCharges.csv
"Adventist HealthCare, Inc. d.b.a. Adventist HealthCare Shady Grove Medical Center",52-1532556,99211,CPT,HBO E&M est out pt- level 1,both,,,,max,116.23,,,12/31/2025,52-1532556_AdventistHealthCareShadyGroveMedicalCenter_StandardCharges.csv
"Adventist HealthCare, Inc. d.b.a. Adventist HealthCare Shady Grove Medical Center",52-1532556,99211,CPT,HBO E&M est out pt- level 1,both,,All Payers,All Plans,negotiated,105.66,,other,12/31/2025,52-1532556_AdventistHealthCareShadyGroveMedicalCenter_StandardCharges.csv
"Adventist HealthCare, Inc. d.b.a. Adventist HealthCare Shady Grove Medical Center",52-1532556,99211,CPT,HBO E&M est out-pt level 1-25,both,,,,gross,105.66,,,12/31/2025,52-1532556_AdventistHealthCareShadyGroveMedicalCenter_StandardCharges.csv
"Adventist HealthCare, Inc. d.b.a. Adventist HealthCare Shady Grove Medical Center",52-1532556,99211,CPT,HBO E&M est out-pt level 1-25,both,,,,discounted_cash,103.55,,,12/31/2025,52-1532556_AdventistHealthCareShadyGroveMedicalCenter_StandardCharges.csv
"Adventist HealthCare, Inc. d.b.a. Adventist HealthCare Shady Grove Medical Center",52-1532556,99211,CPT,HBO E&M est out-pt level 1-25,both,,,,min,100.38,,,12/31/2025,52-1532556_AdventistHealthCareShadyGroveMedicalCenter_StandardCharges.csv
"Adventist HealthCare, Inc. d.b.a. Adventist HealthCare Shady Grove Medical Center",52-1532556,99211,CPT,HBO E&M est out-pt level 1-25,both,,,,max,116.23,,,12/31/2025,52-1532556_AdventistHealthCareShadyGroveMedicalCenter_StandardCharges.csv
"Adventist HealthCare, Inc. d.b.a. Adventist HealthCare Shady Grove Medical Center",52-1532556,99211,CPT,HBO E&M est out-pt level 1-25,both,,All Payers,All Plans,negotiated,105.66,,other,12/31/2025,52-1532556_AdventistHealthCareShadyGroveMedicalCenter_StandardCharges.csv
"Adventist HealthCare, Inc. d.b.a. Adventist HealthCare Shady Grove Medical Center",52-1532556,99211,CPT,HBO E&M new out pt Level 1-25,both,,,,gross,105.66,,,12/31/2025,52-1532556_AdventistHealthCareShadyGroveMedicalCenter_StandardCharges.csv
"Adventist HealthCare, Inc. d.b.a. Adventist HealthCare Shady Grove Medical Center",52-1532556,99211,CPT,HBO E&M new out pt Level 1-25,both,,,,discounted_cash,103.55,,,12/31/2025,52-1532556_AdventistHealthCareShadyGroveMedicalCenter_StandardCharges.csv
"Adventist HealthCare, Inc. d.b.a. Adventist HealthCare Shady Grove Medical Center",52-1532556,99211,CPT,HBO E&M new out pt Level 1-25,both,,,,min,100.38,,,12/31/2025,52-1532556_AdventistHealthCareShadyGroveMedicalCenter_StandardCharges.csv
"Adventist HealthCare, Inc. d.b.a. Adventist HealthCare Shady Grove Medical Center",52-1532556,99211,CPT,HBO E&M new out pt Level 1-25,both,,,,max,116.23,,,12/31/2025,52-1532556_AdventistHealthCareShadyGroveMedicalCenter_StandardCharges.csv
"Adventist HealthCare, Inc. d.b.a. Adventist HealthCare Shady Grove Medical Center",52-1532556,99211,CPT,HBO E&M new out pt Level 1-25,both,,All Payers,All Plans,negotiated,105.66,,other,12/31/2025,52-1532556_AdventistHealthCareShadyGroveMedicalCenter_StandardCharges.csv
"Adventist HealthCare, Inc. d.b.a. Adventist HealthCare Shady Grove Medical Center",52-1532556,99211,CPT,HBO E&M new out pt-level 1,both,,,,gross,105.66,,,12/31/2025,52-1532556_AdventistHealthCareShadyGroveMedicalCenter_StandardCharges.csv
"Adventist HealthCare, Inc. d.b.a. Adventist HealthCare Shady Grove Medical Center",52-1532556,99211,CPT,HBO E&M new out pt-level 1,both,,,,discounted_cash,103.55,,,12/31/2025,52-1532556_AdventistHealthCareShadyGroveMedicalCenter_StandardCharges.csv
"Adventist HealthCare, Inc. d.b.a. Adventist HealthCare Shady Grove Medical Center",52-1532556,99211,CPT,HBO E&M new out pt-level 1,both,,,,min,100.38,,,12/31/2025,52-1532556_AdventistHealthCareShadyGroveMedicalCenter_StandardCharges.csv
"Adventist HealthCare, Inc. d.b.a. Adventist HealthCare Shady Grove Medical Center",52-1532556,99211,CPT,HBO E&M new out pt-level 1,both,,,,max,116.23,,,12/31/2025,52-1532556_AdventistHealthCareShadyGroveMedicalCenter_StandardCharges.csv
"Adventist HealthCare, Inc. d.b.a. Adventist HealthCare Shady Grove Medical Center",52-1532556,99211,CPT,HBO E&M new out pt-level 1,both,,All Payers,All Plans,negotiated,105.66,,other,12/31/2025,52-1532556_AdventistHealthCareShadyGroveMedicalCenter_StandardCharges.csv
"Adventist HealthCare, Inc. d.b.a. Adventist HealthCare Shady Grove Medical Center",52-1532556,96372,CPT,WC IM/SQ INJECTION 96372,both,,,,gross,105.66,,,12/31/2025,52-1532556_AdventistHealthCareShadyGroveMedicalCenter_StandardCharges.csv
"Adventist HealthCare, Inc. d.b.a. Adventist HealthCare Shady Grove Medical Center",52-1532556,96372,CPT,WC IM/SQ INJECTION 96372,both,,,,discounted_cash,103.55,,,12/31/2025,52-1532556_AdventistHealthCareShadyGroveMedicalCenter_StandardCharges.csv
"Adventist HealthCare, Inc. d.b.a. Adventist HealthCare Shady Grove Medical Center",52-1532556,96372,CPT,WC IM/SQ INJECTION 96372,both,,,,min,100.38,,,12/31/2025,52-1532556_AdventistHealthCareShadyGroveMedicalCenter_StandardCharges.csv
"Adventist HealthCare, Inc. d.b.a. Adventist HealthCare Shady Grove Medical Center",52-1532556,96372,CPT,WC IM/SQ INJECTION 96372,both,,,,max,116.23,,,12/31/2025,52-1532556_AdventistHealthCareShadyGroveMedicalCenter_StandardCharges.csv
"Adventist HealthCare, Inc. d.b.a. Adventist HealthCare Shady Grove Medical Center",52-1532556,96372,CPT,WC IM/SQ INJECTION 96372,both,,All Payers,All Plans,negotiated,105.66,,other,12/31/2025,52-1532556_AdventistHealthCareShadyGroveMedicalCenter_StandardCharges.csv
"Adventist HealthCare, Inc. d.b.a. Adventist HealthCare Shady Grove Medical Center",52-1532556,90853,CPT,BH Chg PHP MH: Group Therapy,outpatient,,,,gross,208.79,,,12/31/2025,52-1532556_AdventistHealthCareShadyGroveMedicalCenter_StandardCharges.csv
"Adventist HealthCare, Inc. d.b.a. Adventist HealthCare Shady Grove Medical Center",52-1532556,90853,CPT,BH Chg PHP MH: Group Therapy,outpatient,,,,discounted_cash,204.61,,,12/31/2025,52-1532556_AdventistHealthCareShadyGroveMedicalCenter_StandardCharges.csv
"Adventist HealthCare, Inc. d.b.a. Adventist HealthCare Shady Grove Medical Center",52-1532556,90853,CPT,BH Chg PHP MH: Group Therapy,outpatient,,,,min,198.35,,,12/31/2025,52-1532556_AdventistHealthCareShadyGroveMedicalCenter_StandardCharges.csv
"Adventist HealthCare, Inc. d.b.a. Adventist HealthCare Shady Grove Medical Center",52-1532556,90853,CPT,BH Chg PHP MH: Group Therapy,outpatient,,,,max,229.67,,,12/31/2025,52-1532556_AdventistHealthCareShadyGroveMedicalCenter_StandardCharges.csv
"Adventist HealthCare, Inc. d.b.a. Adventist HealthCare Shady Grove Medical Center",52-1532556,90853,CPT,BH Chg PHP MH: Group Therapy,outpatient,,All Payers,All Plans,negotiated,208.79,,other,12/31/2025,52-1532556_AdventistHealthCareShadyGroveMedicalCenter_StandardCharges.csv
"Adventist HealthCare, Inc. d.b.a. Adventist HealthCare Shady Grove Medical Center",52-1532556,90853,CPT,BH Chg PHP MH: Per Diem,outpatient,,,,gross,1252.71,,,12/31/2025,52-1532556_AdventistHealthCareShadyGroveMedicalCenter_StandardCharges.csv
"Adventist HealthCare, Inc. d.b.a. Adventist HealthCare Shady Grove Medical Center",52-1532556,90853,CPT,BH Chg PHP MH: Per Diem,outpatient,,,,discounted_cash,1227.66,,,12/31/2025,52-1532556_AdventistHealthCareShadyGroveMedicalCenter_StandardCharges.csv
"Adventist HealthCare, Inc. d.b.a. Adventist HealthCare Shady Grove Medical Center",52-1532556,90853,CPT,BH Chg PHP MH: Per Diem,outpatient,,,,min,1190.08,,,12/31/2025,52-1532556_AdventistHealthCareShadyGroveMedicalCenter_StandardCharges.csv
"Adventist HealthCare, Inc. d.b.a. Adventist HealthCare Shady Grove Medical Center",52-1532556,90853,CPT,BH Chg PHP MH: Per Diem,outpatient,,,,max,1377.98,,,12/31/2025,52-1532556_AdventistHealthCareShadyGroveMedicalCenter_StandardCharges.csv
"Adventist HealthCare, Inc. d.b.a. Adventist HealthCare Shady Grove Medical Center",52-1532556,90853,CPT,BH Chg PHP MH: Per Diem,outpatient,,All Payers,All Plans,negotiated,1252.71,,other,12/31/2025,52-1532556_AdventistHealthCareShadyGroveMedicalCenter_StandardCharges.csv
"Adventist HealthCare, Inc. d.b.a. Adventist HealthCare Shady Grove Medical Center",52-1532556,90853,CPT,BH Chg PHP Half Day: Per Diem,outpatient,,,,gross,939.53,,,12/31/2025,52-1532556_AdventistHealthCareShadyGroveMedicalCenter_StandardCharges.csv
"Adventist HealthCare, Inc. d.b.a. Adventist HealthCare Shady Grove Medical Center",52-1532556,90853,CPT,BH Chg PHP Half Day: Per Diem,outpatient,,,,discounted_cash,920.74,,,12/31/2025,52-1532556_AdventistHealthCareShadyGroveMedicalCenter_StandardCharges.csv
"Adventist HealthCare, Inc. d.b.a. Adventist HealthCare Shady Grove Medical Center",52-1532556,90853,CPT,BH Chg PHP Half Day: Per Diem,outpatient,,,,min,892.56,,,12/31/2025,52-1532556_AdventistHealthCareShadyGroveMedicalCenter_StandardCharges.csv
"Adventist HealthCare, Inc. d.b.a. Adventist HealthCare Shady Grove Medical Center",52-1532556,90853,CPT,BH Chg PHP Half Day: Per Diem,outpatient,,,,max,1033.49,,,12/31/2025,52-1532556_AdventistHealthCareShadyGroveMedicalCenter_StandardCharges.csv
"Adventist HealthCare, Inc. d.b.a. Adventist HealthCare Shady Grove Medical Center",52-1532556,90853,CPT,BH Chg PHP Half Day: Per Diem,outpatient,,All Payers,All Plans,negotiated,939.53,,other,12/31/2025,52-1532556_AdventistHealthCareShadyGroveMedicalCenter_StandardCharges.csv
"Adventist HealthCare, Inc. d.b.a. Adventist HealthCare Shady Grove Medical Center",52-1532556,H0035,HCPCS,BH Chg PHP MH: Per Diem BCE,outpatient,,,,gross,1252.71,,,12/31/2025,52-1532556_AdventistHealthCareShadyGroveMedicalCenter_StandardCharges.csv
"Adventist HealthCare, Inc. d.b.a. Adventist HealthCare Shady Grove Medical Center",52-1532556,H0035,HCPCS,BH Chg PHP MH: Per Diem BCE,outpatient,,,,discounted_cash,1227.66,,,12/31/2025,52-1532556_AdventistHealthCareShadyGroveMedicalCenter_StandardCharges.csv
"Adventist HealthCare, Inc. d.b.a. Adventist HealthCare Shady Grove Medical Center",52-1532556,H0035,HCPCS,BH Chg PHP MH: Per Diem BCE,outpatient,,,,min,1190.08,,,12/31/2025,52-1532556_AdventistHealthCareShadyGroveMedicalCenter_StandardCharges.csv
"Adventist HealthCare, Inc. d.b.a. Adventist HealthCare Shady Grove Medical Center",52-1532556,H0035,HCPCS,BH Chg PHP MH: Per Diem BCE,outpatient,,,,max,1377.98,,,12/31/2025,52-1532556_AdventistHealthCareShadyGroveMedicalCenter_StandardCharges.csv
"Adventist HealthCare, Inc. d.b.a. Adventist HealthCare Shady Grove Medical Center",52-1532556,H0035,HCPCS,BH Chg PHP MH: Per Diem BCE,outpatient,,All Payers,All Plans,negotiated,1252.71,,other,12/31/2025,52-1532556_AdventistHealthCareShadyGroveMedicalCenter_StandardCharges.csv
"Adventist HealthCare, Inc. d.b.a. Adventist HealthCare Shady Grove Medical Center",52-1532556,H0035,HCPCS,BH Chg PHP visit -> BH Chg PHP MH: Per Diem,outpatient,,,,gross,1252.71,,,12/31/2025,52-1532556_AdventistHealthCareShadyGroveMedicalCenter_StandardCharges.csv
"Adventist HealthCare, Inc. d.b.a. Adventist HealthCare Shady Grove Medical Center",52-1532556,H0035,HCPCS,BH Chg PHP visit -> BH Chg PHP MH: Per Diem,outpatient,,,,discounted_cash,1227.66,,,12/31/2025,52-1532556_AdventistHealthCareShadyGroveMedicalCenter_StandardCharges.csv
"Adventist HealthCare, Inc. d.b.a. Adventist HealthCare Shady Grove Medical Center",52-1532556,H0035,HCPCS,BH Chg PHP visit -> BH Chg PHP MH: Per Diem,outpatient,,,,min,1190.08,,,12/31/2025,52-1532556_AdventistHealthCareShadyGroveMedicalCenter_StandardCharges.csv
"Adventist HealthCare, Inc. d.b.a. Adventist HealthCare Shady Grove Medical Center",52-1532556,H0035,HCPCS,BH Chg PHP visit -> BH Chg PHP MH: Per Diem,outpatient,,,,max,1377.98,,,12/31/2025,52-1532556_AdventistHealthCareShadyGroveMedicalCenter_StandardCharges.csv
"Adventist HealthCare, Inc. d.b.a. Adventist HealthCare Shady Grove Medical Center",52-1532556,H0035,HCPCS,BH Chg PHP visit -> BH Chg PHP MH: Per Diem,outpatient,,All Payers,All Plans,negotiated,1252.71,,other,12/31/2025,52-1532556_AdventistHealthCareShadyGroveMedicalCenter_StandardCharges.csv
"Adventist HealthCare, Inc. d.b.a. Adventist HealthCare Shady Grove Medical Center",52-1532556,H0035,HCPCS,BH Chg PHP visit -> BH Chg PHP Half Day: Per Diem,outpatient,,,,gross,939.53,,,12/31/2025,52-1532556_AdventistHealthCareShadyGroveMedicalCenter_StandardCharges.csv
"Adventist HealthCare, Inc. d.b.a. Adventist HealthCare Shady Grove Medical Center",52-1532556,H0035,HCPCS,BH Chg PHP visit -> BH Chg PHP Half Day: Per Diem,outpatient,,,,discounted_cash,920.74,,,12/31/2025,52-1532556_AdventistHealthCareShadyGroveMedicalCenter_StandardCharges.csv
"Adventist HealthCare, Inc. d.b.a. Adventist HealthCare Shady Grove Medical Center",52-1532556,H0035,HCPCS,BH Chg PHP visit -> BH Chg PHP Half Day: Per Diem,outpatient,,,,min,892.56,,,12/31/2025,52-1532556_AdventistHealthCareShadyGroveMedicalCenter_StandardCharges.csv
"Adventist HealthCare, Inc. d.b.a. Adventist HealthCare Shady Grove Medical Center",52-1532556,H0035,HCPCS,BH Chg PHP visit -> BH Chg PHP Half Day: Per Diem,outpatient,,,,max,1033.49,,,12/31/2025,52-1532556_AdventistHealthCareShadyGroveMedicalCenter_StandardCharges.csv
"Adventist HealthCare, Inc. d.b.a. Adventist HealthCare Shady Grove Medical Center",52-1532556,H0035,HCPCS,BH Chg PHP visit -> BH Chg PHP Half Day: Per Diem,outpatient,,All Payers,All Plans,negotiated,939.53,,other,12/31/2025,52-1532556_AdventistHealthCareShadyGroveMedicalCenter_StandardCharges.csv
"Adventist HealthCare, Inc. d.b.a. Adventist HealthCare Shady Grove Medical Center",52-1532556,710,RC,ENDO Postoperative per visit,outpatient,,,,gross,1457.47,,,12/31/2025,52-1532556_AdventistHealthCareShadyGroveMedicalCenter_StandardCharges.csv
"Adventist HealthCare, Inc. d.b.a. Adventist HealthCare Shady Grove Medical Center",52-1532556,710,RC,ENDO Postoperative per visit,outpatient,,,,discounted_cash,1428.32,,,12/31/2025,52-1532556_AdventistHealthCareShadyGroveMedicalCenter_StandardCharges.csv
"Adventist HealthCare, Inc. d.b.a. Adventist HealthCare Shady Grove Medical Center",52-1532556,710,RC,ENDO Postoperative per visit,outpatient,,,,min,1384.59,,,12/31/2025,52-1532556_AdventistHealthCareShadyGroveMedicalCenter_StandardCharges.csv
"Adventist HealthCare, Inc. d.b.a. Adventist HealthCare Shady Grove Medical Center",52-1532556,710,RC,ENDO Postoperative per visit,outpatient,,,,max,1603.21,,,12/31/2025,52-1532556_AdventistHealthCareShadyGroveMedicalCenter_StandardCharges.csv
"Adventist HealthCare, Inc. d.b.a. Adventist HealthCare Shady Grove Medical Center",52-1532556,710,RC,ENDO Postoperative per visit,outpatient,,All Payers,All Plans,negotiated,1457.47,,other,12/31/2025,52-1532556_AdventistHealthCareShadyGroveMedicalCenter_StandardCharges.csv
"Adventist HealthCare, Inc. d.b.a. Adventist HealthCare Shady Grove Medical Center",52-1532556,710,RC,OR Postoperative per visit,outpatient,,,,gross,1457.47,,,12/31/2025,52-1532556_AdventistHealthCareShadyGroveMedicalCenter_StandardCharges.csv
"Adventist HealthCare, Inc. d.b.a. Adventist HealthCare Shady Grove Medical Center",52-1532556,710,RC,OR Postoperative per visit,outpatient,,,,discounted_cash,1428.32,,,12/31/2025,52-1532556_AdventistHealthCareShadyGroveMedicalCenter_StandardCharges.csv
"Adventist HealthCare, Inc. d.b.a. Adventist HealthCare Shady Grove Medical Center",52-1532556,710,RC,OR Postoperative per visit,outpatient,,,,min,1384.59,,,12/31/2025,52-1532556_AdventistHealthCareShadyGroveMedicalCenter_StandardCharges.csv
"Adventist HealthCare, Inc. d.b.a. Adventist HealthCare Shady Grove Medical Center",52-1532556,710,RC,OR Postoperative per visit,outpatient,,,,max,1603.21,,,12/31/2025,52-1532556_AdventistHealthCareShadyGroveMedicalCenter_StandardCharges.csv
"Adventist HealthCare, Inc. d.b.a. Adventist HealthCare Shady Grove Medical Center",52-1532556,710,RC,OR Postoperative per visit,outpatient,,All Payers,All Plans,negotiated,1457.47,,other,12/31/2025,52-1532556_AdventistHealthCareShadyGroveMedicalCenter_StandardCharges.csv
"Adventist HealthCare, Inc. d.b.a. Adventist HealthCare Shady Grove Medical Center",52-1532556,750,RC,$Esophageal Motility Charges -> $Esophageal Motility Study of Esophagus,both,,,,gross,3387.34,,,12/31/2025,52-1532556_AdventistHealthCareShadyGroveMedicalCenter_StandardCharges.csv
"Adventist HealthCare, Inc. d.b.a. Adventist HealthCare Shady Grove Medical Center",52-1532556,750,RC,$Esophageal Motility Charges -> $Esophageal Motility Study of Esophagus,both,,,,discounted_cash,3319.6,,,12/31/2025,52-1532556_AdventistHealthCareShadyGroveMedicalCenter_StandardCharges.csv
"Adventist HealthCare, Inc. d.b.a. Adventist HealthCare Shady Grove Medical Center",52-1532556,750,RC,$Esophageal Motility Charges -> $Esophageal Motility Study of Esophagus,both,,,,min,3217.97,,,12/31/2025,52-1532556_AdventistHealthCareShadyGroveMedicalCenter_StandardCharges.csv
"Adventist HealthCare, Inc. d.b.a. Adventist HealthCare Shady Grove Medical Center",52-1532556,750,RC,$Esophageal Motility Charges -> $Esophageal Motility Study of Esophagus,both,,,,max,3726.08,,,12/31/2025,52-1532556_AdventistHealthCareShadyGroveMedicalCenter_StandardCharges.csv
"Adventist HealthCare, Inc. d.b.a. Adventist HealthCare Shady Grove Medical Center",52-1532556,750,RC,$Esophageal Motility Charges -> $Esophageal Motility Study of Esophagus,both,,All Payers,All Plans,negotiated,3387.34,,other,12/31/2025,52-1532556_AdventistHealthCareShadyGroveMedicalCenter_StandardCharges.csv
"Adventist HealthCare, Inc. d.b.a. Adventist HealthCare Shady Grove Medical Center",52-1532556,360,RC,Endo per Minute,both,,,,gross,56.46,,,12/31/2025,52-1532556_AdventistHealthCareShadyGroveMedicalCenter_StandardCharges.csv
"Adventist HealthCare, Inc. d.b.a. Adventist HealthCare Shady Grove Medical Center",52-1532556,360,RC,Endo per Minute,both,,,,discounted_cash,55.33,,,12/31/2025,52-1532556_AdventistHealthCareShadyGroveMedicalCenter_StandardCharges.csv
"Adventist HealthCare, Inc. d.b.a. Adventist HealthCare Shady Grove Medical Center",52-1532556,360,RC,Endo per Minute,both,,,,min,53.63,,,12/31/2025,52-1532556_AdventistHealthCareShadyGroveMedicalCenter_StandardCharges.csv
"Adventist HealthCare, Inc. d.b.a. Adventist HealthCare Shady Grove Medical Center",52-1532556,360,RC,Endo per Minute,both,,,,max,62.1,,,12/31/2025,52-1532556_AdventistHealthCareShadyGroveMedicalCenter_StandardCharges.csv
"Adventist HealthCare, Inc. d.b.a. Adventist HealthCare Shady Grove Medical Center",52-1532556,360,RC,Endo per Minute,both,,All Payers,All Plans,negotiated,56.46,,other,12/31/2025,52-1532556_AdventistHealthCareShadyGroveMedicalCenter_StandardCharges.csv
"Adventist HealthCare, Inc. d.b.a. Adventist HealthCare Shady Grove Medical Center",52-1532556,360,RC,OR per Minute,both,,,,gross,56.46,,,12/31/2025,52-1532556_AdventistHealthCareShadyGroveMedicalCenter_StandardCharges.csv
"Adventist HealthCare, Inc. d.b.a. Adventist HealthCare Shady Grove Medical Center",52-1532556,360,RC,OR per Minute,both,,,,discounted_cash,55.33,,,12/31/2025,52-1532556_AdventistHealthCareShadyGroveMedicalCenter_StandardCharges.csv
"Adventist HealthCare, Inc. d.b.a. Adventist HealthCare Shady Grove Medical Center",52-1532556,360,RC,OR per Minute,both,,,,min,53.63,,,12/31/2025,52-1532556_AdventistHealthCareShadyGroveMedicalCenter_StandardCharges.csv
"Adventist HealthCare, Inc. d.b.a. Adventist HealthCare Shady Grove Medical Center",52-1532556,360,RC,OR per Minute,both,,,,max,62.1,,,12/31/2025,52-1532556_AdventistHealthCareShadyGroveMedicalCenter_StandardCharges.csv
"Adventist HealthCare, Inc. d.b.a. Adventist HealthCare Shady Grove Medical Center",52-1532556,360,RC,OR per Minute,both,,All Payers,All Plans,negotiated,56.46,,other,12/31/2025,52-1532556_AdventistHealthCareShadyGroveMedicalCenter_StandardCharges.csv
"Adventist HealthCare, Inc. d.b.a. Adventist HealthCare Shady Grove Medical Center",52-1532556,370,RC,Anesthesia Per Min-IVRC,both,,,,gross,1.9,,,12/31/2025,52-1532556_AdventistHealthCareShadyGroveMedicalCenter_StandardCharges.csv
"Adventist HealthCare, Inc. d.b.a. Adventist HealthCare Shady Grove Medical Center",52-1532556,370,RC,Anesthesia Per Min-IVRC,both,,,,discounted_cash,1.86,,,12/31/2025,52-1532556_AdventistHealthCareShadyGroveMedicalCenter_StandardCharges.csv
"Adventist HealthCare, Inc. d.b.a. Adventist HealthCare Shady Grove Medical Center",52-1532556,370,RC,Anesthesia Per Min-IVRC,both,,,,min,1.8,,,12/31/2025,52-1532556_AdventistHealthCareShadyGroveMedicalCenter_StandardCharges.csv
"Adventist HealthCare, Inc. d.b.a. Adventist HealthCare Shady Grove Medical Center",52-1532556,370,RC,Anesthesia Per Min-IVRC,both,,,,max,2.09,,,12/31/2025,52-1532556_AdventistHealthCareShadyGroveMedicalCenter_StandardCharges.csv
"Adventist HealthCare, Inc. d.b.a. Adventist HealthCare Shady Grove Medical Center",52-1532556,370,RC,Anesthesia Per Min-IVRC,both,,All Payers,All Plans,negotiated,1.9,,other,12/31/2025,52-1532556_AdventistHealthCareShadyGroveMedicalCenter_StandardCharges.csv
"Adventist HealthCare, Inc. d.b.a. Adventist HealthCare Shady Grove Medical Center",52-1532556,370,RC,Anesthesia Per Min-L&D,both,,,,gross,1.9,,,12/31/2025,52-1532556_AdventistHealthCareShadyGroveMedicalCenter_StandardCharges.csv
"Adventist HealthCare, Inc. d.b.a. Adventist HealthCare Shady Grove Medical Center",52-1532556,370,RC,Anesthesia Per Min-L&D,both,,,,discounted_cash,1.86,,,12/31/2025,52-1532556_AdventistHealthCareShadyGroveMedicalCenter_StandardCharges.csv
"Adventist HealthCare, Inc. d.b.a. Adventist HealthCare Shady Grove Medical Center",52-1532556,370,RC,Anesthesia Per Min-L&D,both,,,,min,1.8,,,12/31/2025,52-1532556_AdventistHealthCareShadyGroveMedicalCenter_StandardCharges.csv
"Adventist HealthCare, Inc. d.b.a. Adventist HealthCare Shady Grove Medical Center",52-1532556,370,RC,Anesthesia Per Min-L&D,both,,,,max,2.09,,,12/31/2025,52-1532556_AdventistHealthCareShadyGroveMedicalCenter_StandardCharges.csv
"Adventist HealthCare, Inc. d.b.a. Adventist HealthCare Shady Grove Medical Center",52-1532556,370,RC,Anesthesia Per Min-L&D,both,,All Payers,All Plans,negotiated,1.9,,other,12/31/2025,52-1532556_AdventistHealthCareShadyGroveMedicalCenter_StandardCharges.csv
"Adventist HealthCare, Inc. d.b.a. Adventist HealthCare Shady Grove Medical Center",52-1532556,370,RC,Anesthesia per Minute - Axillary Block,both,,,,gross,1.9,,,12/31/2025,52-1532556_AdventistHealthCareShadyGroveMedicalCenter_StandardCharges.csv
"Adventist HealthCare, Inc. d.b.a. Adventist HealthCare Shady Grove Medical Center",52-1532556,370,RC,Anesthesia per Minute - Axillary Block,both,,,,discounted_cash,1.86,,,12/31/2025,52-1532556_AdventistHealthCareShadyGroveMedicalCenter_StandardCharges.csv
"Adventist HealthCare, Inc. d.b.a. Adventist HealthCare Shady Grove Medical Center",52-1532556,370,RC,Anesthesia per Minute - Axillary Block,both,,,,min,1.8,,,12/31/2025,52-1532556_AdventistHealthCareShadyGroveMedicalCenter_StandardCharges.csv
"Adventist HealthCare, Inc. d.b.a. Adventist HealthCare Shady Grove Medical Center",52-1532556,370,RC,Anesthesia per Minute - Axillary Block,both,,,,max,2.09,,,12/31/2025,52-1532556_AdventistHealthCareShadyGroveMedicalCenter_StandardCharges.csv
"Adventist HealthCare, Inc. d.b.a. Adventist HealthCare Shady Grove Medical Center",52-1532556,370,RC,Anesthesia per Minute - Axillary Block,both,,All Payers,All Plans,negotiated,1.9,,other,12/31/2025,52-1532556_AdventistHealthCareShadyGroveMedicalCenter_StandardCharges.csv
"Adventist HealthCare, Inc. d.b.a. Adventist HealthCare Shady Grove Medical Center",52-1532556,370,RC,Anesthesia per Minute - Bier Block,both,,,,gross,1.9,,,12/31/2025,52-1532556_AdventistHealthCareShadyGroveMedicalCenter_StandardCharges.csv
"Adventist HealthCare, Inc. d.b.a. Adventist HealthCare Shady Grove Medical Center",52-1532556,370,RC,Anesthesia per Minute - Bier Block,both,,,,discounted_cash,1.86,,,12/31/2025,52-1532556_AdventistHealthCareShadyGroveMedicalCenter_StandardCharges.csv
"Adventist HealthCare, Inc. d.b.a. Adventist HealthCare Shady Grove Medical Center",52-1532556,370,RC,Anesthesia per Minute - Bier Block,both,,,,min,1.8,,,12/31/2025,52-1532556_AdventistHealthCareShadyGroveMedicalCenter_StandardCharges.csv
"Adventist HealthCare, Inc. d.b.a. Adventist HealthCare Shady Grove Medical Center",52-1532556,370,RC,Anesthesia per Minute - Bier Block,both,,,,max,2.09,,,12/31/2025,52-1532556_AdventistHealthCareShadyGroveMedicalCenter_StandardCharges.csv
"Adventist HealthCare, Inc. d.b.a. Adventist HealthCare Shady Grove Medical Center",52-1532556,370,RC,Anesthesia per Minute - Bier Block,both,,All Payers,All Plans,negotiated,1.9,,other,12/31/2025,52-1532556_AdventistHealthCareShadyGroveMedicalCenter_StandardCharges.csv
"Adventist HealthCare, Inc. d.b.a. Adventist HealthCare Shady Grove Medical Center",52-1532556,370,RC,Anesthesia per Minute - Block,both,,,,gross,1.9,,,12/31/2025,52-1532556_AdventistHealthCareShadyGroveMedicalCenter_StandardCharges.csv
"Adventist HealthCare, Inc. d.b.a. Adventist HealthCare Shady Grove Medical Center",52-1532556,370,RC,Anesthesia per Minute - Block,both,,,,discounted_cash,1.86,,,12/31/2025,52-1532556_AdventistHealthCareShadyGroveMedicalCenter_StandardCharges.csv
"Adventist HealthCare, Inc. d.b.a. Adventist HealthCare Shady Grove Medical Center",52-1532556,370,RC,Anesthesia per Minute - Block,both,,,,min,1.8,,,12/31/2025,52-1532556_AdventistHealthCareShadyGroveMedicalCenter_StandardCharges.csv
"Adventist HealthCare, Inc. d.b.a. Adventist HealthCare Shady Grove Medical Center",52-1532556,370,RC,Anesthesia per Minute - Block,both,,,,max,2.09,,,12/31/2025,52-1532556_AdventistHealthCareShadyGroveMedicalCenter_StandardCharges.csv
"Adventist HealthCare, Inc. d.b.a. Adventist HealthCare Shady Grove Medical Center",52-1532556,370,RC,Anesthesia per Minute - Block,both,,All Payers,All Plans,negotiated,1.9,,other,12/31/2025,52-1532556_AdventistHealthCareShadyGroveMedicalCenter_StandardCharges.csv
"Adventist HealthCare, Inc. d.b.a. Adventist HealthCare Shady Grove Medical Center",52-1532556,370,RC,Anesthesia per Minute - Caudal Block,both,,,,gross,1.9,,,12/31/2025,52-1532556_AdventistHealthCareShadyGroveMedicalCenter_StandardCharges.csv
"Adventist HealthCare, Inc. d.b.a. Adventist HealthCare Shady Grove Medical Center",52-1532556,370,RC,Anesthesia per Minute - Caudal Block,both,,,,discounted_cash,1.86,,,12/31/2025,52-1532556_AdventistHealthCareShadyGroveMedicalCenter_StandardCharges.csv
"Adventist HealthCare, Inc. d.b.a. Adventist HealthCare Shady Grove Medical Center",52-1532556,370,RC,Anesthesia per Minute - Caudal Block,both,,,,min,1.8,,,12/31/2025,52-1532556_AdventistHealthCareShadyGroveMedicalCenter_StandardCharges.csv
"Adventist HealthCare, Inc. d.b.a. Adventist HealthCare Shady Grove Medical Center",52-1532556,370,RC,Anesthesia per Minute - Caudal Block,both,,,,max,2.09,,,12/31/2025,52-1532556_AdventistHealthCareShadyGroveMedicalCenter_StandardCharges.csv
"Adventist HealthCare, Inc. d.b.a. Adventist HealthCare Shady Grove Medical Center",52-1532556,370,RC,Anesthesia per Minute - Caudal Block,both,,All Payers,All Plans,negotiated,1.9,,other,12/31/2025,52-1532556_AdventistHealthCareShadyGroveMedicalCenter_StandardCharges.csv
"Adventist HealthCare, Inc. d.b.a. Adventist HealthCare Shady Grove Medical Center",52-1532556,370,RC,Anesthesia per Minute - Digital Block,both,,,,gross,1.9,,,12/31/2025,52-1532556_AdventistHealthCareShadyGroveMedicalCenter_StandardCharges.csv
"Adventist HealthCare, Inc. d.b.a. Adventist HealthCare Shady Grove Medical Center",52-1532556,370,RC,Anesthesia per Minute - Digital Block,both,,,,discounted_cash,1.86,,,12/31/2025,52-1532556_AdventistHealthCareShadyGroveMedicalCenter_StandardCharges.csv
"Adventist HealthCare, Inc. d.b.a. Adventist HealthCare Shady Grove Medical Center",52-1532556,370,RC,Anesthesia per Minute - Digital Block,both,,,,min,1.8,,,12/31/2025,52-1532556_AdventistHealthCareShadyGroveMedicalCenter_StandardCharges.csv
"Adventist HealthCare, Inc. d.b.a. Adventist HealthCare Shady Grove Medical Center",52-1532556,370,RC,Anesthesia per Minute - Digital Block,both,,,,max,2.09,,,12/31/2025,52-1532556_AdventistHealthCareShadyGroveMedicalCenter_StandardCharges.csv
"Adventist HealthCare, Inc. d.b.a. Adventist HealthCare Shady Grove Medical Center",52-1532556,370,RC,Anesthesia per Minute - Digital Block,both,,All Payers,All Plans,negotiated,1.9,,other,12/31/2025,52-1532556_AdventistHealthCareShadyGroveMedicalCenter_StandardCharges.csv
"Adventist HealthCare, Inc. d.b.a. Adventist HealthCare Shady Grove Medical Center",52-1532556,370,RC,Anesthesia per Minute - Epidural,both,,,,gross,1.9,,,12/31/2025,52-1532556_AdventistHealthCareShadyGroveMedicalCenter_StandardCharges.csv
"Adventist HealthCare, Inc. d.b.a. Adventist HealthCare Shady Grove Medical Center",52-1532556,370,RC,Anesthesia per Minute - Epidural,both,,,,discounted_cash,1.86,,,12/31/2025,52-1532556_AdventistHealthCareShadyGroveMedicalCenter_StandardCharges.csv
"Adventist HealthCare, Inc. d.b.a. Adventist HealthCare Shady Grove Medical Center",52-1532556,370,RC,Anesthesia per Minute - Epidural,both,,,,min,1.8,,,12/31/2025,52-1532556_AdventistHealthCareShadyGroveMedicalCenter_StandardCharges.csv
"Adventist HealthCare, Inc. d.b.a. Adventist HealthCare Shady Grove Medical Center",52-1532556,370,RC,Anesthesia per Minute - Epidural,both,,,,max,2.09,,,12/31/2025,52-1532556_AdventistHealthCareShadyGroveMedicalCenter_StandardCharges.csv
"Adventist HealthCare, Inc. d.b.a. Adventist HealthCare Shady Grove Medical Center",52-1532556,370,RC,Anesthesia per Minute - Epidural,both,,All Payers,All Plans,negotiated,1.9,,other,12/31/2025,52-1532556_AdventistHealthCareShadyGroveMedicalCenter_StandardCharges.csv
"Adventist HealthCare, Inc. d.b.a. Adventist HealthCare Shady Grove Medical Center",52-1532556,370,RC,Anesthesia per Minute - General,both,,,,gross,1.9,,,12/31/2025,52-1532556_AdventistHealthCareShadyGroveMedicalCenter_StandardCharges.csv
"Adventist HealthCare, Inc. d.b.a. Adventist HealthCare Shady Grove Medical Center",52-1532556,370,RC,Anesthesia per Minute - General,both,,,,discounted_cash,1.86,,,12/31/2025,52-1532556_AdventistHealthCareShadyGroveMedicalCenter_StandardCharges.csv
"Adventist HealthCare, Inc. d.b.a. Adventist HealthCare Shady Grove Medical Center",52-1532556,370,RC,Anesthesia per Minute - General,both,,,,min,1.8,,,12/31/2025,52-1532556_AdventistHealthCareShadyGroveMedicalCenter_StandardCharges.csv
"Adventist HealthCare, Inc. d.b.a. Adventist HealthCare Shady Grove Medical Center",52-1532556,370,RC,Anesthesia per Minute - General,both,,,,max,2.09,,,12/31/2025,52-1532556_AdventistHealthCareShadyGroveMedicalCenter_StandardCharges.csv
"Adventist HealthCare, Inc. d.b.a. Adventist HealthCare Shady Grove Medical Center",52-1532556,370,RC,Anesthesia per Minute - General,both,,All Payers,All Plans,negotiated,1.9,,other,12/31/2025,52-1532556_AdventistHealthCareShadyGroveMedicalCenter_StandardCharges.csv
"Adventist HealthCare, Inc. d.b.a. Adventist HealthCare Shady Grove Medical Center",52-1532556,370,RC,Anesthesia per Minute - General w/Block,both,,,,gross,1.9,,,12/31/2025,52-1532556_AdventistHealthCareShadyGroveMedicalCenter_StandardCharges.csv
"Adventist HealthCare, Inc. d.b.a. Adventist HealthCare Shady Grove Medical Center",52-1532556,370,RC,Anesthesia per Minute - General w/Block,both,,,,discounted_cash,1.86,,,12/31/2025,52-1532556_AdventistHealthCareShadyGroveMedicalCenter_StandardCharges.csv
"Adventist HealthCare, Inc. d.b.a. Adventist HealthCare Shady Grove Medical Center",52-1532556,370,RC,Anesthesia per Minute - General w/Block,both,,,,min,1.8,,,12/31/2025,52-1532556_AdventistHealthCareShadyGroveMedicalCenter_StandardCharges.csv
"Adventist HealthCare, Inc. d.b.a. Adventist HealthCare Shady Grove Medical Center",52-1532556,370,RC,Anesthesia per Minute - General w/Block,both,,,,max,2.09,,,12/31/2025,52-1532556_AdventistHealthCareShadyGroveMedicalCenter_StandardCharges.csv
"Adventist HealthCare, Inc. d.b.a. Adventist HealthCare Shady Grove Medical Center",52-1532556,370,RC,Anesthesia per Minute - General w/Block,both,,All Payers,All Plans,negotiated,1.9,,other,12/31/2025,52-1532556_AdventistHealthCareShadyGroveMedicalCenter_StandardCharges.csv
"Adventist HealthCare, Inc. d.b.a. Adventist HealthCare Shady Grove Medical Center",52-1532556,370,RC,Anesthesia per Minute - General w/Spinal,both,,,,gross,1.9,,,12/31/2025,52-1532556_AdventistHealthCareShadyGroveMedicalCenter_StandardCharges.csv
"Adventist HealthCare, Inc. d.b.a. Adventist HealthCare Shady Grove Medical Center",52-1532556,370,RC,Anesthesia per Minute - General w/Spinal,both,,,,discounted_cash,1.86,,,12/31/2025,52-1532556_AdventistHealthCareShadyGroveMedicalCenter_StandardCharges.csv
"Adventist HealthCare, Inc. d.b.a. Adventist HealthCare Shady Grove Medical Center",52-1532556,370,RC,Anesthesia per Minute - General w/Spinal,both,,,,min,1.8,,,12/31/2025,52-1532556_AdventistHealthCareShadyGroveMedicalCenter_StandardCharges.csv
"Adventist HealthCare, Inc. d.b.a. Adventist HealthCare Shady Grove Medical Center",52-1532556,370,RC,Anesthesia per Minute - General w/Spinal,both,,,,max,2.09,,,12/31/2025,52-1532556_AdventistHealthCareShadyGroveMedicalCenter_StandardCharges.csv
"Adventist HealthCare, Inc. d.b.a. Adventist HealthCare Shady Grove Medical Center",52-1532556,370,RC,Anesthesia per Minute - General w/Spinal,both,,All Payers,All Plans,negotiated,1.9,,other,12/31/2025,52-1532556_AdventistHealthCareShadyGroveMedicalCenter_StandardCharges.csv
"Adventist HealthCare, Inc. d.b.a. Adventist HealthCare Shady Grove Medical Center",52-1532556,370,RC,Anesthesia per Minute - General/Epidural,both,,,,gross,1.9,,,12/31/2025,52-1532556_AdventistHealthCareShadyGroveMedicalCenter_StandardCharges.csv
"Adventist HealthCare, Inc. d.b.a. Adventist HealthCare Shady Grove Medical Center",52-1532556,370,RC,Anesthesia per Minute - General/Epidural,both,,,,discounted_cash,1.86,,,12/31/2025,52-1532556_AdventistHealthCareShadyGroveMedicalCenter_StandardCharges.csv
"Adventist HealthCare, Inc. d.b.a. Adventist HealthCare Shady Grove Medical Center",52-1532556,370,RC,Anesthesia per Minute - General/Epidural,both,,,,min,1.8,,,12/31/2025,52-1532556_AdventistHealthCareShadyGroveMedicalCenter_StandardCharges.csv
"Adventist HealthCare, Inc. d.b.a. Adventist HealthCare Shady Grove Medical Center",52-1532556,370,RC,Anesthesia per Minute - General/Epidural,both,,,,max,2.09,,,12/31/2025,52-1532556_AdventistHealthCareShadyGroveMedicalCenter_StandardCharges.csv
"Adventist HealthCare, Inc. d.b.a. Adventist HealthCare Shady Grove Medical Center",52-1532556,370,RC,Anesthesia per Minute - General/Epidural,both,,All Payers,All Plans,negotiated,1.9,,other,12/31/2025,52-1532556_AdventistHealthCareShadyGroveMedicalCenter_StandardCharges.csv
"Adventist HealthCare, Inc. d.b.a. Adventist HealthCare Shady Grove Medical Center",52-1532556,370,RC,Anesthesia per Minute - MAC,both,,,,gross,1.9,,,12/31/2025,52-1532556_AdventistHealthCareShadyGroveMedicalCenter_StandardCharges.csv
"Adventist HealthCare, Inc. d.b.a. Adventist HealthCare Shady Grove Medical Center",52-1532556,370,RC,Anesthesia per Minute - MAC,both,,,,discounted_cash,1.86,,,12/31/2025,52-1532556_AdventistHealthCareShadyGroveMedicalCenter_StandardCharges.csv
"Adventist HealthCare, Inc. d.b.a. Adventist HealthCare Shady Grove Medical Center",52-1532556,370,RC,Anesthesia per Minute - MAC,both,,,,min,1.8,,,12/31/2025,52-1532556_AdventistHealthCareShadyGroveMedicalCenter_StandardCharges.csv
"Adventist HealthCare, Inc. d.b.a. Adventist HealthCare Shady Grove Medical Center",52-1532556,370,RC,Anesthesia per Minute - MAC,both,,,,max,2.09,,,12/31/2025,52-1532556_AdventistHealthCareShadyGroveMedicalCenter_StandardCharges.csv
"Adventist HealthCare, Inc. d.b.a. Adventist HealthCare Shady Grove Medical Center",52-1532556,370,RC,Anesthesia per Minute - MAC,both,,All Payers,All Plans,negotiated,1.9,,other,12/31/2025,52-1532556_AdventistHealthCareShadyGroveMedicalCenter_StandardCharges.csv
"Adventist HealthCare, Inc. d.b.a. Adventist HealthCare Shady Grove Medical Center",52-1532556,370,RC,Anesthesia per Minute - Regional Block,both,,,,gross,1.9,,,12/31/2025,52-1532556_AdventistHealthCareShadyGroveMedicalCenter_StandardCharges.csv
"Adventist HealthCare, Inc. d.b.a. Adventist HealthCare Shady Grove Medical Center",52-1532556,370,RC,Anesthesia per Minute - Regional Block,both,,,,discounted_cash,1.86,,,12/31/2025,52-1532556_AdventistHealthCareShadyGroveMedicalCenter_StandardCharges.csv
"Adventist HealthCare, Inc. d.b.a. Adventist HealthCare Shady Grove Medical Center",52-1532556,370,RC,Anesthesia per Minute - Regional Block,both,,,,min,1.8,,,12/31/2025,52-1532556_AdventistHealthCareShadyGroveMedicalCenter_StandardCharges.csv
"Adventist HealthCare, Inc. d.b.a. Adventist HealthCare Shady Grove Medical Center",52-1532556,370,RC,Anesthesia per Minute - Regional Block,both,,,,max,2.09,,,12/31/2025,52-1532556_AdventistHealthCareShadyGroveMedicalCenter_StandardCharges.csv
"Adventist HealthCare, Inc. d.b.a. Adventist HealthCare Shady Grove Medical Center",52-1532556,370,RC,Anesthesia per Minute - Regional Block,both,,All Payers,All Plans,negotiated,1.9,,other,12/31/2025,52-1532556_AdventistHealthCareShadyGroveMedicalCenter_StandardCharges.csv
"Adventist HealthCare, Inc. d.b.a. Adventist HealthCare Shady Grove Medical Center",52-1532556,370,RC,Anesthesia per Minute - Scalene Block,both,,,,gross,1.9,,,12/31/2025,52-1532556_AdventistHealthCareShadyGroveMedicalCenter_StandardCharges.csv
"Adventist HealthCare, Inc. d.b.a. Adventist HealthCare Shady Grove Medical Center",52-1532556,370,RC,Anesthesia per Minute - Scalene Block,both,,,,discounted_cash,1.86,,,12/31/2025,52-1532556_AdventistHealthCareShadyGroveMedicalCenter_StandardCharges.csv
"Adventist HealthCare, Inc. d.b.a. Adventist HealthCare Shady Grove Medical Center",52-1532556,370,RC,Anesthesia per Minute - Scalene Block,both,,,,min,1.8,,,12/31/2025,52-1532556_AdventistHealthCareShadyGroveMedicalCenter_StandardCharges.csv
"Adventist HealthCare, Inc. d.b.a. Adventist HealthCare Shady Grove Medical Center",52-1532556,370,RC,Anesthesia per Minute - Scalene Block,both,,,,max,2.09,,,12/31/2025,52-1532556_AdventistHealthCareShadyGroveMedicalCenter_StandardCharges.csv
"Adventist HealthCare, Inc. d.b.a. Adventist HealthCare Shady Grove Medical Center",52-1532556,370,RC,Anesthesia per Minute - Scalene Block,both,,All Payers,All Plans,negotiated,1.9,,other,12/31/2025,52-1532556_AdventistHealthCareShadyGroveMedicalCenter_StandardCharges.csv
"Adventist HealthCare, Inc. d.b.a. Adventist HealthCare Shady Grove Medical Center",52-1532556,370,RC,Anethesia per Minute - Spinal,both,,,,gross,1.9,,,12/31/2025,52-1532556_AdventistHealthCareShadyGroveMedicalCenter_StandardCharges.csv
"Adventist HealthCare, Inc. d.b.a. Adventist HealthCare Shady Grove Medical Center",52-1532556,370,RC,Anethesia per Minute - Spinal,both,,,,discounted_cash,1.86,,,12/31/2025,52-1532556_AdventistHealthCareShadyGroveMedicalCenter_StandardCharges.csv
"Adventist HealthCare, Inc. d.b.a. Adventist HealthCare Shady Grove Medical Center",52-1532556,370,RC,Anethesia per Minute - Spinal,both,,,,min,1.8,,,12/31/2025,52-1532556_AdventistHealthCareShadyGroveMedicalCenter_StandardCharges.csv
"Adventist HealthCare, Inc. d.b.a. Adventist HealthCare Shady Grove Medical Center",52-1532556,370,RC,Anethesia per Minute - Spinal,both,,,,max,2.09,,,12/31/2025,52-1532556_AdventistHealthCareShadyGroveMedicalCenter_StandardCharges.csv
"Adventist HealthCare, Inc. d.b.a. Adventist HealthCare Shady Grove Medical Center",52-1532556,370,RC,Anethesia per Minute - Spinal,both,,All Payers,All Plans,negotiated,1.9,,other,12/31/2025,52-1532556_AdventistHealthCareShadyGroveMedicalCenter_StandardCharges.csv
"Adventist HealthCare, Inc. d.b.a. Adventist HealthCare Shady Grove Medical Center",52-1532556,370,RC,Anesthesia per Minute - Spinal w/Block,both,,,,gross,1.9,,,12/31/2025,52-1532556_AdventistHealthCareShadyGroveMedicalCenter_StandardCharges.csv
"Adventist HealthCare, Inc. d.b.a. Adventist HealthCare Shady Grove Medical Center",52-1532556,370,RC,Anesthesia per Minute - Spinal w/Block,both,,,,discounted_cash,1.86,,,12/31/2025,52-1532556_AdventistHealthCareShadyGroveMedicalCenter_StandardCharges.csv
"Adventist HealthCare, Inc. d.b.a. Adventist HealthCare Shady Grove Medical Center",52-1532556,370,RC,Anesthesia per Minute - Spinal w/Block,both,,,,min,1.8,,,12/31/2025,52-1532556_AdventistHealthCareShadyGroveMedicalCenter_StandardCharges.csv
"Adventist HealthCare, Inc. d.b.a. Adventist HealthCare Shady Grove Medical Center",52-1532556,370,RC,Anesthesia per Minute - Spinal w/Block,both,,,,max,2.09,,,12/31/2025,52-1532556_AdventistHealthCareShadyGroveMedicalCenter_StandardCharges.csv
"Adventist HealthCare, Inc. d.b.a. Adventist HealthCare Shady Grove Medical Center",52-1532556,370,RC,Anesthesia per Minute - Spinal w/Block,both,,All Payers,All Plans,negotiated,1.9,,other,12/31/2025,52-1532556_AdventistHealthCareShadyGroveMedicalCenter_StandardCharges.csv
"Adventist HealthCare, Inc. d.b.a. Adventist HealthCare Shady Grove Medical Center",52-1532556,50590,CPT,Extracorporeal Shock Wave Lithotripsy,both,,,,gross,3800.1,,,12/31/2025,52-1532556_AdventistHealthCareShadyGroveMedicalCenter_StandardCharges.csv
"Adventist HealthCare, Inc. d.b.a. Adventist HealthCare Shady Grove Medical Center",52-1532556,50590,CPT,Extracorporeal Shock Wave Lithotripsy,both,,,,discounted_cash,3724.1,,,12/31/2025,52-1532556_AdventistHealthCareShadyGroveMedicalCenter_StandardCharges.csv
"Adventist HealthCare, Inc. d.b.a. Adventist HealthCare Shady Grove Medical Center",52-1532556,50590,CPT,Extracorporeal Shock Wave Lithotripsy,both,,,,min,3610.1,,,12/31/2025,52-1532556_AdventistHealthCareShadyGroveMedicalCenter_StandardCharges.csv
"Adventist HealthCare, Inc. d.b.a. Adventist HealthCare Shady Grove Medical Center",52-1532556,50590,CPT,Extracorporeal Shock Wave Lithotripsy,both,,,,max,4180.11,,,12/31/2025,52-1532556_AdventistHealthCareShadyGroveMedicalCenter_StandardCharges.csv
"Adventist HealthCare, Inc. d.b.a. Adventist HealthCare Shady Grove Medical Center",52-1532556,50590,CPT,Extracorporeal Shock Wave Lithotripsy,both,,All Payers,All Plans,negotiated,3800.1,,other,12/31/2025,52-1532556_AdventistHealthCareShadyGroveMedicalCenter_StandardCharges.csv
"Adventist HealthCare, Inc. d.b.a. Adventist HealthCare Shady Grove Medical Center",52-1532556,720,RC,$Delivery of Placenta Only,both,,,,gross,2707.05,,,12/31/2025,52-1532556_AdventistHealthCareShadyGroveMedicalCenter_StandardCharges.csv
"Adventist HealthCare, Inc. d.b.a. Adventist HealthCare Shady Grove Medical Center",52-1532556,720,RC,$Delivery of Placenta Only,both,,,,discounted_cash,2652.91,,,12/31/2025,52-1532556_AdventistHealthCareShadyGroveMedicalCenter_StandardCharges.csv
"Adventist HealthCare, Inc. d.b.a. Adventist HealthCare Shady Grove Medical Center",52-1532556,720,RC,$Delivery of Placenta Only,both,,,,min,2571.7,,,12/31/2025,52-1532556_AdventistHealthCareShadyGroveMedicalCenter_StandardCharges.csv
"Adventist HealthCare, Inc. d.b.a. Adventist HealthCare Shady Grove Medical Center",52-1532556,720,RC,$Delivery of Placenta Only,both,,,,max,270.7,,,12/31/2025,52-1532556_AdventistHealthCareShadyGroveMedicalCenter_StandardCharges.csv
"Adventist HealthCare, Inc. d.b.a. Adventist HealthCare Shady Grove Medical Center",52-1532556,720,RC,$Delivery of Placenta Only,both,,All Payers,All Plans,negotiated,2707.05,,other,12/31/2025,52-1532556_AdventistHealthCareShadyGroveMedicalCenter_StandardCharges.csv
"Adventist HealthCare, Inc. d.b.a. Adventist HealthCare Shady Grove Medical Center",52-1532556,510,RC,$Patient Type: Triage or Observation -> OB - Observation order placed,both,,,,gross,225.59,,,12/31/2025,52-1532556_AdventistHealthCareShadyGroveMedicalCenter_StandardCharges.csv
"Adventist HealthCare, Inc. d.b.a. Adventist HealthCare Shady Grove Medical Center",52-1532556,510,RC,$Patient Type: Triage or Observation -> OB - Observation order placed,both,,,,discounted_cash,221.08,,,12/31/2025,52-1532556_AdventistHealthCareShadyGroveMedicalCenter_StandardCharges.csv
"Adventist HealthCare, Inc. d.b.a. Adventist HealthCare Shady Grove Medical Center",52-1532556,510,RC,$Patient Type: Triage or Observation -> OB - Observation order placed,both,,,,min,214.31,,,12/31/2025,52-1532556_AdventistHealthCareShadyGroveMedicalCenter_StandardCharges.csv
"Adventist HealthCare, Inc. d.b.a. Adventist HealthCare Shady Grove Medical Center",52-1532556,510,RC,$Patient Type: Triage or Observation -> OB - Observation order placed,both,,,,max,22.56,,,12/31/2025,52-1532556_AdventistHealthCareShadyGroveMedicalCenter_StandardCharges.csv
"Adventist HealthCare, Inc. d.b.a. Adventist HealthCare Shady Grove Medical Center",52-1532556,510,RC,$Patient Type: Triage or Observation -> OB - Observation order placed,both,,All Payers,All Plans,negotiated,225.59,,other,12/31/2025,52-1532556_AdventistHealthCareShadyGroveMedicalCenter_StandardCharges.csv
"Adventist HealthCare, Inc. d.b.a. Adventist HealthCare Shady Grove Medical Center",52-1532556,720,RC,Amnioinfusion,both,,,,gross,1353.52,,,12/31/2025,52-1532556_AdventistHealthCareShadyGroveMedicalCenter_StandardCharges.csv
"Adventist HealthCare, Inc. d.b.a. Adventist HealthCare Shady Grove Medical Center",52-1532556,720,RC,Amnioinfusion,both,,,,discounted_cash,1326.45,,,12/31/2025,52-1532556_AdventistHealthCareShadyGroveMedicalCenter_StandardCharges.csv
"Adventist HealthCare, Inc. d.b.a. Adventist HealthCare Shady Grove Medical Center",52-1532556,720,RC,Amnioinfusion,both,,,,min,1285.85,,,12/31/2025,52-1532556_AdventistHealthCareShadyGroveMedicalCenter_StandardCharges.csv
"Adventist HealthCare, Inc. d.b.a. Adventist HealthCare Shady Grove Medical Center",52-1532556,720,RC,Amnioinfusion,both,,,,max,135.35,,,12/31/2025,52-1532556_AdventistHealthCareShadyGroveMedicalCenter_StandardCharges.csv
"Adventist HealthCare, Inc. d.b.a. Adventist HealthCare Shady Grove Medical Center",52-1532556,720,RC,Amnioinfusion,both,,All Payers,All Plans,negotiated,1353.52,,other,12/31/2025,52-1532556_AdventistHealthCareShadyGroveMedicalCenter_StandardCharges.csv
"Adventist HealthCare, Inc. d.b.a. Adventist HealthCare Shady Grove Medical Center",52-1532556,720,RC,C/S Emergent,both,,,,gross,8346.74,,,12/31/2025,52-1532556_AdventistHealthCareShadyGroveMedicalCenter_StandardCharges.csv
"Adventist HealthCare, Inc. d.b.a. Adventist HealthCare Shady Grove Medical Center",52-1532556,720,RC,C/S Emergent,both,,,,discounted_cash,8179.8,,,12/31/2025,52-1532556_AdventistHealthCareShadyGroveMedicalCenter_StandardCharges.csv
"Adventist HealthCare, Inc. d.b.a. Adventist HealthCare Shady Grove Medical Center",52-1532556,720,RC,C/S Emergent,both,,,,min,7929.4,,,12/31/2025,52-1532556_AdventistHealthCareShadyGroveMedicalCenter_StandardCharges.csv
"Adventist HealthCare, Inc. d.b.a. Adventist HealthCare Shady Grove Medical Center",52-1532556,720,RC,C/S Emergent,both,,,,max,834.67,,,12/31/2025,52-1532556_AdventistHealthCareShadyGroveMedicalCenter_StandardCharges.csv
"Adventist HealthCare, Inc. d.b.a. Adventist HealthCare Shady Grove Medical Center",52-1532556,720,RC,C/S Emergent,both,,All Payers,All Plans,negotiated,8346.74,,other,12/31/2025,52-1532556_AdventistHealthCareShadyGroveMedicalCenter_StandardCharges.csv
"Adventist HealthCare, Inc. d.b.a. Adventist HealthCare Shady Grove Medical Center",52-1532556,720,RC,C/S Emergent w major surgery,both,,,,gross,13760.84,,,12/31/2025,52-1532556_AdventistHealthCareShadyGroveMedicalCenter_StandardCharges.csv
"Adventist HealthCare, Inc. d.b.a. Adventist HealthCare Shady Grove Medical Center",52-1532556,720,RC,C/S Emergent w major surgery,both,,,,discounted_cash,13485.62,,,12/31/2025,52-1532556_AdventistHealthCareShadyGroveMedicalCenter_StandardCharges.csv
"Adventist HealthCare, Inc. d.b.a. Adventist HealthCare Shady Grove Medical Center",52-1532556,720,RC,C/S Emergent w major surgery,both,,,,min,13072.8,,,12/31/2025,52-1532556_AdventistHealthCareShadyGroveMedicalCenter_StandardCharges.csv
"Adventist HealthCare, Inc. d.b.a. Adventist HealthCare Shady Grove Medical Center",52-1532556,720,RC,C/S Emergent w major surgery,both,,,,max,1376.08,,,12/31/2025,52-1532556_AdventistHealthCareShadyGroveMedicalCenter_StandardCharges.csv
"Adventist HealthCare, Inc. d.b.a. Adventist HealthCare Shady Grove Medical Center",52-1532556,720,RC,C/S Emergent w major surgery,both,,All Payers,All Plans,negotiated,13760.84,,other,12/31/2025,52-1532556_AdventistHealthCareShadyGroveMedicalCenter_StandardCharges.csv
"Adventist HealthCare, Inc. d.b.a. Adventist HealthCare Shady Grove Medical Center",52-1532556,720,RC,C/S Emergent w minor surgery,both,,,,gross,8797.91,,,12/31/2025,52-1532556_AdventistHealthCareShadyGroveMedicalCenter_StandardCharges.csv
"Adventist HealthCare, Inc. d.b.a. Adventist HealthCare Shady Grove Medical Center",52-1532556,720,RC,C/S Emergent w minor surgery,both,,,,discounted_cash,8621.95,,,12/31/2025,52-1532556_AdventistHealthCareShadyGroveMedicalCenter_StandardCharges.csv
"Adventist HealthCare, Inc. d.b.a. Adventist HealthCare Shady Grove Medical Center",52-1532556,720,RC,C/S Emergent w minor surgery,both,,,,min,8358.02,,,12/31/2025,52-1532556_AdventistHealthCareShadyGroveMedicalCenter_StandardCharges.csv
"Adventist HealthCare, Inc. d.b.a. Adventist HealthCare Shady Grove Medical Center",52-1532556,720,RC,C/S Emergent w minor surgery,both,,,,max,879.79,,,12/31/2025,52-1532556_AdventistHealthCareShadyGroveMedicalCenter_StandardCharges.csv
"Adventist HealthCare, Inc. d.b.a. Adventist HealthCare Shady Grove Medical Center",52-1532556,720,RC,C/S Emergent w minor surgery,both,,All Payers,All Plans,negotiated,8797.91,,other,12/31/2025,52-1532556_AdventistHealthCareShadyGroveMedicalCenter_StandardCharges.csv
"Adventist HealthCare, Inc. d.b.a. Adventist HealthCare Shady Grove Medical Center",52-1532556,720,RC,C/S Non emergent,both,,,,gross,4060.57,,,12/31/2025,52-1532556_AdventistHealthCareShadyGroveMedicalCenter_StandardCharges.csv
"Adventist HealthCare, Inc. d.b.a. Adventist HealthCare Shady Grove Medical Center",52-1532556,720,RC,C/S Non emergent,both,,,,discounted_cash,3979.36,,,12/31/2025,52-1532556_AdventistHealthCareShadyGroveMedicalCenter_StandardCharges.csv
"Adventist HealthCare, Inc. d.b.a. Adventist HealthCare Shady Grove Medical Center",52-1532556,720,RC,C/S Non emergent,both,,,,min,3857.55,,,12/31/2025,52-1532556_AdventistHealthCareShadyGroveMedicalCenter_StandardCharges.csv
"Adventist HealthCare, Inc. d.b.a. Adventist HealthCare Shady Grove Medical Center",52-1532556,720,RC,C/S Non emergent,both,,,,max,406.06,,,12/31/2025,52-1532556_AdventistHealthCareShadyGroveMedicalCenter_StandardCharges.csv
"Adventist HealthCare, Inc. d.b.a. Adventist HealthCare Shady Grove Medical Center",52-1532556,720,RC,C/S Non emergent,both,,All Payers,All Plans,negotiated,4060.57,,other,12/31/2025,52-1532556_AdventistHealthCareShadyGroveMedicalCenter_StandardCharges.csv
"Adventist HealthCare, Inc. d.b.a. Adventist HealthCare Shady Grove Medical Center",52-1532556,720,RC,C/S Non emergent w major surgery,both,,,,gross,6993.21,,,12/31/2025,52-1532556_AdventistHealthCareShadyGroveMedicalCenter_StandardCharges.csv
"Adventist HealthCare, Inc. d.b.a. Adventist HealthCare Shady Grove Medical Center",52-1532556,720,RC,C/S Non emergent w major surgery,both,,,,discounted_cash,6853.35,,,12/31/2025,52-1532556_AdventistHealthCareShadyGroveMedicalCenter_StandardCharges.csv
"Adventist HealthCare, Inc. d.b.a. Adventist HealthCare Shady Grove Medical Center",52-1532556,720,RC,C/S Non emergent w major surgery,both,,,,min,6643.55,,,12/31/2025,52-1532556_AdventistHealthCareShadyGroveMedicalCenter_StandardCharges.csv
"Adventist HealthCare, Inc. d.b.a. Adventist HealthCare Shady Grove Medical Center",52-1532556,720,RC,C/S Non emergent w major surgery,both,,,,max,699.32,,,12/31/2025,52-1532556_AdventistHealthCareShadyGroveMedicalCenter_StandardCharges.csv
"Adventist HealthCare, Inc. d.b.a. Adventist HealthCare Shady Grove Medical Center",52-1532556,720,RC,C/S Non emergent w major surgery,both,,All Payers,All Plans,negotiated,6993.21,,other,12/31/2025,52-1532556_AdventistHealthCareShadyGroveMedicalCenter_StandardCharges.csv
"Adventist HealthCare, Inc. d.b.a. Adventist HealthCare Shady Grove Medical Center",52-1532556,720,RC,C/S Non-emergent w minor surgery,both,,,,gross,4511.75,,,12/31/2025,52-1532556_AdventistHealthCareShadyGroveMedicalCenter_StandardCharges.csv
"Adventist HealthCare, Inc. d.b.a. Adventist HealthCare Shady Grove Medical Center",52-1532556,720,RC,C/S Non-emergent w minor surgery,both,,,,discounted_cash,4421.51,,,12/31/2025,52-1532556_AdventistHealthCareShadyGroveMedicalCenter_StandardCharges.csv
"Adventist HealthCare, Inc. d.b.a. Adventist HealthCare Shady Grove Medical Center",52-1532556,720,RC,C/S Non-emergent w minor surgery,both,,,,min,4286.16,,,12/31/2025,52-1532556_AdventistHealthCareShadyGroveMedicalCenter_StandardCharges.csv
"Adventist HealthCare, Inc. d.b.a. Adventist HealthCare Shady Grove Medical Center",52-1532556,720,RC,C/S Non-emergent w minor surgery,both,,,,max,451.17,,,12/31/2025,52-1532556_AdventistHealthCareShadyGroveMedicalCenter_StandardCharges.csv
"Adventist HealthCare, Inc. d.b.a. Adventist HealthCare Shady Grove Medical Center",52-1532556,720,RC,C/S Non-emergent w minor surgery,both,,All Payers,All Plans,negotiated,4511.75,,other,12/31/2025,52-1532556_AdventistHealthCareShadyGroveMedicalCenter_StandardCharges.csv
"Adventist HealthCare, Inc. d.b.a. Adventist HealthCare Shady Grove Medical Center",52-1532556,720,RC,Cervical Cerclage (Insertion),both,,,,gross,2255.87,,,12/31/2025,52-1532556_AdventistHealthCareShadyGroveMedicalCenter_StandardCharges.csv
"Adventist HealthCare, Inc. d.b.a. Adventist HealthCare Shady Grove Medical Center",52-1532556,720,RC,Cervical Cerclage (Insertion),both,,,,discounted_cash,2210.76,,,12/31/2025,52-1532556_AdventistHealthCareShadyGroveMedicalCenter_StandardCharges.csv
"Adventist HealthCare, Inc. d.b.a. Adventist HealthCare Shady Grove Medical Center",52-1532556,720,RC,Cervical Cerclage (Insertion),both,,,,min,2143.08,,,12/31/2025,52-1532556_AdventistHealthCareShadyGroveMedicalCenter_StandardCharges.csv
"Adventist HealthCare, Inc. d.b.a. Adventist HealthCare Shady Grove Medical Center",52-1532556,720,RC,Cervical Cerclage (Insertion),both,,,,max,225.59,,,12/31/2025,52-1532556_AdventistHealthCareShadyGroveMedicalCenter_StandardCharges.csv
"Adventist HealthCare, Inc. d.b.a. Adventist HealthCare Shady Grove Medical Center",52-1532556,720,RC,Cervical Cerclage (Insertion),both,,All Payers,All Plans,negotiated,2255.87,,other,12/31/2025,52-1532556_AdventistHealthCareShadyGroveMedicalCenter_StandardCharges.csv
"Adventist HealthCare, Inc. d.b.a. Adventist HealthCare Shady Grove Medical Center",52-1532556,720,RC,Cervical Cerclage (Removal),both,,,,gross,2255.87,,,12/31/2025,52-1532556_AdventistHealthCareShadyGroveMedicalCenter_StandardCharges.csv
"Adventist HealthCare, Inc. d.b.a. Adventist HealthCare Shady Grove Medical Center",52-1532556,720,RC,Cervical Cerclage (Removal),both,,,,discounted_cash,2210.76,,,12/31/2025,52-1532556_AdventistHealthCareShadyGroveMedicalCenter_StandardCharges.csv
"Adventist HealthCare, Inc. d.b.a. Adventist HealthCare Shady Grove Medical Center",52-1532556,720,RC,Cervical Cerclage (Removal),both,,,,min,2143.08,,,12/31/2025,52-1532556_AdventistHealthCareShadyGroveMedicalCenter_StandardCharges.csv
"Adventist HealthCare, Inc. d.b.a. Adventist HealthCare Shady Grove Medical Center",52-1532556,720,RC,Cervical Cerclage (Removal),both,,,,max,225.59,,,12/31/2025,52-1532556_AdventistHealthCareShadyGroveMedicalCenter_StandardCharges.csv
"Adventist HealthCare, Inc. d.b.a. Adventist HealthCare Shady Grove Medical Center",52-1532556,720,RC,Cervical Cerclage (Removal),both,,All Payers,All Plans,negotiated,2255.87,,other,12/31/2025,52-1532556_AdventistHealthCareShadyGroveMedicalCenter_StandardCharges.csv
"Adventist HealthCare, Inc. d.b.a. Adventist HealthCare Shady Grove Medical Center",52-1532556,723,RC,Circumcision Charge Capture -> Circumcision Completed,both,,,,gross,676.76,,,12/31/2025,52-1532556_AdventistHealthCareShadyGroveMedicalCenter_StandardCharges.csv
"Adventist HealthCare, Inc. d.b.a. Adventist HealthCare Shady Grove Medical Center",52-1532556,723,RC,Circumcision Charge Capture -> Circumcision Completed,both,,,,discounted_cash,663.23,,,12/31/2025,52-1532556_AdventistHealthCareShadyGroveMedicalCenter_StandardCharges.csv
"Adventist HealthCare, Inc. d.b.a. Adventist HealthCare Shady Grove Medical Center",52-1532556,723,RC,Circumcision Charge Capture -> Circumcision Completed,both,,,,min,642.92,,,12/31/2025,52-1532556_AdventistHealthCareShadyGroveMedicalCenter_StandardCharges.csv
"Adventist HealthCare, Inc. d.b.a. Adventist HealthCare Shady Grove Medical Center",52-1532556,723,RC,Circumcision Charge Capture -> Circumcision Completed,both,,,,max,67.68,,,12/31/2025,52-1532556_AdventistHealthCareShadyGroveMedicalCenter_StandardCharges.csv
"Adventist HealthCare, Inc. d.b.a. Adventist HealthCare Shady Grove Medical Center",52-1532556,723,RC,Circumcision Charge Capture -> Circumcision Completed,both,,All Payers,All Plans,negotiated,676.76,,other,12/31/2025,52-1532556_AdventistHealthCareShadyGroveMedicalCenter_StandardCharges.csv
"Adventist HealthCare, Inc. d.b.a. Adventist HealthCare Shady Grove Medical Center",52-1532556,723,RC,Circumcision Procedure Newborn (CHG),both,,,,gross,676.76,,,12/31/2025,52-1532556_AdventistHealthCareShadyGroveMedicalCenter_StandardCharges.csv
"Adventist HealthCare, Inc. d.b.a. Adventist HealthCare Shady Grove Medical Center",52-1532556,723,RC,Circumcision Procedure Newborn (CHG),both,,,,discounted_cash,663.23,,,12/31/2025,52-1532556_AdventistHealthCareShadyGroveMedicalCenter_StandardCharges.csv
"Adventist HealthCare, Inc. d.b.a. Adventist HealthCare Shady Grove Medical Center",52-1532556,723,RC,Circumcision Procedure Newborn (CHG),both,,,,min,642.92,,,12/31/2025,52-1532556_AdventistHealthCareShadyGroveMedicalCenter_StandardCharges.csv
"Adventist HealthCare, Inc. d.b.a. Adventist HealthCare Shady Grove Medical Center",52-1532556,723,RC,Circumcision Procedure Newborn (CHG),both,,,,max,67.68,,,12/31/2025,52-1532556_AdventistHealthCareShadyGroveMedicalCenter_StandardCharges.csv
"Adventist HealthCare, Inc. d.b.a. Adventist HealthCare Shady Grove Medical Center",52-1532556,723,RC,Circumcision Procedure Newborn (CHG),both,,All Payers,All Plans,negotiated,676.76,,other,12/31/2025,52-1532556_AdventistHealthCareShadyGroveMedicalCenter_StandardCharges.csv
"Adventist HealthCare, Inc. d.b.a. Adventist HealthCare Shady Grove Medical Center",52-1532556,720,RC,Delivery Outside Department,both,,,,gross,2707.05,,,12/31/2025,52-1532556_AdventistHealthCareShadyGroveMedicalCenter_StandardCharges.csv
"Adventist HealthCare, Inc. d.b.a. Adventist HealthCare Shady Grove Medical Center",52-1532556,720,RC,Delivery Outside Department,both,,,,discounted_cash,2652.91,,,12/31/2025,52-1532556_AdventistHealthCareShadyGroveMedicalCenter_StandardCharges.csv
"Adventist HealthCare, Inc. d.b.a. Adventist HealthCare Shady Grove Medical Center",52-1532556,720,RC,Delivery Outside Department,both,,,,min,2571.7,,,12/31/2025,52-1532556_AdventistHealthCareShadyGroveMedicalCenter_StandardCharges.csv
"Adventist HealthCare, Inc. d.b.a. Adventist HealthCare Shady Grove Medical Center",52-1532556,720,RC,Delivery Outside Department,both,,,,max,270.7,,,12/31/2025,52-1532556_AdventistHealthCareShadyGroveMedicalCenter_StandardCharges.csv
"Adventist HealthCare, Inc. d.b.a. Adventist HealthCare Shady Grove Medical Center",52-1532556,720,RC,Delivery Outside Department,both,,All Payers,All Plans,negotiated,2707.05,,other,12/31/2025,52-1532556_AdventistHealthCareShadyGroveMedicalCenter_StandardCharges.csv
"Adventist HealthCare, Inc. d.b.a. Adventist HealthCare Shady Grove Medical Center",52-1532556,720,RC,"Delivery Type: -> $Vaginal w/Epidural, forceps and/or vacuum",both,,,,gross,7218.8,,,12/31/2025,52-1532556_AdventistHealthCareShadyGroveMedicalCenter_StandardCharges.csv
"Adventist HealthCare, Inc. d.b.a. Adventist HealthCare Shady Grove Medical Center",52-1532556,720,RC,"Delivery Type: -> $Vaginal w/Epidural, forceps and/or vacuum",both,,,,discounted_cash,7074.42,,,12/31/2025,52-1532556_AdventistHealthCareShadyGroveMedicalCenter_StandardCharges.csv
"Adventist HealthCare, Inc. d.b.a. Adventist HealthCare Shady Grove Medical Center",52-1532556,720,RC,"Delivery Type: -> $Vaginal w/Epidural, forceps and/or vacuum",both,,,,min,6857.86,,,12/31/2025,52-1532556_AdventistHealthCareShadyGroveMedicalCenter_StandardCharges.csv
"Adventist HealthCare, Inc. d.b.a. Adventist HealthCare Shady Grove Medical Center",52-1532556,720,RC,"Delivery Type: -> $Vaginal w/Epidural, forceps and/or vacuum",both,,,,max,721.88,,,12/31/2025,52-1532556_AdventistHealthCareShadyGroveMedicalCenter_StandardCharges.csv
"Adventist HealthCare, Inc. d.b.a. Adventist HealthCare Shady Grove Medical Center",52-1532556,720,RC,"Delivery Type: -> $Vaginal w/Epidural, forceps and/or vacuum",both,,All Payers,All Plans,negotiated,7218.8,,other,12/31/2025,52-1532556_AdventistHealthCareShadyGroveMedicalCenter_StandardCharges.csv
"Adventist HealthCare, Inc. d.b.a. Adventist HealthCare Shady Grove Medical Center",52-1532556,720,RC,Delivery Type: -> $Vaginal w/ Epidural,both,,,,gross,6767.62,,,12/31/2025,52-1532556_AdventistHealthCareShadyGroveMedicalCenter_StandardCharges.csv
"Adventist HealthCare, Inc. d.b.a. Adventist HealthCare Shady Grove Medical Center",52-1532556,720,RC,Delivery Type: -> $Vaginal w/ Epidural,both,,,,discounted_cash,6632.27,,,12/31/2025,52-1532556_AdventistHealthCareShadyGroveMedicalCenter_StandardCharges.csv
"Adventist HealthCare, Inc. d.b.a. Adventist HealthCare Shady Grove Medical Center",52-1532556,720,RC,Delivery Type: -> $Vaginal w/ Epidural,both,,,,min,6429.24,,,12/31/2025,52-1532556_AdventistHealthCareShadyGroveMedicalCenter_StandardCharges.csv
"Adventist HealthCare, Inc. d.b.a. Adventist HealthCare Shady Grove Medical Center",52-1532556,720,RC,Delivery Type: -> $Vaginal w/ Epidural,both,,,,max,676.76,,,12/31/2025,52-1532556_AdventistHealthCareShadyGroveMedicalCenter_StandardCharges.csv
"Adventist HealthCare, Inc. d.b.a. Adventist HealthCare Shady Grove Medical Center",52-1532556,720,RC,Delivery Type: -> $Vaginal w/ Epidural,both,,All Payers,All Plans,negotiated,6767.62,,other,12/31/2025,52-1532556_AdventistHealthCareShadyGroveMedicalCenter_StandardCharges.csv
"Adventist HealthCare, Inc. d.b.a. Adventist HealthCare Shady Grove Medical Center",52-1532556,720,RC,Delivery Type: -> $Vaginal forceps and/or vacuum,both,,,,gross,5865.27,,,12/31/2025,52-1532556_AdventistHealthCareShadyGroveMedicalCenter_StandardCharges.csv
"Adventist HealthCare, Inc. d.b.a. Adventist HealthCare Shady Grove Medical Center",52-1532556,720,RC,Delivery Type: -> $Vaginal forceps and/or vacuum,both,,,,discounted_cash,5747.97,,,12/31/2025,52-1532556_AdventistHealthCareShadyGroveMedicalCenter_StandardCharges.csv
"Adventist HealthCare, Inc. d.b.a. Adventist HealthCare Shady Grove Medical Center",52-1532556,720,RC,Delivery Type: -> $Vaginal forceps and/or vacuum,both,,,,min,5572.01,,,12/31/2025,52-1532556_AdventistHealthCareShadyGroveMedicalCenter_StandardCharges.csv
"Adventist HealthCare, Inc. d.b.a. Adventist HealthCare Shady Grove Medical Center",52-1532556,720,RC,Delivery Type: -> $Vaginal forceps and/or vacuum,both,,,,max,586.53,,,12/31/2025,52-1532556_AdventistHealthCareShadyGroveMedicalCenter_StandardCharges.csv
"Adventist HealthCare, Inc. d.b.a. Adventist HealthCare Shady Grove Medical Center",52-1532556,720,RC,Delivery Type: -> $Vaginal forceps and/or vacuum,both,,All Payers,All Plans,negotiated,5865.27,,other,12/31/2025,52-1532556_AdventistHealthCareShadyGroveMedicalCenter_StandardCharges.csv
"Adventist HealthCare, Inc. d.b.a. Adventist HealthCare Shady Grove Medical Center",52-1532556,720,RC,Delivery Type: -> $Vaginal,both,,,,gross,5414.1,,,12/31/2025,52-1532556_AdventistHealthCareShadyGroveMedicalCenter_StandardCharges.csv
"Adventist HealthCare, Inc. d.b.a. Adventist HealthCare Shady Grove Medical Center",52-1532556,720,RC,Delivery Type: -> $Vaginal,both,,,,discounted_cash,5305.82,,,12/31/2025,52-1532556_AdventistHealthCareShadyGroveMedicalCenter_StandardCharges.csv
"Adventist HealthCare, Inc. d.b.a. Adventist HealthCare Shady Grove Medical Center",52-1532556,720,RC,Delivery Type: -> $Vaginal,both,,,,min,5143.39,,,12/31/2025,52-1532556_AdventistHealthCareShadyGroveMedicalCenter_StandardCharges.csv
"Adventist HealthCare, Inc. d.b.a. Adventist HealthCare Shady Grove Medical Center",52-1532556,720,RC,Delivery Type: -> $Vaginal,both,,,,max,541.41,,,12/31/2025,52-1532556_AdventistHealthCareShadyGroveMedicalCenter_StandardCharges.csv
"Adventist HealthCare, Inc. d.b.a. Adventist HealthCare Shady Grove Medical Center",52-1532556,720,RC,Delivery Type: -> $Vaginal,both,,All Payers,All Plans,negotiated,5414.1,,other,12/31/2025,52-1532556_AdventistHealthCareShadyGroveMedicalCenter_StandardCharges.csv
"Adventist HealthCare, Inc. d.b.a. Adventist HealthCare Shady Grove Medical Center",52-1532556,402,RC,Doppler Flow Evaluation Umbilical Artery,both,,,,gross,225.59,,,12/31/2025,52-1532556_AdventistHealthCareShadyGroveMedicalCenter_StandardCharges.csv
"Adventist HealthCare, Inc. d.b.a. Adventist HealthCare Shady Grove Medical Center",52-1532556,402,RC,Doppler Flow Evaluation Umbilical Artery,both,,,,discounted_cash,221.08,,,12/31/2025,52-1532556_AdventistHealthCareShadyGroveMedicalCenter_StandardCharges.csv
"Adventist HealthCare, Inc. d.b.a. Adventist HealthCare Shady Grove Medical Center",52-1532556,402,RC,Doppler Flow Evaluation Umbilical Artery,both,,,,min,214.31,,,12/31/2025,52-1532556_AdventistHealthCareShadyGroveMedicalCenter_StandardCharges.csv
"Adventist HealthCare, Inc. d.b.a. Adventist HealthCare Shady Grove Medical Center",52-1532556,402,RC,Doppler Flow Evaluation Umbilical Artery,both,,,,max,22.56,,,12/31/2025,52-1532556_AdventistHealthCareShadyGroveMedicalCenter_StandardCharges.csv
"Adventist HealthCare, Inc. d.b.a. Adventist HealthCare Shady Grove Medical Center",52-1532556,402,RC,Doppler Flow Evaluation Umbilical Artery,both,,All Payers,All Plans,negotiated,225.59,,other,12/31/2025,52-1532556_AdventistHealthCareShadyGroveMedicalCenter_StandardCharges.csv
"Adventist HealthCare, Inc. d.b.a. Adventist HealthCare Shady Grove Medical Center",52-1532556,720,RC,Double Set-Up Add,both,,,,gross,451.17,,,12/31/2025,52-1532556_AdventistHealthCareShadyGroveMedicalCenter_StandardCharges.csv
"Adventist HealthCare, Inc. d.b.a. Adventist HealthCare Shady Grove Medical Center",52-1532556,720,RC,Double Set-Up Add,both,,,,discounted_cash,442.15,,,12/31/2025,52-1532556_AdventistHealthCareShadyGroveMedicalCenter_StandardCharges.csv
"Adventist HealthCare, Inc. d.b.a. Adventist HealthCare Shady Grove Medical Center",52-1532556,720,RC,Double Set-Up Add,both,,,,min,428.62,,,12/31/2025,52-1532556_AdventistHealthCareShadyGroveMedicalCenter_StandardCharges.csv
"Adventist HealthCare, Inc. d.b.a. Adventist HealthCare Shady Grove Medical Center",52-1532556,720,RC,Double Set-Up Add,both,,,,max,45.12,,,12/31/2025,52-1532556_AdventistHealthCareShadyGroveMedicalCenter_StandardCharges.csv
"Adventist HealthCare, Inc. d.b.a. Adventist HealthCare Shady Grove Medical Center",52-1532556,720,RC,Double Set-Up Add,both,,All Payers,All Plans,negotiated,451.17,,other,12/31/2025,52-1532556_AdventistHealthCareShadyGroveMedicalCenter_StandardCharges.csv
"Adventist HealthCare, Inc. d.b.a. Adventist HealthCare Shady Grove Medical Center",52-1532556,720,RC,Double Setup Charge: -> Yes,both,,,,gross,451.17,,,12/31/2025,52-1532556_AdventistHealthCareShadyGroveMedicalCenter_StandardCharges.csv
"Adventist HealthCare, Inc. d.b.a. Adventist HealthCare Shady Grove Medical Center",52-1532556,720,RC,Double Setup Charge: -> Yes,both,,,,discounted_cash,442.15,,,12/31/2025,52-1532556_AdventistHealthCareShadyGroveMedicalCenter_StandardCharges.csv
"Adventist HealthCare, Inc. d.b.a. Adventist HealthCare Shady Grove Medical Center",52-1532556,720,RC,Double Setup Charge: -> Yes,both,,,,min,428.62,,,12/31/2025,52-1532556_AdventistHealthCareShadyGroveMedicalCenter_StandardCharges.csv
"Adventist HealthCare, Inc. d.b.a. Adventist HealthCare Shady Grove Medical Center",52-1532556,720,RC,Double Setup Charge: -> Yes,both,,,,max,45.12,,,12/31/2025,52-1532556_AdventistHealthCareShadyGroveMedicalCenter_StandardCharges.csv
"Adventist HealthCare, Inc. d.b.a. Adventist HealthCare Shady Grove Medical Center",52-1532556,720,RC,Double Setup Charge: -> Yes,both,,All Payers,All Plans,negotiated,451.17,,other,12/31/2025,52-1532556_AdventistHealthCareShadyGroveMedicalCenter_StandardCharges.csv
"Adventist HealthCare, Inc. d.b.a. Adventist HealthCare Shady Grove Medical Center",52-1532556,720,RC,Epidural Used - Demise: -> Yes,both,,,,gross,8121.15,,,12/31/2025,52-1532556_AdventistHealthCareShadyGroveMedicalCenter_StandardCharges.csv
"Adventist HealthCare, Inc. d.b.a. Adventist HealthCare Shady Grove Medical Center",52-1532556,720,RC,Epidural Used - Demise: -> Yes,both,,,,discounted_cash,7958.73,,,12/31/2025,52-1532556_AdventistHealthCareShadyGroveMedicalCenter_StandardCharges.csv
"Adventist HealthCare, Inc. d.b.a. Adventist HealthCare Shady Grove Medical Center",52-1532556,720,RC,Epidural Used - Demise: -> Yes,both,,,,min,7715.09,,,12/31/2025,52-1532556_AdventistHealthCareShadyGroveMedicalCenter_StandardCharges.csv
"Adventist HealthCare, Inc. d.b.a. Adventist HealthCare Shady Grove Medical Center",52-1532556,720,RC,Epidural Used - Demise: -> Yes,both,,,,max,812.11,,,12/31/2025,52-1532556_AdventistHealthCareShadyGroveMedicalCenter_StandardCharges.csv
"Adventist HealthCare, Inc. d.b.a. Adventist HealthCare Shady Grove Medical Center",52-1532556,720,RC,Epidural Used - Demise: -> Yes,both,,All Payers,All Plans,negotiated,8121.15,,other,12/31/2025,52-1532556_AdventistHealthCareShadyGroveMedicalCenter_StandardCharges.csv
"Adventist HealthCare, Inc. d.b.a. Adventist HealthCare Shady Grove Medical Center",52-1532556,720,RC,Epidural Used - Demise: -> No,both,,,,gross,6767.62,,,12/31/2025,52-1532556_AdventistHealthCareShadyGroveMedicalCenter_StandardCharges.csv
"Adventist HealthCare, Inc. d.b.a. Adventist HealthCare Shady Grove Medical Center",52-1532556,720,RC,Epidural Used - Demise: -> No,both,,,,discounted_cash,6632.27,,,12/31/2025,52-1532556_AdventistHealthCareShadyGroveMedicalCenter_StandardCharges.csv
"Adventist HealthCare, Inc. d.b.a. Adventist HealthCare Shady Grove Medical Center",52-1532556,720,RC,Epidural Used - Demise: -> No,both,,,,min,6429.24,,,12/31/2025,52-1532556_AdventistHealthCareShadyGroveMedicalCenter_StandardCharges.csv
"Adventist HealthCare, Inc. d.b.a. Adventist HealthCare Shady Grove Medical Center",52-1532556,720,RC,Epidural Used - Demise: -> No,both,,,,max,676.76,,,12/31/2025,52-1532556_AdventistHealthCareShadyGroveMedicalCenter_StandardCharges.csv
"Adventist HealthCare, Inc. d.b.a. Adventist HealthCare Shady Grove Medical Center",52-1532556,720,RC,Epidural Used - Demise: -> No,both,,All Payers,All Plans,negotiated,6767.62,,other,12/31/2025,52-1532556_AdventistHealthCareShadyGroveMedicalCenter_StandardCharges.csv
"Adventist HealthCare, Inc. d.b.a. Adventist HealthCare Shady Grove Medical Center",52-1532556,720,RC,External Version,both,,,,gross,2255.87,,,12/31/2025,52-1532556_AdventistHealthCareShadyGroveMedicalCenter_StandardCharges.csv
"Adventist HealthCare, Inc. d.b.a. Adventist HealthCare Shady Grove Medical Center",52-1532556,720,RC,External Version,both,,,,discounted_cash,2210.76,,,12/31/2025,52-1532556_AdventistHealthCareShadyGroveMedicalCenter_StandardCharges.csv
"Adventist HealthCare, Inc. d.b.a. Adventist HealthCare Shady Grove Medical Center",52-1532556,720,RC,External Version,both,,,,min,2143.08,,,12/31/2025,52-1532556_AdventistHealthCareShadyGroveMedicalCenter_StandardCharges.csv
"Adventist HealthCare, Inc. d.b.a. Adventist HealthCare Shady Grove Medical Center",52-1532556,720,RC,External Version,both,,,,max,225.59,,,12/31/2025,52-1532556_AdventistHealthCareShadyGroveMedicalCenter_StandardCharges.csv
"Adventist HealthCare, Inc. d.b.a. Adventist HealthCare Shady Grove Medical Center",52-1532556,720,RC,External Version,both,,All Payers,All Plans,negotiated,2255.87,,other,12/31/2025,52-1532556_AdventistHealthCareShadyGroveMedicalCenter_StandardCharges.csv
"Adventist HealthCare, Inc. d.b.a. Adventist HealthCare Shady Grove Medical Center",52-1532556,720,RC,"Fetal Demise/Term 2nd,3rd trimester",both,,,,gross,6767.62,,,12/31/2025,52-1532556_AdventistHealthCareShadyGroveMedicalCenter_StandardCharges.csv
"Adventist HealthCare, Inc. d.b.a. Adventist HealthCare Shady Grove Medical Center",52-1532556,720,RC,"Fetal Demise/Term 2nd,3rd trimester",both,,,,discounted_cash,6632.27,,,12/31/2025,52-1532556_AdventistHealthCareShadyGroveMedicalCenter_StandardCharges.csv
"Adventist HealthCare, Inc. d.b.a. Adventist HealthCare Shady Grove Medical Center",52-1532556,720,RC,"Fetal Demise/Term 2nd,3rd trimester",both,,,,min,6429.24,,,12/31/2025,52-1532556_AdventistHealthCareShadyGroveMedicalCenter_StandardCharges.csv
"Adventist HealthCare, Inc. d.b.a. Adventist HealthCare Shady Grove Medical Center",52-1532556,720,RC,"Fetal Demise/Term 2nd,3rd trimester",both,,,,max,676.76,,,12/31/2025,52-1532556_AdventistHealthCareShadyGroveMedicalCenter_StandardCharges.csv
